0,-0.061857,-0.52857,-0.12153
0.005,-0.10059,-1.005,-0.26242
0.01,-0.1247,-1.4356,-0.41155
0.015,-0.13663,-1.8593,-0.56245
0.02,-0.13196,-2.2947,-0.69133
0.025,-0.12609,-2.7433,-0.81279
0.03,-0.13069,-3.2001,-0.93743
0.035,-0.15208,-3.6627,-1.0726
0.04,-0.25991,-3.9642,-1.2138
0.045,-0.36016,-4.2745,-1.3262
0.05,-0.45068,-4.5883,-1.4188
0.055,-0.5381,-4.9025,-1.4759
0.06,-0.62557,-5.2288,-1.5096
0.065,-0.7099,-5.5632,-1.5346
0.07,-0.79321,-5.8942,-1.5569
0.075,-0.87212,-6.2256,-1.5959
0.08,-0.89737,-6.5563,-1.6477
0.085,-0.92009,-6.8982,-1.6872
0.09,-0.94113,-7.2432,-1.7255
0.095,-0.9615,-7.5877,-1.7731
0.1,-0.98282,-7.9304,-1.833
0.105,-1.0024,-8.2739,-1.9069
0.11,-1.0124,-8.6116,-1.9861
0.115,-1.0163,-8.9394,-2.0592
0.12,-0.99602,-9.2783,-2.143
0.125,-0.98129,-9.6146,-2.2483
0.13,-0.97587,-9.9489,-2.3638
0.135,-0.97449,-10.287,-2.4897
0.14,-0.97587,-10.625,-2.611
0.145,-0.97839,-10.947,-2.7141
0.15,-0.9836,-11.247,-2.7983
0.155,-0.99487,-11.536,-2.8563
0.16,-1.0294,-11.663,-2.9444
0.165,-1.0625,-11.776,-3.0309
0.17,-1.0968,-11.884,-3.1133
0.175,-1.1253,-11.98,-3.1948
0.18,-1.1534,-12.06,-3.2733
0.185,-1.1801,-12.127,-3.3468
0.19,-1.1995,-12.18,-3.4259
0.195,-1.2172,-12.217,-3.5034
0.2,-1.2275,-12.148,-3.5573
0.205,-1.2385,-12.078,-3.5978
0.21,-1.2524,-12.006,-3.6297
0.215,-1.2637,-11.921,-3.6498
0.22,-1.2746,-11.829,-3.6482
0.225,-1.2831,-11.737,-3.6364
0.23,-1.2914,-11.653,-3.6099
0.235,-1.3014,-11.572,-3.5753
0.24,-1.3296,-11.526,-3.5721
0.245,-1.358,-11.479,-3.5713
0.25,-1.3898,-11.428,-3.574
0.255,-1.4225,-11.374,-3.5796
0.26,-1.4559,-11.316,-3.587
0.265,-1.4894,-11.255,-3.5894
0.27,-1.5199,-11.192,-3.5858
0.275,-1.5477,-11.127,-3.5814
0.28,-1.5674,-11.076,-3.5506
0.285,-1.5867,-11.019,-3.522
0.29,-1.6038,-10.959,-3.4932
0.295,-1.6212,-10.899,-3.4603
0.3,-1.6401,-10.84,-3.4306
0.305,-1.6596,-10.783,-3.3987
0.31,-1.68,-10.727,-3.3652
0.315,-1.6993,-10.67,-3.3284
0.32,-1.7132,-10.594,-3.3041
0.325,-1.7283,-10.51,-3.2871
0.33,-1.7438,-10.418,-3.2768
0.335,-1.7608,-10.324,-3.2684
0.34,-1.7667,-10.226,-3.2668
0.345,-1.7829,-10.125,-3.2695
0.35,-1.7971,-10.02,-3.2751
0.355,-1.8068,-9.9147,-3.2783
0.36,-1.8055,-9.7347,-3.2331
0.365,-1.8024,-9.546,-3.1895
0.37,-1.7981,-9.3542,-3.148
0.375,-1.793,-9.1569,-3.1076
0.38,-1.7899,-8.955,-3.0654
0.385,-1.7874,-8.7469,-3.0213
0.39,-1.7868,-8.5366,-2.9778
0.395,-1.7854,-8.3223,-2.9302
0.4,-1.8055,-8.0698,-2.8186
0.405,-1.825,-7.8044,-2.7072
0.41,-1.8462,-7.5214,-2.5916
0.415,-1.864,-7.2223,-2.4783
0.42,-1.8805,-6.9144,-2.3635
0.425,-1.8902,-6.6006,-2.2527
0.43,-1.899,-6.276,-2.1499
0.435,-1.9067,-5.9468,-2.0591
0.44,-1.9158,-5.506,-2.0639
0.445,-1.9235,-5.0515,-2.0679
0.45,-1.923,-4.5917,-2.0649
0.455,-1.9176,-4.1181,-2.0468
0.46,-1.9053,-3.6325,-2.0177
0.465,-1.8911,-3.1389,-1.9819
0.47,-1.8733,-2.643,-1.9407
0.475,-1.8427,-2.1389,-1.8854
0.48,-1.816,-1.6323,-1.8313
0.485,-1.7934,-1.1244,-1.7764
0.49,-1.7686,-0.61422,-1.7187
0.495,-1.7518,-0.096618,-1.6555
0.5,-1.7433,0.41787,-1.5912
0.505,-1.7622,0.91056,-1.5325
0.51,-1.7893,1.3524,-1.4742
0.515,-1.8362,1.8122,-1.4317
0.52,-1.8766,2.2828,-1.2506
0.525,-1.9154,2.7573,-1.0718
0.53,-1.9485,3.2326,-0.89128
0.535,-1.9776,3.7122,-0.70896
0.54,-2.0021,4.2013,-0.52735
0.545,-2.0238,4.6996,-0.34875
0.55,-2.0416,5.2085,-0.18411
0.555,-2.0565,5.7242,-0.041026
0.56,-2.1148,6.2389,-0.00085519
0.565,-2.174,6.7553,0.039004
0.57,-2.2341,7.2592,0.082687
0.575,-2.2935,7.7579,0.13913
0.58,-2.3496,8.2522,0.20803
0.585,-2.397,8.767,0.28578
0.59,-2.4339,9.2922,0.37223
0.595,-2.4567,9.8263,0.4677
0.6,-2.334,10.41,0.6819
0.605,-2.2092,10.999,0.89175
0.61,-2.0847,11.586,1.0977
0.615,-1.9645,12.17,1.2949
0.62,-1.851,12.747,1.4772
0.625,-1.7542,13.317,1.6228
0.63,-1.6811,13.873,1.7333
0.635,-1.6292,14.413,1.817
0.64,-1.6211,14.897,1.9508
0.645,-1.5973,15.378,2.1173
0.65,-1.555,15.86,2.313
0.655,-1.4905,16.349,2.5299
0.66,-1.4061,16.843,2.7643
0.665,-1.3039,17.347,3.01
0.67,-1.1895,17.861,3.2595
0.675,-1.0611,18.374,3.4979
0.68,-0.96423,18.887,3.6902
0.685,-0.88978,19.397,3.871
0.69,-0.83262,19.907,4.0306
0.695,-0.78346,20.42,4.1736
0.7,-0.75639,20.933,4.2887
0.705,-0.7514,21.44,4.3718
0.71,-0.76846,21.937,4.4236
0.715,-0.80031,22.427,4.4455
0.72,-0.82473,22.936,4.3371
0.725,-0.8421,23.451,4.2286
0.73,-0.85702,23.966,4.1165
0.735,-0.86923,24.481,4.0017
0.74,-0.87836,24.993,3.8859
0.745,-0.88899,25.504,3.7748
0.75,-0.89733,26.014,3.6724
0.755,-0.91092,26.517,3.5737
0.76,-0.91443,26.95,3.4521
0.765,-0.91499,27.368,3.323
0.77,-0.90899,27.771,3.1893
0.775,-0.89513,28.156,3.06
0.78,-0.87075,28.523,2.936
0.785,-0.8339,28.878,2.8218
0.79,-0.78275,29.229,2.7196
0.795,-0.72205,29.58,2.6235
0.8,-0.68429,29.85,2.5653
0.805,-0.66265,30.1,2.4996
0.81,-0.65434,30.329,2.4265
0.815,-0.65267,30.539,2.3649
0.82,-0.65783,30.736,2.3277
0.825,-0.66875,30.918,2.3111
0.83,-0.68596,31.092,2.3018
0.835,-0.70734,31.252,2.3041
0.84,-0.72744,31.297,2.3716
0.845,-0.74588,31.33,2.4268
0.85,-0.75979,31.354,2.4748
0.855,-0.76852,31.372,2.5124
0.86,-0.77286,31.377,2.5354
0.865,-0.77225,31.37,2.5433
0.87,-0.76934,31.352,2.536
0.875,-0.76391,31.321,2.5193
0.88,-0.76405,31.285,2.5321
0.885,-0.76415,31.251,2.5473
0.89,-0.76881,31.222,2.56
0.895,-0.77681,31.195,2.5753
0.9,-0.78944,31.172,2.5957
0.905,-0.80818,31.148,2.6218
0.91,-0.82666,31.124,2.6501
0.915,-0.84887,31.099,2.68
0.92,-0.87379,31.067,2.6785
0.925,-0.89939,31.031,2.6636
0.93,-0.92381,30.996,2.6348
0.935,-0.94845,30.961,2.5886
0.94,-0.9701,30.937,2.536
0.945,-0.98904,30.904,2.4755
0.95,-1.0046,30.873,2.4178
0.955,-1.017,30.847,2.3681
0.96,-1.0182,30.859,2.3806
0.965,-1.018,30.866,2.387
0.97,-1.0188,30.867,2.3878
0.975,-1.0204,30.862,2.3843
0.98,-1.0228,30.851,2.3776
0.985,-1.0265,30.834,2.3727
0.99,-1.0307,30.815,2.3694
0.995,-1.0364,30.796,2.3681
1,-1.0443,30.789,2.3788
1.005,-1.0529,30.777,2.3825
1.01,-1.0637,30.763,2.377
1.015,-1.077,30.747,2.3658
1.02,-1.0878,30.731,2.3534
1.025,-1.0984,30.716,2.3444
1.03,-1.1055,30.701,2.3406
1.035,-1.1136,30.685,2.3425
1.04,-1.1334,30.638,2.3051
1.045,-1.1533,30.589,2.2606
1.05,-1.1721,30.535,2.2181
1.055,-1.1871,30.475,2.1812
1.06,-1.2037,30.406,2.1453
1.065,-1.2225,30.328,2.0992
1.07,-1.2405,30.238,2.0513
1.075,-1.2628,30.138,2.0003
1.08,-1.2949,29.964,1.9977
1.085,-1.3174,29.782,2.0038
1.09,-1.3366,29.594,2.0129
1.095,-1.353,29.399,2.0242
1.1,-1.368,29.187,2.0346
1.105,-1.3808,28.98,2.0468
1.11,-1.3873,28.766,2.0666
1.115,-1.3892,28.545,2.0887
1.12,-1.3566,28.23,2.0734
1.125,-1.3312,27.903,2.0545
1.13,-1.3101,27.571,2.0343
1.135,-1.2955,27.229,2.0142
1.14,-1.2899,26.877,1.9912
1.145,-1.2903,26.52,1.9703
1.15,-1.2927,26.16,1.9553
1.155,-1.3009,25.791,1.9398
1.16,-1.2548,25.351,1.925
1.165,-1.2027,24.901,1.9117
1.17,-1.1356,24.446,1.9038
1.175,-1.0702,23.985,1.8914
1.18,-0.99612,23.519,1.8848
1.185,-0.91425,23.047,1.8881
1.19,-0.8284,22.573,1.8989
1.195,-0.74407,22.096,1.9196
1.2,-0.68404,21.614,1.9988
1.205,-0.63262,21.121,2.06
1.21,-0.58225,20.613,2.1087
1.215,-0.52638,20.095,2.1502
1.22,-0.464,19.568,2.1911
1.225,-0.39786,19.039,2.2247
1.23,-0.33679,18.501,2.2565
1.235,-0.28838,17.96,2.2872
1.24,-0.28943,17.507,2.3983
1.245,-0.30317,17.058,2.4949
1.25,-0.33066,16.607,2.5674
1.255,-0.36924,16.153,2.6194
1.26,-0.41134,15.682,2.6421
1.265,-0.45788,15.198,2.6445
1.27,-0.50349,14.702,2.6473
1.275,-0.54101,14.201,2.6588
1.28,-0.49159,13.749,2.5648
1.285,-0.42897,13.287,2.4601
1.29,-0.3539,12.819,2.3629
1.295,-0.27134,12.345,2.279
1.3,-0.18789,11.862,2.2095
1.305,-0.10941,11.373,2.1503
1.31,-0.03631,10.885,2.099
1.315,0.036278,10.402,2.0767
1.32,0.079245,9.9201,2.0153
1.325,0.1091,9.4364,1.9281
1.33,0.14645,8.9469,1.8326
1.335,0.18467,8.4581,1.7326
1.34,0.223,7.9732,1.6242
1.345,0.26405,7.4903,1.5066
1.35,0.3027,6.9953,1.3842
1.355,0.34358,6.4932,1.264
1.36,0.40803,6.0389,1.22
1.365,0.47388,5.5956,1.157
1.37,0.53598,5.1624,1.0703
1.375,0.59181,4.7339,0.9626
1.38,0.64407,4.3168,0.84818
1.385,0.69711,3.9084,0.74415
1.39,0.75134,3.5118,0.65231
1.395,0.80207,3.1281,0.56531
1.4,0.82942,2.9192,0.39989
1.405,0.86607,2.7184,0.21821
1.41,0.91264,2.5191,0.027553
1.415,0.96382,2.3209,-0.17457
1.42,1.0214,2.125,-0.37955
1.425,1.087,1.9321,-0.57056
1.43,1.1595,1.7386,-0.74196
1.435,1.2362,1.5472,-0.88775
1.44,1.2771,1.4592,-1.023
1.445,1.3083,1.3827,-1.1531
1.45,1.3368,1.323,-1.2641
1.455,1.3581,1.2723,-1.3661
1.46,1.3804,1.2361,-1.4485
1.465,1.3927,1.2142,-1.5162
1.47,1.3925,1.2059,-1.5741
1.475,1.3842,1.2194,-1.6284
1.48,1.3504,1.2815,-1.6693
1.485,1.3177,1.3387,-1.7089
1.49,1.2851,1.3927,-1.7426
1.495,1.2544,1.4402,-1.7706
1.5,1.2224,1.483,-1.7983
1.505,1.1918,1.5248,-1.8187
1.51,1.16,1.5627,-1.8307
1.515,1.1266,1.5983,-1.8355
1.52,1.1059,1.6412,-1.7733
1.525,1.0835,1.6861,-1.7112
1.53,1.061,1.7328,-1.6495
1.535,1.0355,1.7836,-1.5873
1.54,1.0061,1.8405,-1.5242
1.545,0.97612,1.9016,-1.4558
1.55,0.9471,1.9672,-1.3849
1.555,0.91801,2.0404,-1.3148
1.56,0.86482,2.1506,-1.3087
1.565,0.81608,2.2517,-1.2963
1.57,0.77019,2.3497,-1.2781
1.575,0.72878,2.4483,-1.2537
1.58,0.69106,2.5443,-1.2258
1.585,0.65391,2.6332,-1.198
1.59,0.61451,2.7183,-1.1692
1.595,0.57169,2.8048,-1.1431
1.6,0.53894,2.8751,-1.1257
1.605,0.50958,2.9431,-1.1074
1.61,0.48542,3.0098,-1.0906
1.615,0.44997,3.0763,-1.0771
1.62,0.42568,3.1392,-1.0647
1.625,0.40195,3.2003,-1.0557
1.63,0.37661,3.2633,-1.0536
1.635,0.35448,3.3276,-1.0586
1.64,0.34691,3.3704,-1.0432
1.645,0.33692,3.4108,-1.022
1.65,0.3232,3.452,-0.99914
1.655,0.3051,3.4961,-0.97772
1.66,0.27764,3.5445,-0.95511
1.665,0.24462,3.5929,-0.92771
1.67,0.2064,3.644,-0.90036
1.675,0.16411,3.6978,-0.87435
1.68,0.13913,3.747,-0.88003
1.685,0.11248,3.7902,-0.88716
1.69,0.083983,3.8318,-0.89785
1.695,0.057605,3.8717,-0.908
1.7,0.031545,3.913,-0.91104
1.705,0.0081536,3.9624,-0.91427
1.71,-0.012832,4.0229,-0.91164
1.715,-0.028301,4.0918,-0.90517
1.72,-0.047952,4.154,-0.89475
1.725,-0.070013,4.2154,-0.88699
1.73,-0.095106,4.2714,-0.8838
1.735,-0.11958,4.3212,-0.88232
1.74,-0.14731,4.3685,-0.88239
1.745,-0.17847,4.4121,-0.88711
1.75,-0.20883,4.4498,-0.89295
1.755,-0.23116,4.4837,-0.88841
1.76,-0.25675,4.5108,-0.85698
1.765,-0.28258,4.5385,-0.8277
1.77,-0.30739,4.5659,-0.8054
1.775,-0.33539,4.5923,-0.79053
1.78,-0.36661,4.6198,-0.78176
1.785,-0.39652,4.6474,-0.77612
1.79,-0.41992,4.6739,-0.7611
1.795,-0.43666,4.7007,-0.73723
1.8,-0.43263,4.7175,-0.73217
1.805,-0.43039,4.733,-0.73263
1.81,-0.43121,4.7507,-0.73381
1.815,-0.43486,4.769,-0.73247
1.82,-0.43827,4.7883,-0.72248
1.825,-0.44363,4.8093,-0.70403
1.83,-0.45574,4.8335,-0.68212
1.835,-0.47722,4.8591,-0.65325
1.84,-0.51155,4.8877,-0.61368
1.845,-0.54315,4.9163,-0.57319
1.85,-0.57446,4.9437,-0.53378
1.855,-0.60634,4.9718,-0.4971
1.86,-0.63756,5.001,-0.46004
1.865,-0.6678,5.0293,-0.42343
1.87,-0.69879,5.059,-0.38887
1.875,-0.7307,5.0907,-0.35682
1.88,-0.77899,5.1493,-0.34167
1.885,-0.82839,5.2045,-0.3247
1.89,-0.88012,5.2602,-0.30708
1.895,-0.92967,5.3217,-0.28849
1.9,-0.98101,5.3909,-0.26618
1.905,-1.0411,5.4631,-0.24598
1.91,-1.1044,5.5394,-0.23274
1.915,-1.1646,5.6209,-0.21595
1.92,-1.2544,5.6667,-0.18216
1.925,-1.3501,5.7142,-0.1423
1.93,-1.4484,5.7647,-0.095963
1.935,-1.5475,5.8156,-0.042958
1.94,-1.648,5.8668,0.014979
1.945,-1.7511,5.9213,0.07561
1.95,-1.8521,5.9762,0.14192
1.955,-1.9535,6.0323,0.20555
1.96,-2.0381,6.0882,0.2249
1.965,-2.1229,6.1468,0.23428
1.97,-2.2103,6.2088,0.24123
1.975,-2.3016,6.2721,0.24559
1.98,-2.3937,6.3368,0.24935
1.985,-2.4848,6.4033,0.25226
1.99,-2.5799,6.4699,0.2562
1.995,-2.6756,6.5333,0.25855
2,-2.742,6.5843,0.24154
2.005,-2.8088,6.6334,0.21381
2.01,-2.8729,6.6818,0.18154
2.015,-2.93,6.7267,0.1517
2.02,-2.9779,6.7699,0.12633
2.025,-3.0181,6.8111,0.099253
2.03,-3.0513,6.8517,0.07239
2.035,-3.0848,6.8911,0.045988
2.04,-3.1119,6.9302,0.068732
2.045,-3.1414,6.9685,0.086732
2.05,-3.1754,7.0056,0.10147
2.055,-3.2147,7.0432,0.10958
2.06,-3.2552,7.0823,0.12008
2.065,-3.2939,7.1218,0.14082
2.07,-3.3313,7.1602,0.17188
2.075,-3.3683,7.1977,0.21466
2.08,-3.4336,7.2436,0.28971
2.085,-3.5109,7.2881,0.36854
2.09,-3.5947,7.331,0.44879
2.095,-3.6875,7.3744,0.53474
2.1,-3.7921,7.4205,0.61763
2.105,-3.9177,7.4718,0.68848
2.11,-4.0677,7.5284,0.73226
2.115,-4.2377,7.5894,0.74705
2.12,-4.5746,7.7072,0.65407
2.125,-4.9092,7.8261,0.57157
2.13,-5.2384,7.9504,0.49658
2.135,-5.563,8.0755,0.4268
2.14,-5.8797,8.2053,0.35759
2.145,-6.192,8.3411,0.28733
2.15,-6.4983,8.4834,0.23171
2.155,-6.7971,8.6319,0.19211
2.16,-7.0946,8.763,0.18577
2.165,-7.3935,8.8899,0.1748
2.17,-7.6981,9.009,0.16053
2.175,-8.0064,9.1217,0.13264
2.18,-8.3168,9.228,0.088299
2.185,-8.6278,9.3298,0.031612
2.19,-8.9403,9.4321,-0.046952
2.195,-9.255,9.5337,-0.14292
2.2,-9.5632,9.6726,-0.29651
2.205,-9.8618,9.8165,-0.44773
2.21,-10.156,9.9641,-0.59403
2.215,-10.449,10.116,-0.73855
2.22,-10.737,10.27,-0.88634
2.225,-11.022,10.429,-1.0365
2.23,-11.307,10.587,-1.1826
2.235,-11.588,10.747,-1.3056
2.24,-11.885,10.86,-1.3589
2.245,-12.179,10.966,-1.4195
2.25,-12.465,11.067,-1.483
2.255,-12.739,11.159,-1.5472
2.26,-12.998,11.245,-1.6162
2.265,-13.247,11.335,-1.697
2.27,-13.485,11.424,-1.7938
2.275,-13.718,11.515,-1.9049
2.28,-13.945,11.631,-2.0391
2.285,-14.174,11.752,-2.1623
2.29,-14.408,11.878,-2.2763
2.295,-14.644,12.001,-2.3782
2.3,-14.881,12.122,-2.4673
2.305,-15.116,12.24,-2.5517
2.31,-15.348,12.355,-2.6256
2.315,-15.57,12.463,-2.6811
2.32,-15.766,12.511,-2.7538
2.325,-15.948,12.557,-2.8287
2.33,-16.124,12.604,-2.9058
2.335,-16.295,12.653,-2.9819
2.34,-16.457,12.704,-3.0536
2.345,-16.618,12.769,-3.1225
2.35,-16.767,12.833,-3.197
2.355,-16.921,12.885,-3.2722
2.36,-17.099,12.929,-3.3342
2.365,-17.28,12.971,-3.3836
2.37,-17.462,13.012,-3.4238
2.375,-17.646,13.048,-3.4588
2.38,-17.834,13.081,-3.4898
2.385,-18.024,13.111,-3.5177
2.39,-18.211,13.14,-3.5382
2.395,-18.395,13.166,-3.5518
2.4,-18.585,13.221,-3.6303
2.405,-18.777,13.285,-3.7058
2.41,-18.972,13.35,-3.7813
2.415,-19.169,13.423,-3.8533
2.42,-19.365,13.503,-3.9161
2.425,-19.567,13.585,-3.98
2.43,-19.766,13.667,-4.0421
2.435,-19.97,13.744,-4.0977
2.44,-20.191,13.776,-4.1391
2.445,-20.405,13.814,-4.1813
2.45,-20.61,13.86,-4.2226
2.455,-20.806,13.914,-4.2686
2.46,-20.993,13.975,-4.3181
2.465,-21.173,14.042,-4.3727
2.47,-21.351,14.108,-4.4305
2.475,-21.532,14.172,-4.4954
2.48,-21.698,14.215,-4.529
2.485,-21.864,14.258,-4.554
2.49,-22.035,14.304,-4.5735
2.495,-22.209,14.351,-4.5926
2.5,-22.386,14.401,-4.6143
2.505,-22.557,14.453,-4.6346
2.51,-22.725,14.508,-4.6523
2.515,-22.888,14.563,-4.668
2.52,-22.991,14.594,-4.7093
2.525,-23.096,14.619,-4.7516
2.53,-23.198,14.643,-4.7946
2.535,-23.292,14.665,-4.8284
2.54,-23.379,14.687,-4.8479
2.545,-23.456,14.709,-4.8565
2.55,-23.525,14.733,-4.8597
2.555,-23.586,14.756,-4.8565
2.56,-23.603,14.811,-4.8624
2.565,-23.617,14.865,-4.8705
2.57,-23.63,14.918,-4.8851
2.575,-23.637,14.967,-4.8982
2.58,-23.638,15.013,-4.9027
2.585,-23.634,15.055,-4.8959
2.59,-23.626,15.096,-4.8836
2.595,-23.615,15.137,-4.8672
2.6,-23.593,15.172,-4.8933
2.605,-23.561,15.205,-4.9181
2.61,-23.523,15.238,-4.9416
2.615,-23.476,15.268,-4.9676
2.62,-23.419,15.298,-4.9974
2.625,-23.351,15.328,-5.0265
2.63,-23.264,15.359,-5.0546
2.635,-23.178,15.39,-5.0874
2.64,-22.983,15.443,-5.1005
2.645,-22.78,15.497,-5.1172
2.65,-22.567,15.55,-5.1334
2.655,-22.343,15.604,-5.1539
2.66,-22.11,15.659,-5.1804
2.665,-21.859,15.72,-5.2046
2.67,-21.592,15.792,-5.2264
2.675,-21.31,15.874,-5.252
2.68,-20.956,15.945,-5.1961
2.685,-20.588,16.006,-5.1178
2.69,-20.21,16.061,-5.0208
2.695,-19.817,16.107,-4.907
2.7,-19.413,16.147,-4.7787
2.705,-18.995,16.185,-4.6278
2.71,-18.564,16.221,-4.4634
2.715,-18.117,16.257,-4.2704
2.72,-17.806,16.257,-4.139
2.725,-17.504,16.251,-4.0304
2.73,-17.208,16.247,-3.9447
2.735,-16.91,16.242,-3.8792
2.74,-16.608,16.251,-3.825
2.745,-16.293,16.265,-3.7959
2.75,-15.972,16.288,-3.7938
2.755,-15.633,16.324,-3.8109
2.76,-15.132,16.41,-3.7962
2.765,-14.615,16.487,-3.764
2.77,-14.083,16.557,-3.71
2.775,-13.536,16.635,-3.6271
2.78,-12.984,16.675,-3.506
2.785,-12.393,16.686,-3.3459
2.79,-11.797,16.695,-3.1608
2.795,-11.186,16.697,-2.9599
2.8,-10.587,16.656,-2.6587
2.805,-9.9918,16.613,-2.3568
2.81,-9.3937,16.564,-2.0434
2.815,-8.7904,16.514,-1.7204
2.82,-8.182,16.464,-1.3977
2.825,-7.5713,16.415,-1.077
2.83,-6.9582,16.374,-0.76288
2.835,-6.3408,16.346,-0.45416
2.84,-5.6374,16.398,-0.18532
2.845,-4.9274,16.455,0.063
2.85,-4.2149,16.511,0.29719
2.855,-3.5141,16.567,0.49936
2.86,-2.8022,16.625,0.68303
2.865,-2.0847,16.683,0.86251
2.87,-1.3574,16.745,1.0496
2.875,-0.62201,16.805,1.2496
2.88,0.14157,16.853,1.4491
2.885,0.89881,16.873,1.6621
2.89,1.6391,16.851,1.8894
2.895,2.3589,16.776,2.1358
2.9,3.0543,16.655,2.3993
2.905,3.733,16.513,2.6741
2.91,4.4013,16.37,2.9535
2.915,5.0691,16.227,3.249
2.92,5.7037,16.093,3.4549
2.925,6.3254,15.952,3.6183
2.93,6.9402,15.813,3.7499
2.935,7.5498,15.672,3.8762
2.94,8.1603,15.539,4.0191
2.945,8.7773,15.41,4.1825
2.95,9.3967,15.285,4.3764
2.955,10.012,15.162,4.5854
2.96,10.511,15.102,4.71
2.965,10.998,15.051,4.7988
2.97,11.464,15.013,4.8557
2.975,11.912,14.977,4.8985
2.98,12.347,14.924,4.9517
2.985,12.778,14.874,5.0188
2.99,13.209,14.829,5.0997
2.995,13.648,14.79,5.2046
3,14.024,14.786,5.1569
3.005,14.388,14.778,5.1207
3.01,14.744,14.768,5.096
3.015,15.096,14.762,5.0954
3.02,15.437,14.762,5.1117
3.025,15.765,14.762,5.1221
3.03,16.079,14.763,5.1094
3.035,16.378,14.76,5.0714
3.04,16.611,14.732,4.9633
3.045,16.843,14.706,4.8546
3.05,17.072,14.678,4.7526
3.055,17.304,14.644,4.6642
3.06,17.537,14.605,4.597
3.065,17.774,14.554,4.5557
3.07,18.014,14.491,4.5562
3.075,18.258,14.431,4.5942
3.08,18.38,14.387,4.635
3.085,18.492,14.357,4.6749
3.09,18.595,14.34,4.7162
3.095,18.689,14.34,4.7593
3.1,18.777,14.338,4.8013
3.105,18.861,14.343,4.8334
3.11,18.946,14.35,4.8583
3.115,19.035,14.358,4.8884
3.12,19.103,14.38,4.9091
3.125,19.167,14.401,4.9322
3.13,19.227,14.423,4.9592
3.135,19.285,14.442,4.9835
3.14,19.339,14.46,5.0036
3.145,19.392,14.47,5.0171
3.15,19.449,14.473,5.031
3.155,19.516,14.468,5.0604
3.16,19.566,14.456,5.0548
3.165,19.605,14.445,5.045
3.17,19.638,14.44,5.0374
3.175,19.658,14.442,5.036
3.18,19.672,14.451,5.0382
3.185,19.677,14.466,5.0443
3.19,19.671,14.491,5.045
3.195,19.658,14.523,5.0408
3.2,19.625,14.559,5.0526
3.205,19.599,14.593,5.0677
3.21,19.58,14.626,5.0829
3.215,19.562,14.659,5.0906
3.22,19.542,14.695,5.0929
3.225,19.519,14.731,5.0851
3.23,19.491,14.771,5.0677
3.235,19.455,14.81,5.0425
3.24,19.353,14.877,5.0088
3.245,19.249,14.949,4.9795
3.25,19.148,15.026,4.9623
3.255,19.05,15.109,4.958
3.26,18.951,15.196,4.9566
3.265,18.85,15.282,4.9526
3.27,18.747,15.367,4.9321
3.275,18.636,15.454,4.9003
3.28,18.451,15.569,4.8552
3.285,18.255,15.69,4.7997
3.29,18.046,15.817,4.735
3.295,17.829,15.95,4.6652
3.3,17.607,16.086,4.5949
3.305,17.387,16.221,4.5298
3.31,17.174,16.359,4.4764
3.315,16.969,16.499,4.4465
3.32,16.757,16.647,4.4284
3.325,16.545,16.798,4.4116
3.33,16.331,16.952,4.4035
3.335,16.107,17.11,4.3933
3.34,15.872,17.27,4.3723
3.345,15.619,17.428,4.3461
3.35,15.347,17.584,4.311
3.355,15.05,17.746,4.256
3.36,14.636,17.938,4.2315
3.365,14.22,18.129,4.2129
3.37,13.809,18.309,4.1988
3.375,13.404,18.479,4.1961
3.38,13.011,18.635,4.2035
3.385,12.632,18.784,4.2298
3.39,12.257,18.923,4.2645
3.395,11.894,19.057,4.3045
3.4,11.46,19.164,4.2554
3.405,11.001,19.295,4.1914
3.41,10.524,19.434,4.1135
3.415,10.041,19.571,4.0479
3.42,9.5483,19.706,3.9994
3.425,9.0489,19.844,3.9595
3.43,8.5404,19.99,3.9104
3.435,8.0226,20.144,3.8298
3.44,7.5718,20.314,3.6462
3.445,7.1251,20.479,3.4489
3.45,6.6785,20.637,3.2326
3.455,6.2269,20.791,2.9959
3.46,5.7664,20.941,2.7329
3.465,5.2934,21.092,2.4513
3.47,4.8111,21.241,2.161
3.475,4.3237,21.383,1.8958
3.48,3.74,21.478,1.7724
3.485,3.1535,21.561,1.6397
3.49,2.5701,21.632,1.504
3.495,1.9923,21.693,1.3634
3.5,1.4171,21.744,1.2144
3.505,0.84587,21.781,1.063
3.51,0.28245,21.804,0.90986
3.515,-0.27891,21.82,0.7517
3.52,-0.90029,21.813,0.44105
3.525,-1.5458,21.805,0.10114
3.53,-2.2096,21.8,-0.25947
3.535,-2.8891,21.804,-0.61799
3.54,-3.569,21.818,-0.92309
3.545,-4.2413,21.84,-1.1424
3.55,-4.9033,21.867,-1.271
3.555,-5.5548,21.898,-1.3652
3.56,-6.1592,21.935,-1.5205
3.565,-6.7552,21.973,-1.6843
3.57,-7.3454,22.011,-1.8519
3.575,-7.9354,22.049,-2.0246
3.58,-8.523,22.089,-2.193
3.585,-9.1146,22.132,-2.3616
3.59,-9.7107,22.173,-2.5266
3.595,-10.315,22.215,-2.6862
3.6,-10.871,22.281,-2.801
3.605,-11.411,22.341,-2.9192
3.61,-11.931,22.402,-3.0309
3.615,-12.427,22.462,-3.1407
3.62,-12.92,22.518,-3.261
3.625,-13.398,22.575,-3.388
3.63,-13.868,22.631,-3.5353
3.635,-14.342,22.684,-3.7016
3.64,-14.826,22.723,-3.7469
3.645,-15.313,22.763,-3.7782
3.65,-15.797,22.796,-3.7813
3.655,-16.271,22.816,-3.7463
3.66,-16.731,22.824,-3.6718
3.665,-17.177,22.824,-3.5784
3.67,-17.614,22.814,-3.4769
3.675,-18.046,22.794,-3.3777
3.68,-18.392,22.845,-3.3701
3.685,-18.738,22.861,-3.3711
3.69,-19.091,22.864,-3.3799
3.695,-19.459,22.867,-3.4167
3.7,-19.837,22.876,-3.4841
3.705,-20.235,22.889,-3.5677
3.71,-20.649,22.893,-3.6396
3.715,-21.069,22.886,-3.678
3.72,-21.39,22.846,-3.6592
3.725,-21.7,22.806,-3.6418
3.73,-22.005,22.768,-3.6334
3.735,-22.311,22.732,-3.6259
3.74,-22.618,22.699,-3.6151
3.745,-22.913,22.671,-3.5776
3.75,-23.217,22.644,-3.5146
3.755,-23.512,22.62,-3.4255
3.76,-23.7,22.581,-3.4171
3.765,-23.875,22.54,-3.4133
3.77,-24.041,22.504,-3.4265
3.775,-24.205,22.471,-3.4496
3.78,-24.359,22.441,-3.4736
3.785,-24.507,22.411,-3.4979
3.79,-24.653,22.381,-3.5207
3.795,-24.792,22.349,-3.5442
3.8,-24.842,22.337,-3.5327
3.805,-24.881,22.334,-3.5204
3.81,-24.911,22.339,-3.5193
3.815,-24.935,22.348,-3.5122
3.82,-24.959,22.361,-3.5094
3.825,-24.974,22.376,-3.5116
3.83,-24.98,22.392,-3.5213
3.835,-24.982,22.413,-3.5376
3.84,-24.946,22.439,-3.552
3.845,-24.908,22.46,-3.5743
3.85,-24.874,22.474,-3.5985
3.855,-24.848,22.48,-3.6197
3.86,-24.826,22.489,-3.6379
3.865,-24.806,22.506,-3.6565
3.87,-24.78,22.527,-3.6774
3.875,-24.754,22.538,-3.6984
3.88,-24.678,22.57,-3.7688
3.885,-24.597,22.602,-3.8453
3.89,-24.512,22.636,-3.9259
3.895,-24.418,22.673,-3.9993
3.9,-24.31,22.718,-4.0459
3.905,-24.187,22.767,-4.0661
3.91,-24.052,22.819,-4.0588
3.915,-23.906,22.873,-4.0294
3.92,-23.76,22.89,-3.9513
3.925,-23.618,22.904,-3.8799
3.93,-23.481,22.913,-3.8213
3.935,-23.347,22.92,-3.7774
3.94,-23.213,22.925,-3.7437
3.945,-23.075,22.93,-3.7201
3.95,-22.926,22.936,-3.7061
3.955,-22.76,22.948,-3.7023
3.96,-22.38,23.031,-3.6423
3.965,-22.003,23.115,-3.5842
3.97,-21.628,23.197,-3.5294
3.975,-21.27,23.273,-3.4833
3.98,-20.931,23.334,-3.4427
3.985,-20.61,23.379,-3.4058
3.99,-20.3,23.408,-3.3707
3.995,-19.999,23.423,-3.3375
4,-19.495,23.417,-3.1285
4.005,-18.945,23.412,-2.8962
4.01,-18.35,23.408,-2.6355
4.015,-17.746,23.405,-2.37
4.02,-17.116,23.402,-2.1069
4.025,-16.469,23.401,-1.8586
4.03,-15.806,23.393,-1.6329
4.035,-15.134,23.38,-1.4272
4.04,-14.521,23.392,-1.1586
4.045,-13.933,23.406,-0.88298
4.05,-13.373,23.417,-0.61067
4.055,-12.843,23.421,-0.35564
4.06,-12.338,23.405,-0.11667
4.065,-11.856,23.375,0.099687
4.07,-11.39,23.323,0.28778
4.075,-10.947,23.261,0.44536
4.08,-10.491,23.22,0.65325
4.085,-10.022,23.177,0.86989
4.09,-9.5348,23.132,1.1008
4.095,-9.0327,23.089,1.3505
4.1,-8.5191,23.047,1.6233
4.105,-7.9993,23.008,1.9076
4.11,-7.4785,22.97,2.2016
4.115,-6.9562,22.935,2.5017
4.12,-6.5252,22.897,2.697
4.125,-6.1103,22.858,2.8768
4.13,-5.7022,22.816,3.0415
4.135,-5.3054,22.774,3.1876
4.14,-4.9138,22.731,3.3187
4.145,-4.5302,22.685,3.4345
4.15,-4.142,22.635,3.538
4.155,-3.7543,22.587,3.6274
4.16,-3.3117,22.598,3.7136
4.165,-2.8621,22.613,3.7985
4.17,-2.4046,22.633,3.8818
4.175,-1.9373,22.667,3.966
4.18,-1.4552,22.72,4.0496
4.185,-0.95785,22.775,4.1379
4.19,-0.45027,22.826,4.2326
4.195,0.06554,22.874,4.3281
4.2,0.71119,22.972,4.5327
4.205,1.3703,23.067,4.745
4.21,2.0437,23.141,4.9561
4.215,2.732,23.194,5.1606
4.22,3.4328,23.242,5.3607
4.225,4.1495,23.269,5.5709
4.23,4.8766,23.266,5.8011
4.235,5.6123,23.255,6.053
4.24,6.242,23.199,6.2249
4.245,6.8658,23.137,6.3888
4.25,7.4793,23.071,6.5357
4.255,8.0768,22.998,6.6565
4.26,8.6529,22.915,6.7553
4.265,9.2098,22.823,6.8407
4.27,9.7514,22.721,6.9281
4.275,10.276,22.606,7.011
4.28,10.606,22.462,6.9638
4.285,10.933,22.315,6.9285
4.29,11.261,22.173,6.9127
4.295,11.597,22.032,6.9074
4.3,11.935,21.889,6.9184
4.305,12.276,21.737,6.9417
4.31,12.613,21.575,6.961
4.315,12.948,21.411,6.9768
4.32,13.227,21.293,6.9184
4.325,13.498,21.178,6.8668
4.33,13.76,21.065,6.8279
4.335,14.013,20.949,6.8038
4.34,14.265,20.83,6.802
4.345,14.521,20.702,6.8287
4.35,14.78,20.563,6.8717
4.355,15.039,20.423,6.9363
4.36,15.312,20.31,7.0161
4.365,15.575,20.198,7.0602
4.37,15.829,20.089,7.0751
4.375,16.075,19.981,7.0734
4.38,16.319,19.878,7.0499
4.385,16.561,19.784,7.0149
4.39,16.797,19.696,6.9805
4.395,17.03,19.61,6.9569
4.4,17.135,19.553,6.9488
4.405,17.237,19.507,6.9464
4.41,17.33,19.47,6.95
4.415,17.415,19.441,6.9575
4.42,17.492,19.418,6.9629
4.425,17.557,19.402,6.9665
4.43,17.62,19.395,6.9769
4.435,17.68,19.399,7.0065
4.44,17.704,19.501,7.0769
4.445,17.722,19.614,7.1339
4.45,17.729,19.738,7.1702
4.455,17.725,19.866,7.1824
4.46,17.714,19.996,7.1801
4.465,17.698,20.125,7.1751
4.47,17.677,20.245,7.1782
4.475,17.646,20.352,7.1812
4.48,17.606,20.443,7.1536
4.485,17.568,20.536,7.123
4.49,17.536,20.629,7.0971
4.495,17.511,20.728,7.0886
4.5,17.496,20.824,7.1087
4.505,17.487,20.917,7.1416
4.51,17.478,21.005,7.1733
4.515,17.465,21.085,7.1861
4.52,17.384,21.135,7.1975
4.525,17.3,21.184,7.2053
4.53,17.21,21.22,7.2126
4.535,17.115,21.261,7.224
4.54,17.018,21.312,7.2361
4.545,16.914,21.361,7.2299
4.55,16.804,21.406,7.2084
4.555,16.688,21.461,7.1792
4.56,16.541,21.556,7.1592
4.565,16.392,21.668,7.148
4.57,16.238,21.787,7.1408
4.575,16.068,21.908,7.1392
4.58,15.889,22.037,7.1486
4.585,15.706,22.17,7.1752
4.59,15.515,22.305,7.206
4.595,15.32,22.446,7.237
4.6,15.102,22.619,7.214
4.605,14.875,22.793,7.181
4.61,14.643,22.966,7.1337
4.615,14.409,23.138,7.0783
4.62,14.178,23.31,7.0225
4.625,13.95,23.484,6.9785
4.63,13.726,23.656,6.9532
4.635,13.502,23.826,6.943
4.64,13.218,24.012,6.8966
4.645,12.928,24.202,6.8537
4.65,12.625,24.397,6.7962
4.655,12.306,24.596,6.7094
4.66,11.967,24.8,6.5956
4.665,11.61,25.01,6.4742
4.67,11.235,25.226,6.3615
4.675,10.846,25.446,6.2507
4.68,10.363,25.623,6.1673
4.685,9.8725,25.773,6.0867
4.69,9.3815,25.922,6.0107
4.695,8.8924,26.073,5.9485
4.7,8.4016,26.213,5.8932
4.705,7.9046,26.327,5.8437
4.71,7.4004,26.426,5.8001
4.715,6.888,26.519,5.7487
4.72,6.2758,26.564,5.5329
4.725,5.6677,26.609,5.3165
4.73,5.0644,26.662,5.0983
4.735,4.464,26.718,4.88
4.74,3.868,26.776,4.663
4.745,3.2788,26.833,4.4351
4.75,2.6913,26.89,4.2023
4.755,2.1085,26.952,3.9559
4.76,1.6378,27.056,3.7019
4.765,1.1777,27.16,3.4381
4.77,0.72512,27.263,3.1645
4.775,0.28225,27.364,2.8892
4.78,-0.15514,27.465,2.6113
4.785,-0.59438,27.564,2.3288
4.79,-1.0377,27.662,2.0396
4.795,-1.4865,27.759,1.741
4.8,-1.9258,27.877,1.5469
4.805,-2.3412,28.003,1.4066
4.81,-2.7425,28.137,1.2962
4.815,-3.1274,28.272,1.1896
4.82,-3.4963,28.403,1.0725
4.825,-3.846,28.532,0.94412
4.83,-4.1768,28.66,0.81091
4.835,-4.4815,28.785,0.68308
4.84,-4.8315,28.917,0.46932
4.845,-5.1934,29.045,0.24499
4.85,-5.5759,29.168,0.011979
4.855,-5.9765,29.29,-0.22282
4.86,-6.3884,29.404,-0.44895
4.865,-6.8032,29.516,-0.6647
4.87,-7.2167,29.627,-0.85873
4.875,-7.6219,29.731,-1.0271
4.88,-8.0095,29.801,-1.1446
4.885,-8.4063,29.87,-1.2645
4.89,-8.8205,29.943,-1.394
4.895,-9.2497,30.013,-1.5284
4.9,-9.6866,30.086,-1.6647
4.905,-10.141,30.158,-1.8145
4.91,-10.605,30.232,-1.9669
4.915,-11.077,30.312,-2.1068
4.92,-11.475,30.398,-2.2614
4.925,-11.867,30.486,-2.4237
4.93,-12.251,30.575,-2.5904
4.935,-12.626,30.665,-2.7576
4.94,-12.998,30.761,-2.9312
4.945,-13.366,30.858,-3.1037
4.95,-13.734,30.964,-3.2767
4.955,-14.103,31.071,-3.4602
4.96,-14.476,31.203,-3.6694
4.965,-14.842,31.335,-3.8659
4.97,-15.202,31.468,-4.0531
4.975,-15.554,31.602,-4.236
4.98,-15.895,31.724,-4.4163
4.985,-16.228,31.829,-4.5938
4.99,-16.552,31.928,-4.7662
4.995,-16.873,32.023,-4.9406
5,-17.063,32.033,-5.0214
5.005,-17.227,32.036,-5.0662
5.01,-17.373,32.029,-5.0776
5.015,-17.493,32.018,-5.0571
5.02,-17.587,32.003,-5.0151
5.025,-17.657,31.981,-4.9633
5.03,-17.698,31.955,-4.9023
5.035,-17.716,31.942,-4.835
5.04,-17.572,31.957,-4.7724
5.045,-17.428,31.973,-4.7015
5.05,-17.289,31.986,-4.622
5.055,-17.155,32.001,-4.5402
5.06,-17.029,32.016,-4.4601
5.065,-16.912,32.033,-4.3783
5.07,-16.8,32.051,-4.2969
5.075,-16.695,32.071,-4.2176
5.08,-16.509,32.072,-4.0872
5.085,-16.301,32.07,-3.9647
5.09,-16.075,32.067,-3.8493
5.095,-15.82,32.064,-3.729
5.1,-15.538,32.064,-3.5997
5.105,-15.234,32.069,-3.4584
5.11,-14.914,32.079,-3.3058
5.115,-14.589,32.096,-3.1496
5.12,-14.38,32.093,-3.0358
5.125,-14.194,32.077,-2.9167
5.13,-14.014,32.051,-2.7849
5.135,-13.854,32.014,-2.6454
5.14,-13.713,31.968,-2.4981
5.145,-13.591,31.915,-2.3418
5.15,-13.485,31.858,-2.1761
5.155,-13.397,31.805,-2.0075
5.16,-13.43,31.79,-1.9739
5.165,-13.463,31.788,-1.9375
5.17,-13.501,31.797,-1.9027
5.175,-13.539,31.817,-1.8783
5.18,-13.577,31.842,-1.8731
5.185,-13.613,31.878,-1.8881
5.19,-13.641,31.919,-1.9094
5.195,-13.661,31.966,-1.9301
5.2,-13.634,32.031,-1.9138
5.205,-13.614,32.093,-1.9028
5.21,-13.595,32.15,-1.8968
5.215,-13.583,32.2,-1.8984
5.22,-13.579,32.243,-1.907
5.225,-13.587,32.28,-1.9148
5.23,-13.604,32.312,-1.9187
5.235,-13.625,32.34,-1.9191
5.24,-13.653,32.359,-1.9002
5.245,-13.682,32.38,-1.8814
5.25,-13.712,32.403,-1.8623
5.255,-13.744,32.431,-1.8506
5.26,-13.778,32.464,-1.8538
5.265,-13.807,32.498,-1.8531
5.27,-13.837,32.538,-1.8602
5.275,-13.865,32.582,-1.8773
5.28,-13.882,32.623,-1.8515
5.285,-13.901,32.661,-1.8197
5.29,-13.92,32.697,-1.7874
5.295,-13.942,32.731,-1.7532
5.3,-13.96,32.761,-1.7127
5.305,-13.976,32.789,-1.6688
5.31,-13.991,32.813,-1.6279
5.315,-14.005,32.839,-1.5949
5.32,-13.992,32.877,-1.5107
5.325,-13.97,32.917,-1.403
5.33,-13.947,32.963,-1.2729
5.335,-13.909,33.012,-1.11
5.34,-13.868,33.065,-0.91779
5.345,-13.823,33.119,-0.70011
5.35,-13.769,33.172,-0.45173
5.355,-13.702,33.226,-0.15689
5.36,-13.687,33.292,0.16821
5.365,-13.699,33.352,0.43693
5.37,-13.733,33.403,0.66591
5.375,-13.783,33.45,0.87887
5.38,-13.834,33.497,1.0929
5.385,-13.882,33.548,1.3537
5.39,-13.914,33.605,1.6792
5.395,-13.936,33.67,2.0559
5.4,-13.995,33.767,2.4519
5.405,-14.094,33.859,2.7934
5.41,-14.239,33.94,3.0798
5.415,-14.427,34.009,3.3502
5.42,-14.645,34.068,3.6611
5.425,-14.885,34.113,4.0294
5.43,-15.151,34.144,4.4382
5.435,-15.435,34.159,4.8793
5.44,-15.616,34.127,5.4699
5.445,-15.775,34.105,6.0559
5.45,-15.909,34.091,6.6635
5.455,-16.031,34.1,7.2883
5.46,-16.125,34.134,7.9446
5.465,-16.194,34.191,8.6457
5.47,-16.239,34.27,9.3965
5.475,-16.274,34.36,10.189
5.48,-16.274,34.462,11.008
5.485,-16.272,34.541,11.845
5.49,-16.27,34.595,12.708
5.495,-16.262,34.627,13.603
5.5,-16.246,34.643,14.527
5.505,-16.221,34.645,15.474
5.51,-16.192,34.629,16.427
5.515,-16.157,34.616,17.384
5.52,-15.978,34.608,18.352
5.525,-15.793,34.599,19.301
5.53,-15.61,34.583,20.23
5.535,-15.428,34.562,21.143
5.54,-15.246,34.556,22.027
5.545,-15.078,34.541,22.874
5.55,-14.925,34.524,23.702
5.555,-14.785,34.5,24.497
5.56,-14.633,34.458,25.354
5.565,-14.477,34.418,26.203
5.57,-14.324,34.378,27.028
5.575,-14.177,34.339,27.813
5.58,-14.038,34.295,28.543
5.585,-13.897,34.25,29.237
5.59,-13.749,34.205,29.917
5.595,-13.6,34.16,30.573
5.6,-13.484,34.164,30.918
5.605,-13.383,34.169,31.211
5.61,-13.29,34.177,31.463
5.615,-13.202,34.187,31.69
5.62,-13.112,34.202,31.913
5.625,-13.022,34.219,32.141
5.63,-12.94,34.244,32.379
5.635,-12.844,34.265,32.644
5.64,-12.757,34.26,32.8
5.645,-12.675,34.252,32.947
5.65,-12.602,34.244,33.072
5.655,-12.54,34.231,33.167
5.66,-12.493,34.219,33.239
5.665,-12.463,34.213,33.268
5.67,-12.432,34.202,33.258
5.675,-12.406,34.194,33.195
5.68,-12.442,34.276,32.608
5.685,-12.468,34.365,32.042
5.69,-12.482,34.46,31.516
5.695,-12.493,34.56,31.016
5.7,-12.515,34.665,30.509
5.705,-12.546,34.77,29.99
5.71,-12.601,34.878,29.428
5.715,-12.68,34.984,28.809
5.72,-12.835,35.072,27.654
5.725,-12.986,35.157,26.458
5.73,-13.134,35.243,25.226
5.735,-13.279,35.327,23.963
5.74,-13.417,35.409,22.682
5.745,-13.546,35.487,21.392
5.75,-13.669,35.562,20.109
5.755,-13.785,35.632,18.852
5.76,-13.856,35.669,18
5.765,-13.923,35.691,17.145
5.77,-13.985,35.701,16.275
5.775,-14.049,35.7,15.374
5.78,-14.114,35.692,14.431
5.785,-14.185,35.68,13.463
5.79,-14.262,35.666,12.448
5.795,-14.34,35.649,11.392
5.8,-14.341,35.525,10.391
5.805,-14.321,35.4,9.4834
5.81,-14.279,35.281,8.6759
5.815,-14.227,35.165,7.9201
5.82,-14.167,35.058,7.2582
5.825,-14.108,34.961,6.6763
5.83,-14.05,34.871,6.1494
5.835,-14.005,34.783,5.646
5.84,-14.041,34.614,4.8495
5.845,-14.08,34.451,4.0144
5.85,-14.118,34.299,3.1535
5.855,-14.149,34.156,2.2889
5.86,-14.175,34.019,1.4345
5.865,-14.197,33.901,0.6121
5.87,-14.222,33.797,-0.17171
5.875,-14.251,33.712,-0.9189
5.88,-14.348,33.694,-1.6178
5.885,-14.451,33.674,-2.3476
5.89,-14.555,33.649,-3.1009
5.895,-14.665,33.624,-3.866
5.9,-14.778,33.595,-4.6215
5.905,-14.889,33.571,-5.3533
5.91,-14.996,33.555,-6.0613
5.915,-15.099,33.553,-6.7491
5.92,-15.177,33.58,-7.3858
5.925,-15.248,33.6,-7.9961
5.93,-15.312,33.615,-8.5748
5.935,-15.366,33.624,-9.124
5.94,-15.415,33.63,-9.6612
5.945,-15.465,33.622,-10.194
5.95,-15.516,33.617,-10.738
5.955,-15.569,33.611,-11.302
5.96,-15.611,33.662,-11.884
5.965,-15.66,33.717,-12.482
5.97,-15.715,33.772,-13.103
5.975,-15.776,33.827,-13.723
5.98,-15.838,33.884,-14.347
5.985,-15.906,33.937,-14.982
5.99,-15.987,33.984,-15.638
5.995,-16.073,34.027,-16.313
6,-16.236,34.038,-17.142
6.005,-16.414,34.052,-17.971
6.01,-16.601,34.078,-18.769
6.015,-16.793,34.117,-19.546
6.02,-16.982,34.16,-20.272
6.025,-17.175,34.207,-20.959
6.03,-17.373,34.255,-21.621
6.035,-17.57,34.308,-22.272
6.04,-17.717,34.311,-22.977
6.045,-17.852,34.308,-23.676
6.05,-17.979,34.304,-24.372
6.055,-18.101,34.296,-25.063
6.06,-18.216,34.289,-25.742
6.065,-18.327,34.286,-26.411
6.07,-18.448,34.284,-27.086
6.075,-18.571,34.291,-27.751
6.08,-18.604,34.313,-28.261
6.085,-18.632,34.338,-28.771
6.09,-18.647,34.373,-29.277
6.095,-18.671,34.412,-29.777
6.1,-18.691,34.456,-30.249
6.105,-18.707,34.505,-30.688
6.11,-18.721,34.563,-31.09
6.115,-18.732,34.627,-31.461
6.12,-18.748,34.661,-31.651
6.125,-18.762,34.686,-31.836
6.13,-18.775,34.709,-32.007
6.135,-18.787,34.724,-32.166
6.14,-18.8,34.735,-32.31
6.145,-18.814,34.741,-32.441
6.15,-18.836,34.74,-32.572
6.155,-18.861,34.737,-32.702
6.16,-18.919,34.779,-32.711
6.165,-18.979,34.83,-32.668
6.17,-19.042,34.889,-32.591
6.175,-19.104,34.949,-32.497
6.18,-19.166,35.004,-32.402
6.185,-19.227,35.054,-32.313
6.19,-19.286,35.094,-32.236
6.195,-19.336,35.126,-32.171
6.2,-19.322,35.162,-31.955
6.205,-19.304,35.213,-31.684
6.21,-19.285,35.278,-31.336
6.215,-19.258,35.355,-30.954
6.22,-19.234,35.449,-30.497
6.225,-19.205,35.56,-29.954
6.23,-19.172,35.688,-29.319
6.235,-19.126,35.827,-28.577
6.24,-19.025,35.967,-27.372
6.245,-18.941,36.089,-26.205
6.25,-18.885,36.193,-25.116
6.255,-18.832,36.283,-24.085
6.26,-18.784,36.36,-23.101
6.265,-18.741,36.432,-22.142
6.27,-18.703,36.5,-21.211
6.275,-18.674,36.568,-20.316
6.28,-18.724,36.648,-19.638
6.285,-18.757,36.741,-18.9
6.29,-18.768,36.849,-18.091
6.295,-18.762,36.972,-17.246
6.3,-18.73,37.105,-16.336
6.305,-18.686,37.253,-15.356
6.31,-18.609,37.412,-14.284
6.315,-18.488,37.584,-13.112
6.32,-18.387,37.659,-12.305
6.325,-18.285,37.729,-11.496
6.33,-18.176,37.794,-10.667
6.335,-18.059,37.854,-9.8229
6.34,-17.938,37.912,-8.9758
6.345,-17.819,37.968,-8.1304
6.35,-17.703,38.023,-7.2839
6.355,-17.587,38.076,-6.4232
6.36,-17.454,38.182,-5.3745
6.365,-17.309,38.272,-4.3024
6.37,-17.159,38.36,-3.2106
6.375,-16.999,38.431,-2.1046
6.38,-16.838,38.482,-0.99642
6.385,-16.677,38.512,0.10853
6.39,-16.521,38.528,1.1994
6.395,-16.374,38.533,2.2707
6.4,-16.243,38.593,3.3006
6.405,-16.11,38.657,4.3629
6.41,-15.967,38.72,5.4807
6.415,-15.814,38.781,6.655
6.42,-15.66,38.827,7.8611
6.425,-15.514,38.853,9.0651
6.43,-15.382,38.856,10.23
6.435,-15.269,38.842,11.325
6.44,-15.319,38.815,11.905
6.445,-15.375,38.802,12.525
6.45,-15.429,38.801,13.207
6.455,-15.473,38.811,13.921
6.46,-15.51,38.824,14.682
6.465,-15.544,38.838,15.46
6.47,-15.567,38.843,16.235
6.475,-15.579,38.838,17.006
6.48,-15.472,38.814,17.645
6.485,-15.383,38.793,18.239
6.49,-15.311,38.775,18.807
6.495,-15.253,38.759,19.366
6.5,-15.199,38.744,19.931
6.505,-15.15,38.732,20.509
6.51,-15.105,38.723,21.096
6.515,-15.064,38.718,21.681
6.52,-15.012,38.692,22.278
6.525,-14.97,38.662,22.859
6.53,-14.935,38.62,23.419
6.535,-14.907,38.572,23.975
6.54,-14.88,38.524,24.554
6.545,-14.851,38.482,25.164
6.55,-14.826,38.441,25.792
6.555,-14.804,38.397,26.414
6.56,-14.796,38.429,26.718
6.565,-14.785,38.468,26.983
6.57,-14.766,38.516,27.223
6.575,-14.737,38.572,27.446
6.58,-14.7,38.634,27.662
6.585,-14.66,38.701,27.857
6.59,-14.614,38.773,28.042
6.595,-14.565,38.853,28.231
6.6,-14.569,38.89,28.338
6.605,-14.567,38.925,28.453
6.61,-14.559,38.959,28.57
6.615,-14.555,38.991,28.666
6.62,-14.555,39.021,28.744
6.625,-14.559,39.044,28.787
6.63,-14.572,39.061,28.794
6.635,-14.586,39.073,28.769
6.64,-14.641,39.087,28.349
6.645,-14.709,39.102,27.867
6.65,-14.789,39.118,27.315
6.655,-14.879,39.145,26.716
6.66,-14.962,39.184,26.106
6.665,-15.052,39.221,25.475
6.67,-15.136,39.265,24.841
6.675,-15.224,39.32,24.205
6.68,-15.408,39.43,23.178
6.685,-15.614,39.539,22.097
6.69,-15.83,39.645,20.926
6.695,-16.062,39.743,19.671
6.7,-16.308,39.832,18.344
6.705,-16.561,39.916,16.958
6.71,-16.818,40.002,15.535
6.715,-17.073,40.082,14.116
6.72,-17.252,40.202,13.077
6.725,-17.436,40.316,12.034
6.73,-17.616,40.421,10.99
6.735,-17.791,40.516,9.945
6.74,-17.965,40.602,8.8916
6.745,-18.135,40.673,7.8176
6.75,-18.299,40.727,6.7308
6.755,-18.45,40.761,5.6465
6.76,-18.571,40.673,4.8584
6.765,-18.696,40.59,4.0963
6.77,-18.823,40.514,3.3621
6.775,-18.944,40.447,2.6654
6.78,-19.055,40.393,2.0065
6.785,-19.157,40.349,1.3689
6.79,-19.249,40.314,0.74335
6.795,-19.33,40.283,0.12905
6.8,-19.244,40.163,-0.45658
6.805,-19.137,40.052,-1.0013
6.81,-19.014,39.956,-1.5078
6.815,-18.887,39.882,-1.992
6.82,-18.776,39.826,-2.4814
6.825,-18.686,39.778,-2.9801
6.83,-18.599,39.747,-3.4781
6.835,-18.524,39.727,-3.9751
6.84,-18.529,39.756,-4.5425
6.845,-18.532,39.789,-5.1055
6.85,-18.53,39.824,-5.6685
6.855,-18.529,39.857,-6.2327
6.86,-18.53,39.885,-6.8051
6.865,-18.539,39.908,-7.398
6.87,-18.567,39.926,-8.0231
6.875,-18.615,39.941,-8.668
6.88,-18.779,40.049,-9.1928
6.885,-18.951,40.167,-9.7382
6.89,-19.122,40.288,-10.31
6.895,-19.287,40.409,-10.901
6.9,-19.433,40.53,-11.498
6.905,-19.556,40.648,-12.09
6.91,-19.651,40.765,-12.668
6.915,-19.731,40.871,-13.249
6.92,-19.691,40.881,-13.84
6.925,-19.659,40.886,-14.423
6.93,-19.641,40.891,-14.992
6.935,-19.632,40.902,-15.533
6.94,-19.63,40.928,-16.039
6.945,-19.636,40.964,-16.506
6.95,-19.646,41.006,-16.958
6.955,-19.663,41.053,-17.382
6.96,-19.636,41.013,-17.766
6.965,-19.599,40.954,-18.173
6.97,-19.549,40.876,-18.597
6.975,-19.483,40.785,-19.021
6.98,-19.407,40.686,-19.456
6.985,-19.31,40.579,-19.89
6.99,-19.195,40.459,-20.324
6.995,-19.072,40.33,-20.763
7,-18.987,40.204,-21.228
7.005,-18.906,40.097,-21.632
7.01,-18.823,40.015,-21.964
7.015,-18.749,39.968,-22.247
7.02,-18.699,39.954,-22.518
7.025,-18.677,39.961,-22.805
7.03,-18.666,39.973,-23.103
7.035,-18.68,39.99,-23.42
7.04,-18.751,39.979,-23.768
7.045,-18.82,39.959,-24.108
7.05,-18.886,39.93,-24.437
7.055,-18.952,39.898,-24.755
7.06,-19.026,39.865,-25.074
7.065,-19.103,39.832,-25.389
7.07,-19.175,39.798,-25.669
7.075,-19.239,39.756,-25.897
7.08,-19.282,39.786,-25.72
7.085,-19.321,39.819,-25.52
7.09,-19.358,39.861,-25.298
7.095,-19.386,39.911,-25.062
7.1,-19.405,39.965,-24.805
7.105,-19.42,40.02,-24.537
7.11,-19.432,40.073,-24.27
7.115,-19.437,40.122,-24.011
7.12,-19.435,40.187,-23.601
7.125,-19.427,40.257,-23.15
7.13,-19.408,40.333,-22.634
7.135,-19.38,40.424,-22.044
7.14,-19.344,40.53,-21.377
7.145,-19.316,40.662,-20.687
7.15,-19.317,40.803,-19.993
7.155,-19.333,40.969,-19.326
7.16,-19.306,41.108,-18.472
7.165,-19.269,41.247,-17.597
7.17,-19.235,41.383,-16.724
7.175,-19.199,41.516,-15.867
7.18,-19.169,41.643,-15.051
7.185,-19.154,41.755,-14.288
7.19,-19.147,41.851,-13.562
7.195,-19.145,41.931,-12.846
7.2,-19.123,42.011,-11.96
7.205,-19.094,42.094,-11.041
7.21,-19.051,42.175,-10.103
7.215,-18.999,42.255,-9.149
7.22,-18.944,42.331,-8.1955
7.225,-18.883,42.399,-7.259
7.23,-18.817,42.458,-6.3545
7.235,-18.745,42.505,-5.4812
7.24,-18.625,42.549,-4.7555
7.245,-18.5,42.601,-4.0218
7.25,-18.37,42.662,-3.2901
7.255,-18.24,42.727,-2.5739
7.26,-18.118,42.799,-1.8786
7.265,-18.006,42.88,-1.2076
7.27,-17.903,42.97,-0.56
7.275,-17.819,43.068,0.053721
7.28,-17.858,43.161,0.51414
7.285,-17.9,43.25,0.96814
7.29,-17.948,43.33,1.4045
7.295,-18.001,43.404,1.8084
7.3,-18.059,43.47,2.1828
7.305,-18.124,43.53,2.5341
7.31,-18.192,43.589,2.8708
7.315,-18.263,43.655,3.1968
7.32,-18.356,43.791,3.5664
7.325,-18.445,43.935,3.9514
7.33,-18.529,44.082,4.3472
7.335,-18.605,44.231,4.744
7.34,-18.68,44.382,5.1317
7.345,-18.754,44.531,5.5151
7.35,-18.825,44.678,5.9022
7.355,-18.885,44.826,6.3042
7.36,-18.873,44.89,6.6168
7.365,-18.865,44.941,6.9124
7.37,-18.867,44.985,7.1841
7.375,-18.884,45.025,7.426
7.38,-18.915,45.062,7.6479
7.385,-18.955,45.1,7.856
7.39,-18.999,45.139,8.0593
7.395,-19.037,45.178,8.2564
7.4,-19.063,45.194,8.282
7.405,-19.082,45.207,8.3066
7.41,-19.09,45.214,8.3419
7.415,-19.093,45.22,8.3809
7.42,-19.094,45.225,8.4209
7.425,-19.094,45.227,8.4504
7.43,-19.094,45.224,8.4693
7.435,-19.092,45.219,8.4763
7.44,-19.128,45.204,8.4088
7.445,-19.177,45.192,8.3156
7.45,-19.233,45.183,8.2121
7.455,-19.289,45.175,8.0961
7.46,-19.346,45.171,7.9717
7.465,-19.403,45.172,7.8388
7.47,-19.458,45.174,7.6957
7.475,-19.514,45.183,7.5395
7.48,-19.553,45.235,7.3877
7.485,-19.59,45.286,7.2282
7.49,-19.625,45.337,7.0694
7.495,-19.66,45.392,6.9119
7.5,-19.69,45.448,6.7592
7.505,-19.716,45.505,6.6211
7.51,-19.735,45.566,6.5001
7.515,-19.745,45.627,6.3939
7.52,-19.758,45.661,6.3353
7.525,-19.772,45.692,6.2799
7.53,-19.791,45.716,6.2219
7.535,-19.813,45.736,6.1633
7.54,-19.836,45.757,6.1185
7.545,-19.857,45.781,6.0979
7.55,-19.877,45.808,6.0984
7.555,-19.904,45.841,6.1087
7.56,-19.943,45.88,6.0824
7.565,-19.983,45.922,6.0465
7.57,-20.023,45.967,5.9995
7.575,-20.06,46.013,5.9489
7.58,-20.096,46.06,5.8942
7.585,-20.13,46.109,5.8372
7.59,-20.157,46.157,5.7861
7.595,-20.176,46.206,5.7466
7.6,-20.18,46.243,5.7179
7.605,-20.183,46.282,5.7019
7.61,-20.185,46.322,5.6938
7.615,-20.184,46.364,5.6857
7.62,-20.189,46.405,5.6709
7.625,-20.201,46.445,5.6449
7.63,-20.217,46.484,5.6124
7.635,-20.235,46.52,5.5836
7.64,-20.269,46.561,5.5722
7.645,-20.301,46.602,5.5569
7.65,-20.338,46.641,5.532
7.655,-20.374,46.68,5.5011
7.66,-20.414,46.716,5.4655
7.665,-20.459,46.753,5.4145
7.67,-20.502,46.79,5.3671
7.675,-20.547,46.828,5.3273
7.68,-20.571,46.893,5.3044
7.685,-20.597,46.958,5.2779
7.69,-20.63,47.021,5.2335
7.695,-20.663,47.084,5.1924
7.7,-20.697,47.145,5.1407
7.705,-20.732,47.203,5.0855
7.71,-20.766,47.257,5.0316
7.715,-20.796,47.307,4.9827
7.72,-20.806,47.343,4.983
7.725,-20.812,47.376,4.984
7.73,-20.818,47.407,4.9818
7.735,-20.823,47.433,4.9778
7.74,-20.827,47.456,4.9753
7.745,-20.83,47.48,4.9795
7.75,-20.831,47.506,4.9919
7.755,-20.836,47.534,5.0115
7.76,-20.851,47.573,4.9971
7.765,-20.866,47.613,4.9835
7.77,-20.895,47.654,4.9563
7.775,-20.905,47.694,4.9373
7.78,-20.917,47.733,4.9143
7.785,-20.928,47.772,4.8912
7.79,-20.943,47.811,4.8671
7.795,-20.959,47.85,4.8449
7.8,-20.969,47.885,4.8512
7.805,-20.977,47.918,4.8564
7.81,-20.983,47.949,4.8532
7.815,-20.991,47.982,4.8449
7.82,-20.996,48.014,4.8358
7.825,-20.999,48.049,4.8282
7.83,-21.003,48.085,4.823
7.835,-21.009,48.122,4.8208
7.84,-21.037,48.161,4.8104
7.845,-21.067,48.201,4.7994
7.85,-21.093,48.241,4.7889
7.855,-21.123,48.281,4.7744
7.86,-21.151,48.326,4.7614
7.865,-21.173,48.377,4.7552
7.87,-21.191,48.432,4.7561
7.875,-21.202,48.493,4.7561
7.88,-21.184,48.608,4.7008
7.885,-21.169,48.728,4.6375
7.89,-21.148,48.858,4.5725
7.895,-21.128,49.001,4.5029
7.9,-21.108,49.157,4.4239
7.905,-21.094,49.32,4.342
7.91,-21.082,49.494,4.259
7.915,-21.07,49.678,4.1776
7.92,-21.083,49.92,4.089
7.925,-21.099,50.17,3.9917
7.93,-21.111,50.426,3.8907
7.935,-21.126,50.687,3.7769
7.94,-21.14,50.955,3.656
7.945,-21.149,51.229,3.5318
7.95,-21.151,51.511,3.4084
7.955,-21.146,51.804,3.283
7.96,-21.048,52.184,3.2864
7.965,-20.946,52.561,3.295
7.97,-20.834,52.938,3.3064
7.975,-20.71,53.318,3.309
7.98,-20.582,53.698,3.2971
7.985,-20.446,54.083,3.2764
7.99,-20.309,54.469,3.2518
7.995,-20.16,54.855,3.2334
