0,-0.065682,-0.50484,-0.088105
0.005,-0.10902,-0.95831,-0.19531
0.01,-0.13736,-1.3623,-0.31389
0.015,-0.15341,-1.7591,-0.43468
0.02,-0.15398,-2.1683,-0.53293
0.025,-0.15429,-2.5891,-0.62554
0.03,-0.16571,-3.013,-0.72802
0.035,-0.19411,-3.4409,-0.84448
0.04,-0.30813,-3.7242,-0.94934
0.045,-0.4148,-4.0186,-1.0241
0.05,-0.51228,-4.316,-1.0794
0.055,-0.6071,-4.6113,-1.1004
0.06,-0.70293,-4.9203,-1.0972
0.065,-0.79641,-5.2348,-1.0868
0.07,-0.88932,-5.5441,-1.0749
0.075,-0.9785,-5.8563,-1.078
0.08,-1.0136,-6.1788,-1.0887
0.085,-1.0472,-6.5139,-1.0866
0.09,-1.0796,-6.8508,-1.0835
0.095,-1.1121,-7.1855,-1.0902
0.1,-1.1462,-7.5194,-1.1089
0.105,-1.179,-7.8586,-1.1403
0.11,-1.2023,-8.1923,-1.1768
0.115,-1.2196,-8.5128,-1.2078
0.12,-1.214,-8.8669,-1.2493
0.125,-1.2143,-9.2089,-1.3108
0.13,-1.2243,-9.5485,-1.3824
0.135,-1.2387,-9.8921,-1.4644
0.14,-1.2567,-10.233,-1.5416
0.145,-1.276,-10.556,-1.6005
0.15,-1.2977,-10.848,-1.6419
0.155,-1.3263,-11.134,-1.6563
0.16,-1.3741,-11.268,-1.701
0.165,-1.4204,-11.388,-1.7442
0.17,-1.4678,-11.503,-1.7834
0.175,-1.5095,-11.605,-1.8214
0.18,-1.5504,-11.687,-1.8564
0.185,-1.5898,-11.759,-1.8865
0.19,-1.6217,-11.813,-1.9221
0.195,-1.6515,-11.852,-1.9563
0.2,-1.6707,-11.784,-1.9674
0.205,-1.6906,-11.719,-1.9651
0.21,-1.713,-11.657,-1.955
0.215,-1.732,-11.584,-1.9331
0.22,-1.7506,-11.499,-1.8891
0.225,-1.7666,-11.415,-1.8349
0.23,-1.7823,-11.34,-1.7663
0.235,-1.7996,-11.27,-1.6896
0.24,-1.8368,-11.232,-1.6439
0.245,-1.8739,-11.192,-1.6007
0.25,-1.9142,-11.146,-1.5608
0.255,-1.9552,-11.094,-1.5238
0.26,-1.9966,-11.039,-1.4887
0.265,-2.0379,-10.982,-1.4486
0.27,-2.0761,-10.925,-1.4026
0.275,-2.1112,-10.867,-1.356
0.28,-2.1388,-10.818,-1.2826
0.285,-2.1656,-10.764,-1.2114
0.29,-2.1901,-10.706,-1.1402
0.295,-2.2148,-10.649,-1.0648
0.3,-2.2408,-10.594,-0.99262
0.305,-2.2676,-10.541,-0.91828
0.31,-2.2952,-10.489,-0.84245
0.315,-2.3215,-10.434,-0.7632
0.32,-2.3418,-10.355,-0.69727
0.325,-2.3625,-10.27,-0.63836
0.33,-2.3834,-10.178,-0.58618
0.335,-2.4054,-10.086,-0.53573
0.34,-2.4158,-9.9894,-0.49226
0.345,-2.436,-9.8888,-0.45321
0.35,-2.4539,-9.7875,-0.41692
0.355,-2.4671,-9.6877,-0.37825
0.36,-2.4659,-9.5036,-0.29287
0.365,-2.4619,-9.3093,-0.20958
0.37,-2.4562,-9.1112,-0.12854
0.375,-2.449,-8.907,-0.049014
0.38,-2.4435,-8.7056,0.033795
0.385,-2.4379,-8.4934,0.11773
0.39,-2.4337,-8.281,0.20144
0.395,-2.428,-8.0598,0.28793
0.4,-2.4414,-7.7904,0.43394
0.405,-2.4532,-7.5057,0.57805
0.41,-2.4649,-7.2035,0.7263
0.415,-2.4716,-6.8845,0.87139
0.42,-2.4765,-6.5596,1.0199
0.425,-2.4741,-6.2306,1.165
0.43,-2.4697,-5.8849,1.298
0.435,-2.4637,-5.5363,1.42
0.44,-2.4506,-5.0683,1.438
0.445,-2.4348,-4.5891,1.4593
0.45,-2.41,-4.1052,1.4877
0.455,-2.3793,-3.6099,1.5331
0.46,-2.3401,-3.1041,1.5907
0.465,-2.2984,-2.5949,1.6586
0.47,-2.2523,-2.0859,1.7335
0.475,-2.1921,-1.5706,1.8234
0.48,-2.1351,-1.0361,1.8938
0.485,-2.0818,-0.49948,1.9637
0.49,-2.0259,0.040085,2.0344
0.495,-1.9771,0.58937,2.1034
0.5,-1.9368,1.1366,2.1654
0.505,-1.9253,1.6628,2.2315
0.51,-1.9263,2.1339,2.3094
0.515,-1.9442,2.6274,2.3647
0.52,-1.9543,3.1304,2.5607
0.525,-1.9623,3.6368,2.7553
0.53,-1.9645,4.144,2.9506
0.535,-1.962,4.6554,3.1473
0.54,-1.9542,5.1759,3.3431
0.545,-1.9431,5.7066,3.5326
0.55,-1.9277,6.2484,3.7024
0.555,-1.9096,6.7971,3.8466
0.56,-1.9342,7.3475,3.8901
0.565,-1.9593,7.8994,3.9356
0.57,-1.9855,8.4385,3.9886
0.575,-2.0108,8.9718,4.057
0.58,-2.0327,9.5002,4.1396
0.585,-2.0438,10.048,4.233
0.59,-2.0435,10.606,4.3359
0.595,-2.0274,11.17,4.4514
0.6,-1.8647,11.777,4.6762
0.605,-1.6997,12.388,4.8948
0.61,-1.5354,12.998,5.1079
0.615,-1.3761,13.605,5.3093
0.62,-1.2252,14.205,5.4904
0.625,-1.0921,14.798,5.6326
0.63,-0.98398,15.379,5.7385
0.635,-0.89809,15.945,5.8179
0.64,-0.85435,16.459,5.968
0.645,-0.79497,16.969,6.1502
0.65,-0.71728,17.478,6.3612
0.655,-0.6166,17.994,6.5929
0.66,-0.49496,18.513,6.8444
0.665,-0.35541,19.041,7.1051
0.67,-0.20269,19.577,7.3705
0.675,-0.035817,20.113,7.6239
0.68,0.094579,20.648,7.8179
0.685,0.20155,21.182,7.9979
0.69,0.2906,21.717,8.1552
0.695,0.37169,22.255,8.2959
0.7,0.43071,22.795,8.4088
0.705,0.46686,23.33,8.4893
0.71,0.4802,23.857,8.5384
0.715,0.47907,24.378,8.5598
0.72,0.48942,24.919,8.4578
0.725,0.50766,25.464,8.3569
0.73,0.52909,26.01,8.2541
0.735,0.55326,26.556,8.1486
0.74,0.581,27.097,8.0438
0.745,0.60761,27.638,7.9442
0.75,0.63652,28.178,7.8536
0.755,0.65952,28.711,7.7659
0.76,0.68919,29.173,7.6572
0.765,0.7215,29.621,7.5421
0.77,0.75983,30.053,7.4231
0.775,0.80547,30.466,7.3098
0.78,0.86089,30.86,7.2024
0.785,0.92855,31.241,7.1059
0.79,1.0107,31.617,7.0218
0.795,1.1027,31.993,6.9442
0.8,1.1634,32.29,6.8982
0.805,1.2062,32.567,6.8437
0.81,1.2344,32.824,6.7815
0.815,1.2543,33.063,6.7298
0.82,1.2662,33.29,6.7018
0.825,1.2705,33.502,6.6928
0.83,1.2683,33.705,6.6915
0.835,1.2608,33.896,6.7013
0.84,1.2435,33.971,6.7695
0.845,1.2268,34.034,6.8249
0.85,1.2141,34.089,6.8731
0.855,1.2059,34.136,6.9104
0.86,1.2011,34.171,6.9329
0.865,1.2001,34.193,6.9396
0.87,1.2008,34.204,6.9313
0.875,1.2023,34.202,6.9123
0.88,1.1972,34.195,6.9215
0.885,1.1922,34.19,6.933
0.89,1.1832,34.19,6.9424
0.895,1.1708,34.193,6.9542
0.9,1.1542,34.2,6.9714
0.905,1.1311,34.207,6.9936
0.91,1.1086,34.213,7.0184
0.915,1.0819,34.219,7.0442
0.92,1.0508,34.217,7.0363
0.925,1.0189,34.213,7.0153
0.93,0.98768,34.209,6.9794
0.935,0.95698,34.205,6.9276
0.94,0.9305,34.211,6.8703
0.945,0.90642,34.208,6.8055
0.95,0.88649,34.207,6.7447
0.955,0.87067,34.211,6.6931
0.96,0.86871,34.252,6.7043
0.965,0.86785,34.288,6.7092
0.97,0.86518,34.319,6.7078
0.975,0.8615,34.342,6.7024
0.98,0.8568,34.361,6.6942
0.985,0.85002,34.373,6.6869
0.99,0.84262,34.382,6.6813
0.995,0.83308,34.393,6.6766
1,0.82218,34.415,6.6841
1.005,0.8103,34.433,6.6846
1.01,0.79625,34.448,6.6761
1.015,0.77954,34.462,6.6618
1.02,0.76562,34.476,6.6468
1.025,0.75194,34.49,6.6353
1.03,0.74157,34.504,6.6285
1.035,0.73042,34.518,6.6281
1.04,0.70381,34.501,6.5848
1.045,0.67681,34.482,6.5341
1.05,0.65085,34.458,6.4858
1.055,0.62846,34.428,6.4435
1.06,0.60289,34.389,6.4003
1.065,0.57485,34.341,6.3471
1.07,0.54665,34.282,6.2919
1.075,0.51292,34.212,6.2324
1.08,0.46382,34.068,6.2194
1.085,0.42435,33.917,6.2159
1.09,0.38796,33.76,6.2156
1.095,0.3528,33.595,6.2155
1.1,0.31777,33.413,6.214
1.105,0.28627,33.237,6.2163
1.11,0.26058,33.052,6.2258
1.115,0.23829,32.861,6.2362
1.12,0.24395,32.573,6.2083
1.125,0.24102,32.274,6.1752
1.13,0.23298,31.971,6.14
1.135,0.2175,31.658,6.1038
1.14,0.19243,31.335,6.0646
1.145,0.16071,31.009,6.0267
1.15,0.1269,30.678,5.9944
1.155,0.087097,30.34,5.9623
1.16,0.10045,29.927,5.9378
1.165,0.11887,29.504,5.9143
1.17,0.15323,29.074,5.8988
1.175,0.18517,28.64,5.8781
1.18,0.2259,28.198,5.8645
1.185,0.27394,27.752,5.8608
1.19,0.32573,27.303,5.8644
1.195,0.37583,26.85,5.8782
1.2,0.39734,26.396,5.9417
1.205,0.41024,25.93,5.9886
1.21,0.42148,25.451,6.0236
1.215,0.43734,24.96,6.0513
1.22,0.45962,24.461,6.0795
1.225,0.4859,23.959,6.1017
1.23,0.50608,23.448,6.121
1.235,0.51297,22.936,6.1382
1.24,0.468,22.51,6.2153
1.245,0.4105,22.091,6.2754
1.25,0.33969,21.67,6.3116
1.255,0.25911,21.247,6.331
1.26,0.17545,20.81,6.3252
1.265,0.089144,20.36,6.3058
1.27,0.0041834,19.899,6.2896
1.275,-0.072508,19.432,6.2837
1.28,-0.056343,19.007,6.1858
1.285,-0.025536,18.571,6.0857
1.29,0.01704,18.128,5.9941
1.295,0.064526,17.68,5.9092
1.3,0.11097,17.223,5.8345
1.305,0.15176,16.761,5.7665
1.31,0.18726,16.299,5.7084
1.315,0.22407,15.844,5.6831
1.32,0.21828,15.378,5.5843
1.325,0.20011,14.919,5.4697
1.33,0.19043,14.452,5.3455
1.335,0.18323,13.988,5.2213
1.34,0.17537,13.526,5.0866
1.345,0.17258,13.07,4.9617
1.35,0.17264,12.599,4.8469
1.355,0.17897,12.104,4.7571
1.36,0.19628,11.597,4.6974
1.365,0.21519,11.103,4.6133
1.37,0.23435,10.615,4.5248
1.375,0.25205,10.135,4.4334
1.38,0.27052,9.6914,4.3556
1.385,0.28617,9.2667,4.2881
1.39,0.29513,8.8625,4.2274
1.395,0.29979,8.4596,4.1717
1.4,0.31039,8.2077,4.036
1.405,0.33249,7.9632,3.8852
1.41,0.36505,7.7238,3.7296
1.415,0.40282,7.4892,3.5653
1.42,0.44698,7.2618,3.4008
1.425,0.49874,7.0365,3.2508
1.43,0.55672,6.8106,3.1212
1.435,0.61813,6.5859,3.0172
1.44,0.64866,6.4488,2.9096
1.445,0.67152,6.324,2.8071
1.45,0.69308,6.2184,2.7258
1.455,0.70717,6.1267,2.6561
1.46,0.72228,6.0519,2.6077
1.465,0.72819,5.9873,2.5699
1.47,0.72273,5.9361,2.5405
1.475,0.71179,5.9173,2.5202
1.48,0.68228,5.9523,2.5135
1.485,0.65343,5.9811,2.5077
1.49,0.62436,6.0086,2.5084
1.495,0.59666,6.0288,2.5146
1.5,0.56687,6.0423,2.5203
1.505,0.53914,6.0604,2.5349
1.51,0.50923,6.0723,2.5573
1.515,0.47796,6.0853,2.5875
1.52,0.45909,6.1024,2.6851
1.525,0.43847,6.121,2.7824
1.53,0.41648,6.1456,2.8797
1.535,0.39305,6.169,2.9764
1.54,0.36563,6.1996,3.0738
1.545,0.33736,6.2295,3.175
1.55,0.3106,6.2661,3.2796
1.555,0.2853,6.3134,3.3844
1.56,0.23946,6.4068,3.4247
1.565,0.19779,6.4884,3.4716
1.57,0.159,6.5636,3.5241
1.575,0.12509,6.6438,3.5836
1.58,0.0929,6.7145,3.6457
1.585,0.061043,6.7884,3.7087
1.59,0.026451,6.8411,3.7691
1.595,-0.012942,6.896,3.8266
1.6,-0.041934,6.9475,3.8792
1.605,-0.067574,7.0025,3.9327
1.61,-0.088479,7.0574,3.9847
1.615,-0.12207,7.1086,4.0327
1.62,-0.14442,7.1472,4.08
1.625,-0.16831,7.1785,4.1223
1.63,-0.19313,7.2225,4.1592
1.635,-0.21263,7.2665,4.1897
1.64,-0.21881,7.2934,4.2412
1.645,-0.23274,7.33,4.2942
1.65,-0.25878,7.3444,4.3477
1.655,-0.28968,7.3755,4.3991
1.66,-0.32224,7.4181,4.4528
1.665,-0.36774,7.4718,4.5019
1.67,-0.42216,7.5197,4.5531
1.675,-0.46931,7.5605,4.6107
1.68,-0.50005,7.6052,4.6351
1.685,-0.53467,7.6182,4.6584
1.69,-0.57052,7.6562,4.6768
1.695,-0.59897,7.6777,4.7005
1.7,-0.62529,7.6953,4.7315
1.705,-0.64828,7.7204,4.7625
1.71,-0.6702,7.7697,4.7982
1.715,-0.68645,7.826,4.8382
1.72,-0.71591,7.8925,4.8705
1.725,-0.74907,7.9623,4.8956
1.73,-0.78864,8.0279,4.9125
1.735,-0.82011,8.0796,4.9392
1.74,-0.85079,8.0973,4.9711
1.745,-0.88734,8.1194,4.9984
1.75,-0.9156,8.1427,5.0262
1.755,-0.93724,8.1617,5.0646
1.76,-0.9856,8.2038,5.0799
1.765,-1.0298,8.2325,5.1288
1.77,-1.0775,8.2439,5.1736
1.775,-1.1114,8.2456,5.2204
1.78,-1.1477,8.2393,5.2592
1.785,-1.1795,8.2523,5.2974
1.79,-1.2105,8.2714,5.3418
1.795,-1.2345,8.2515,5.3899
1.8,-1.2572,8.2179,5.4037
1.805,-1.2747,8.2,5.4295
1.81,-1.3005,8.1837,5.4499
1.815,-1.3295,8.1762,5.4737
1.82,-1.3668,8.1486,5.4618
1.825,-1.4041,8.1243,5.4511
1.83,-1.4376,8.0924,5.4472
1.835,-1.4846,8.0843,5.432
1.84,-1.5425,8.1092,5.4883
1.845,-1.6145,8.1113,5.5206
1.85,-1.6849,8.1199,5.5586
1.855,-1.7482,8.1381,5.6058
1.86,-1.8153,8.1289,5.6156
1.865,-1.8738,8.1456,5.6089
1.87,-1.9327,8.1758,5.6073
1.875,-1.9925,8.2132,5.6105
1.88,-2.0652,8.2831,5.611
1.885,-2.1448,8.3132,5.5873
1.89,-2.2192,8.3523,5.557
1.895,-2.2849,8.3781,5.5279
1.9,-2.3558,8.4373,5.5026
1.905,-2.4446,8.4907,5.4811
1.91,-2.5294,8.5631,5.45
1.915,-2.617,8.5984,5.4519
1.92,-2.7247,8.6624,5.4568
1.925,-2.8389,8.7301,5.4805
1.93,-2.9692,8.7829,5.4921
1.935,-3.0831,8.8501,5.5077
1.94,-3.2175,8.8991,5.5299
1.945,-3.3357,8.9732,5.56
1.95,-3.4644,9.0128,5.5782
1.955,-3.5869,9.0672,5.5923
1.96,-3.6926,9.1234,5.565
1.965,-3.7988,9.1839,5.5291
1.97,-3.9027,9.2475,5.4877
1.975,-4.0196,9.318,5.4563
1.98,-4.1286,9.3938,5.4204
1.985,-4.238,9.4615,5.3754
1.99,-4.3532,9.5103,5.3264
1.995,-4.4702,9.5843,5.292
2,-4.5638,9.6387,5.2394
2.005,-4.6685,9.6794,5.1996
2.01,-4.7483,9.7329,5.1795
2.015,-4.8181,9.7805,5.1662
2.02,-4.8835,9.8344,5.1423
2.025,-4.932,9.8691,5.1398
2.03,-4.9787,9.9141,5.1265
2.035,-5.0414,9.9465,5.1072
2.04,-5.0947,9.9648,5.0823
2.045,-5.159,9.9624,5.0674
2.05,-5.2161,9.9871,5.0338
2.055,-5.2863,9.9976,4.9971
2.06,-5.3519,9.9889,5.0155
2.065,-5.4268,10.023,5.0132
2.07,-5.4893,10.068,5.0155
2.075,-5.558,10.079,5.0141
2.08,-5.6372,10.112,5.0351
2.085,-5.7278,10.144,5.0587
2.09,-5.8272,10.16,5.0834
2.095,-5.9318,10.185,5.1122
2.1,-6.0462,10.215,5.1373
2.105,-6.1805,10.245,5.1493
2.11,-6.3387,10.281,5.1332
2.115,-6.5165,10.327,5.087
2.12,-6.8663,10.429,4.9298
2.125,-7.2276,10.548,4.7892
2.13,-7.5808,10.66,4.655
2.135,-7.9232,10.762,4.5264
2.14,-8.2542,10.884,4.3925
2.145,-8.5964,11.019,4.2705
2.15,-8.9348,11.165,4.1711
2.155,-9.2567,11.303,4.0732
2.16,-9.5623,11.44,4.0042
2.165,-9.871,11.573,3.9307
2.17,-10.185,11.697,3.8524
2.175,-10.504,11.818,3.762
2.18,-10.827,11.935,3.6571
2.185,-11.15,12.046,3.5381
2.19,-11.482,12.145,3.3949
2.195,-11.81,12.263,3.2431
2.2,-12.123,12.432,3.0663
2.205,-12.442,12.595,2.8734
2.21,-12.754,12.759,2.6793
2.215,-13.057,12.936,2.4963
2.22,-13.353,13.115,2.336
2.225,-13.639,13.301,2.1681
2.23,-13.924,13.479,2.0241
2.235,-14.207,13.666,1.8849
2.24,-14.505,13.806,1.8172
2.245,-14.801,13.935,1.7539
2.25,-15.083,14.05,1.6994
2.255,-15.351,14.157,1.6437
2.26,-15.608,14.262,1.5787
2.265,-15.867,14.376,1.4761
2.27,-16.111,14.484,1.3775
2.275,-16.341,14.585,1.2783
2.28,-16.579,14.717,1.0966
2.285,-16.81,14.863,0.94968
2.29,-17.048,15.013,0.81253
2.295,-17.284,15.161,0.69476
2.3,-17.516,15.299,0.61015
2.305,-17.742,15.427,0.53859
2.31,-17.965,15.557,0.47224
2.315,-18.176,15.665,0.43686
2.32,-18.367,15.728,0.37193
2.325,-18.542,15.781,0.31245
2.33,-18.71,15.831,0.2541
2.335,-18.873,15.885,0.19558
2.34,-19.025,15.946,0.137
2.345,-19.183,16.031,0.064851
2.35,-19.336,16.112,-0.0108
2.355,-19.499,16.174,-0.079626
2.36,-19.676,16.237,-0.14219
2.365,-19.853,16.292,-0.1824
2.37,-20.027,16.328,-0.19963
2.375,-20.205,16.359,-0.21246
2.38,-20.39,16.401,-0.22936
2.385,-20.572,16.43,-0.23621
2.39,-20.753,16.456,-0.23526
2.395,-20.928,16.46,-0.22411
2.4,-21.133,16.48,-0.36168
2.405,-21.332,16.49,-0.47361
2.41,-21.527,16.496,-0.57264
2.415,-21.717,16.519,-0.63641
2.42,-21.919,16.552,-0.69951
2.425,-22.113,16.603,-0.7431
2.43,-22.3,16.672,-0.77944
2.435,-22.491,16.736,-0.8096
2.44,-22.7,16.758,-0.82732
2.445,-22.902,16.788,-0.84605
2.45,-23.101,16.857,-0.88947
2.455,-23.283,16.895,-0.90946
2.46,-23.467,16.9,-0.97748
2.465,-23.644,16.991,-1.0454
2.47,-23.832,17.022,-1.1516
2.475,-24.019,17.044,-1.2465
2.48,-24.172,17.04,-1.265
2.485,-24.326,17.034,-1.2774
2.49,-24.491,17.023,-1.3049
2.495,-24.651,17.029,-1.3052
2.5,-24.811,17.046,-1.3017
2.505,-24.966,17.091,-1.2949
2.51,-25.116,17.126,-1.2836
2.515,-25.261,17.17,-1.2705
2.52,-25.346,17.19,-1.2817
2.525,-25.433,17.213,-1.298
2.53,-25.519,17.232,-1.3133
2.535,-25.596,17.239,-1.3158
2.54,-25.665,17.249,-1.3042
2.545,-25.725,17.244,-1.2799
2.55,-25.776,17.251,-1.2503
2.555,-25.819,17.254,-1.2134
2.56,-25.815,17.285,-1.183
2.565,-25.809,17.304,-1.1555
2.57,-25.801,17.336,-1.134
2.575,-25.786,17.355,-1.1103
2.58,-25.767,17.38,-1.0785
2.585,-25.74,17.403,-1.0364
2.59,-25.715,17.387,-1.0012
2.595,-25.682,17.424,-0.95741
2.6,-25.644,17.465,-0.9689
2.605,-25.591,17.479,-0.95763
2.61,-25.53,17.489,-0.94481
2.615,-25.463,17.508,-0.93755
2.62,-25.387,17.524,-0.93277
2.625,-25.297,17.524,-0.92257
2.63,-25.19,17.532,-0.91227
2.635,-25.082,17.526,-0.90543
2.64,-24.867,17.572,-0.89534
2.645,-24.639,17.588,-0.86752
2.65,-24.403,17.587,-0.83989
2.655,-24.157,17.599,-0.81474
2.66,-23.899,17.614,-0.79569
2.665,-23.625,17.637,-0.77446
2.67,-23.333,17.674,-0.75199
2.675,-23.025,17.715,-0.73087
2.68,-22.648,17.75,-0.63135
2.685,-22.257,17.769,-0.50654
2.69,-21.858,17.787,-0.36675
2.695,-21.444,17.787,-0.20618
2.7,-21.021,17.788,-0.035543
2.705,-20.583,17.785,0.15767
2.71,-20.133,17.777,0.36591
2.715,-19.666,17.767,0.60291
2.72,-19.367,17.726,0.69089
2.725,-19.076,17.685,0.75756
2.73,-18.789,17.66,0.81231
2.735,-18.503,17.636,0.84975
2.74,-18.199,17.633,0.90415
2.745,-17.877,17.626,0.95965
2.75,-17.54,17.613,1.001
2.755,-17.186,17.61,1.0242
2.76,-16.663,17.637,1.0865
2.765,-16.124,17.657,1.1645
2.77,-15.571,17.664,1.2653
2.775,-15.005,17.691,1.3863
2.78,-14.435,17.671,1.5508
2.785,-13.83,17.617,1.7538
2.79,-13.221,17.562,1.9799
2.795,-12.597,17.494,2.2232
2.8,-11.995,17.392,2.5598
2.805,-11.399,17.291,2.8939
2.81,-10.803,17.188,3.2355
2.815,-10.204,17.083,3.5839
2.82,-9.6093,16.986,3.9182
2.825,-9.0173,16.89,4.2438
2.83,-8.419,16.804,4.5627
2.835,-7.8168,16.73,4.8667
2.84,-7.1224,16.726,5.1449
2.845,-6.4317,16.726,5.3849
2.85,-5.7394,16.725,5.6034
2.855,-5.0519,16.728,5.7984
2.86,-4.3465,16.731,5.9873
2.865,-3.639,16.735,6.161
2.87,-2.9222,16.741,6.342
2.875,-2.1987,16.746,6.5332
2.88,-1.4447,16.737,6.721
2.885,-0.70051,16.701,6.9137
2.89,0.02064,16.621,7.1066
2.895,0.71503,16.49,7.3134
2.9,1.3793,16.313,7.5317
2.905,2.0249,16.12,7.7673
2.91,2.6615,15.931,8.0177
2.915,3.301,15.743,8.2964
2.92,3.8946,15.551,8.4479
2.925,4.4707,15.349,8.5545
2.93,5.0455,15.163,8.6411
2.935,5.6124,14.974,8.7207
2.94,6.178,14.796,8.8359
2.945,6.7533,14.624,8.9659
2.95,7.3358,14.457,9.1205
2.955,7.9073,14.27,9.269
2.96,8.3723,14.148,9.331
2.965,8.8262,14.039,9.358
2.97,9.2575,13.951,9.3561
2.975,9.6697,13.878,9.3519
2.98,10.058,13.782,9.36
2.985,10.442,13.692,9.3882
2.99,10.83,13.613,9.4431
2.995,11.221,13.532,9.5262
3,11.55,13.485,9.4477
3.005,11.868,13.44,9.3866
3.01,12.177,13.385,9.327
3.015,12.483,13.343,9.298
3.02,12.787,13.3,9.2608
3.025,13.069,13.264,9.237
3.03,13.342,13.224,9.2188
3.035,13.61,13.189,9.1856
3.04,13.809,13.103,9.0852
3.045,14.021,13.025,8.9959
3.05,14.231,12.954,8.9144
3.055,14.446,12.874,8.8471
3.06,14.661,12.788,8.8006
3.065,14.879,12.701,8.778
3.07,15.101,12.604,8.7966
3.075,15.315,12.482,8.8439
3.08,15.398,12.38,8.8811
3.085,15.468,12.295,8.9062
3.09,15.527,12.227,8.9337
3.095,15.586,12.171,8.976
3.1,15.656,12.119,9.0385
3.105,15.726,12.079,9.0952
3.11,15.799,12.044,9.1457
3.115,15.878,12.006,9.2014
3.12,15.927,11.987,9.2448
3.125,15.975,11.975,9.2923
3.13,16.017,11.96,9.3422
3.135,16.059,11.942,9.3913
3.14,16.1,11.93,9.4373
3.145,16.142,11.909,9.4781
3.15,16.192,11.876,9.5205
3.155,16.252,11.835,9.5778
3.16,16.263,11.775,9.5705
3.165,16.267,11.704,9.548
3.17,16.268,11.64,9.5381
3.175,16.26,11.586,9.5417
3.18,16.242,11.538,9.5428
3.185,16.21,11.503,9.5331
3.19,16.167,11.482,9.5053
3.195,16.123,11.458,9.4884
3.2,16.083,11.459,9.5318
3.205,16.051,11.456,9.578
3.21,16.02,11.454,9.6228
3.215,15.983,11.448,9.6548
3.22,15.945,11.437,9.6781
3.225,15.896,11.42,9.6783
3.23,15.846,11.409,9.6758
3.235,15.788,11.4,9.6675
3.24,15.669,11.422,9.6546
3.245,15.549,11.452,9.6498
3.25,15.439,11.493,9.6645
3.255,15.329,11.542,9.6913
3.26,15.218,11.59,9.718
3.265,15.103,11.635,9.7397
3.27,14.978,11.682,9.7388
3.275,14.849,11.723,9.7255
3.28,14.636,11.812,9.6688
3.285,14.41,11.917,9.6028
3.29,14.179,12.008,9.5463
3.295,13.943,12.113,9.5
3.3,13.721,12.225,9.4728
3.305,13.505,12.346,9.4543
3.31,13.299,12.463,9.4475
3.315,13.103,12.584,9.4644
3.32,12.883,12.746,9.4715
3.325,12.666,12.899,9.4921
3.33,12.442,13.069,9.503
3.335,12.203,13.246,9.4957
3.34,11.95,13.417,9.4616
3.345,11.682,13.594,9.4341
3.35,11.397,13.75,9.3726
3.355,11.096,13.909,9.2886
3.36,10.684,14.119,9.3144
3.365,10.28,14.324,9.3542
3.37,9.8857,14.516,9.401
3.375,9.5013,14.698,9.4596
3.38,9.1282,14.868,9.5266
3.385,8.7657,15.031,9.6106
3.39,8.4069,15.182,9.7029
3.395,8.055,15.338,9.7933
3.4,7.6185,15.473,9.7264
3.405,7.1596,15.637,9.6491
3.41,6.6839,15.816,9.5641
3.415,6.1999,15.994,9.4916
3.42,5.7037,16.163,9.4316
3.425,5.1988,16.327,9.3776
3.43,4.6861,16.495,9.3132
3.435,4.1549,16.663,9.2263
3.44,3.7214,16.877,9.0832
3.445,3.2897,17.088,8.9179
3.45,2.8564,17.292,8.7336
3.455,2.4163,17.495,8.5157
3.46,1.9606,17.691,8.2529
3.465,1.4972,17.892,7.9845
3.47,1.0288,18.093,7.7137
3.475,0.55736,18.286,7.4763
3.48,-0.013699,18.443,7.3827
3.485,-0.58763,18.585,7.2859
3.49,-1.156,18.712,7.1958
3.495,-1.7188,18.828,7.0993
3.5,-2.2777,18.931,6.9996
3.505,-2.8344,19.021,6.8951
3.51,-3.388,19.1,6.7814
3.515,-3.9431,19.175,6.6555
3.52,-4.5731,19.226,6.3338
3.525,-5.2291,19.276,5.9804
3.53,-5.9044,19.339,5.633
3.535,-6.5755,19.411,5.3159
3.54,-7.2374,19.482,5.0659
3.545,-7.8884,19.556,4.9055
3.55,-8.5298,19.629,4.8372
3.555,-9.1637,19.711,4.7988
3.56,-9.7592,19.8,4.6918
3.565,-10.343,19.898,4.5668
3.57,-10.92,19.982,4.4506
3.575,-11.495,20.078,4.3205
3.58,-12.082,20.182,4.1729
3.585,-12.668,20.294,4.0205
3.59,-13.267,20.4,3.8731
3.595,-13.859,20.504,3.7496
3.6,-14.392,20.618,3.6823
3.605,-14.907,20.722,3.6129
3.61,-15.401,20.816,3.5529
3.615,-15.876,20.92,3.4869
3.62,-16.347,21.012,3.4143
3.625,-16.817,21.107,3.3279
3.63,-17.29,21.221,3.1753
3.635,-17.769,21.326,2.9875
3.64,-18.246,21.425,2.9448
3.645,-18.712,21.513,2.9504
3.65,-19.18,21.601,2.9721
3.655,-19.638,21.675,3.0334
3.66,-20.085,21.735,3.1325
3.665,-20.527,21.787,3.2472
3.67,-20.983,21.822,3.3155
3.675,-21.422,21.856,3.4211
3.68,-21.767,21.951,3.4099
3.685,-22.127,21.963,3.3601
3.69,-22.493,21.951,3.3087
3.695,-22.874,21.956,3.2219
3.7,-23.264,21.973,3.1043
3.705,-23.675,22.004,2.9716
3.71,-24.103,22.025,2.8502
3.715,-24.539,22.023,2.7625
3.72,-24.869,21.946,2.7602
3.725,-25.196,21.887,2.7307
3.73,-25.518,21.825,2.6946
3.735,-25.842,21.777,2.6512
3.74,-26.167,21.728,2.6124
3.745,-26.48,21.684,2.6005
3.75,-26.802,21.655,2.611
3.755,-27.115,21.616,2.6497
3.76,-27.322,21.548,2.6068
3.765,-27.516,21.477,2.5589
3.77,-27.701,21.41,2.4939
3.775,-27.883,21.349,2.4178
3.78,-28.054,21.284,2.3431
3.785,-28.221,21.224,2.2664
3.79,-28.385,21.162,2.1911
3.795,-28.542,21.092,2.1182
3.8,-28.606,21.029,2.0821
3.805,-28.658,20.973,2.0483
3.81,-28.701,20.925,2.0022
3.815,-28.738,20.88,1.9624
3.82,-28.772,20.834,1.9233
3.825,-28.798,20.791,1.8764
3.83,-28.815,20.748,1.8239
3.835,-28.827,20.709,1.7643
3.84,-28.804,20.682,1.6974
3.845,-28.78,20.656,1.6189
3.85,-28.762,20.62,1.5403
3.855,-28.751,20.577,1.4646
3.86,-28.744,20.535,1.3932
3.865,-28.735,20.492,1.3281
3.87,-28.726,20.491,1.2518
3.875,-28.715,20.446,1.1813
3.88,-28.653,20.422,1.0564
3.885,-28.584,20.39,0.93138
3.89,-28.515,20.357,0.80512
3.895,-28.42,20.321,0.73893
3.9,-28.306,20.298,0.70945
3.905,-28.203,20.31,0.70225
3.91,-28.063,20.3,0.7319
3.915,-27.934,20.276,0.7283
3.92,-27.808,20.246,0.74272
3.925,-27.685,20.21,0.7512
3.93,-27.567,20.167,0.7475
3.935,-27.452,20.122,0.72912
3.94,-27.339,20.07,0.70239
3.945,-27.221,20.012,0.66894
3.95,-27.097,19.95,0.63143
3.955,-26.957,19.903,0.57506
3.96,-26.613,19.953,0.60507
3.965,-26.258,19.992,0.58902
3.97,-25.905,20.023,0.5674
3.975,-25.569,20.036,0.53782
3.98,-25.255,20.039,0.50284
3.985,-24.96,20.032,0.46452
3.99,-24.681,20.011,0.42508
3.995,-24.416,19.993,0.39191
4,-23.911,19.921,0.60273
4.005,-23.361,19.848,0.83328
4.01,-22.769,19.776,1.0885
4.015,-22.171,19.694,1.3453
4.02,-21.552,19.6,1.5914
4.025,-20.916,19.509,1.8213
4.03,-20.272,19.409,2.0241
4.035,-19.633,19.288,2.1781
4.04,-19.061,19.223,2.3456
4.045,-18.512,19.167,2.5195
4.05,-17.99,19.112,2.6912
4.055,-17.497,19.056,2.8469
4.06,-17.029,18.987,2.9878
4.065,-16.585,18.905,3.1071
4.07,-16.156,18.798,3.1986
4.075,-15.753,18.683,3.2614
4.08,-15.315,18.575,3.4587
4.085,-14.867,18.467,3.6628
4.09,-14.402,18.366,3.8802
4.095,-13.923,18.266,4.1145
4.1,-13.437,18.153,4.3652
4.105,-12.952,18.04,4.6217
4.11,-12.488,17.923,4.8518
4.115,-12.029,17.834,5.0632
4.12,-11.641,17.742,5.1623
4.125,-11.269,17.647,5.2482
4.13,-10.907,17.557,5.3197
4.135,-10.557,17.461,5.3745
4.14,-10.218,17.358,5.4233
4.145,-9.8874,17.256,5.4556
4.15,-9.5526,17.138,5.4995
4.155,-9.2245,17.037,5.5153
4.16,-8.8085,16.982,5.5788
4.165,-8.3914,16.937,5.6384
4.17,-7.9613,16.895,5.698
4.175,-7.5231,16.864,5.7548
4.18,-7.062,16.868,5.8173
4.185,-6.596,16.862,5.8756
4.19,-6.1279,16.858,5.9354
4.195,-5.6561,16.865,5.9916
4.2,-5.0303,16.906,6.1571
4.205,-4.3927,16.951,6.3286
4.21,-3.7448,16.966,6.4948
4.215,-3.0879,16.956,6.6491
4.22,-2.4178,16.958,6.7994
4.225,-1.7424,16.958,6.9471
4.23,-1.0754,16.918,7.1041
4.235,-0.40467,16.843,7.2719
4.24,0.15296,16.735,7.3393
4.245,0.71142,16.614,7.3908
4.25,1.2572,16.5,7.4222
4.255,1.7914,16.375,7.4272
4.26,2.2983,16.25,7.4205
4.265,2.7862,16.113,7.4223
4.27,3.2623,15.96,7.4113
4.275,3.7197,15.816,7.3942
4.28,4.0199,15.605,7.3144
4.285,4.3234,15.396,7.2554
4.29,4.6309,15.193,7.2175
4.295,4.9479,14.998,7.1944
4.3,5.2692,14.806,7.19
4.305,5.5911,14.597,7.1935
4.31,5.9092,14.382,7.1942
4.315,6.2272,14.167,7.1935
4.32,6.4825,13.98,7.1026
4.325,6.7351,13.796,7.0256
4.33,6.9788,13.619,6.9661
4.335,7.2172,13.442,6.9271
4.34,7.4559,13.265,6.9139
4.345,7.6986,13.083,6.931
4.35,7.9419,12.888,6.9618
4.355,8.1842,12.683,7.0048
4.36,8.4413,12.512,7.0682
4.365,8.6893,12.34,7.0957
4.37,8.9254,12.17,7.0931
4.375,9.1528,11.997,7.0676
4.38,9.3792,11.831,7.0258
4.385,9.6046,11.678,6.9761
4.39,9.8262,11.533,6.9295
4.395,10.044,11.391,6.8948
4.4,10.142,11.275,6.8925
4.405,10.233,11.168,6.8939
4.41,10.317,11.073,6.9044
4.415,10.394,10.982,6.9171
4.42,10.461,10.898,6.9284
4.425,10.516,10.818,6.9386
4.43,10.571,10.75,6.9584
4.435,10.627,10.699,7.0023
4.44,10.642,10.741,7.0889
4.445,10.652,10.797,7.1636
4.45,10.651,10.859,7.2173
4.455,10.641,10.931,7.253
4.46,10.626,11.007,7.2758
4.465,10.606,11.08,7.2965
4.47,10.579,11.146,7.3269
4.475,10.543,11.191,7.3516
4.48,10.502,11.229,7.3561
4.485,10.463,11.269,7.3567
4.49,10.431,11.31,7.362
4.495,10.405,11.359,7.3849
4.5,10.389,11.405,7.4343
4.505,10.376,11.445,7.4935
4.51,10.364,11.479,7.5509
4.515,10.347,11.511,7.5928
4.52,10.261,11.501,7.6359
4.525,10.175,11.495,7.6806
4.53,10.082,11.471,7.7233
4.535,9.9865,11.449,7.7664
4.54,9.8855,11.438,7.8107
4.545,9.778,11.428,7.8406
4.55,9.6671,11.411,7.855
4.555,9.5526,11.406,7.8656
4.56,9.4045,11.439,7.886
4.565,9.2551,11.492,7.9184
4.57,9.0995,11.55,7.9554
4.575,8.9307,11.608,7.9955
4.58,8.7519,11.671,8.0453
4.585,8.5699,11.741,8.117
4.59,8.3809,11.811,8.192
4.595,8.1879,11.888,8.2679
4.6,7.9711,12.005,8.3028
4.605,7.7458,12.127,8.3323
4.61,7.5204,12.244,8.3476
4.615,7.2985,12.37,8.3626
4.62,7.0804,12.493,8.3761
4.625,6.8632,12.621,8.402
4.63,6.6499,12.74,8.4419
4.635,6.4318,12.858,8.4955
4.64,6.1514,13.003,8.526
4.645,5.8511,13.145,8.5387
4.65,5.535,13.305,8.5015
4.655,5.2096,13.458,8.4403
4.66,4.8714,13.62,8.3487
4.665,4.5144,13.782,8.2617
4.67,4.1404,13.953,8.187
4.675,3.7554,14.125,8.1201
4.68,3.2972,14.294,8.1603
4.685,2.8325,14.429,8.2068
4.69,2.364,14.545,8.2518
4.695,1.9047,14.693,8.3159
4.7,1.4401,14.846,8.3766
4.705,0.96423,14.962,8.4492
4.71,0.45746,15.063,8.4968
4.715,-0.054755,15.163,8.5149
4.72,-0.64335,15.177,8.4344
4.725,-1.2219,15.211,8.3662
4.73,-1.7906,15.254,8.2983
4.735,-2.3498,15.301,8.2323
4.74,-2.9169,15.353,8.1612
4.745,-3.4884,15.409,8.0688
4.75,-4.0536,15.446,7.9697
4.755,-4.6136,15.493,7.8571
4.76,-5.0424,15.601,7.7317
4.765,-5.4613,15.71,7.5939
4.77,-5.8753,15.823,7.4428
4.775,-6.2845,15.937,7.2849
4.78,-6.6873,16.058,7.1208
4.785,-7.0938,16.178,6.95
4.79,-7.524,16.304,6.749
4.795,-7.9489,16.439,6.5336
4.8,-8.3429,16.557,6.4633
4.805,-8.7103,16.68,6.4429
4.81,-9.0653,16.82,6.4488
4.815,-9.4024,16.95,6.4565
4.82,-9.7231,17.076,6.4508
4.825,-10.026,17.2,6.4302
4.83,-10.31,17.323,6.401
4.835,-10.571,17.443,6.3717
4.84,-10.897,17.598,6.1861
4.845,-11.236,17.749,5.9923
4.85,-11.6,17.893,5.7921
4.855,-11.983,18.039,5.5973
4.86,-12.363,18.136,5.4785
4.865,-12.733,18.26,5.381
4.87,-13.095,18.374,5.3079
4.875,-13.45,18.482,5.2586
4.88,-13.817,18.583,5.1778
4.885,-14.198,18.666,5.0875
4.89,-14.59,18.766,4.9948
4.895,-15,18.846,4.8953
4.9,-15.412,18.94,4.796
4.905,-15.843,19.03,4.6865
4.91,-16.279,19.085,4.5956
4.915,-16.732,19.165,4.5084
4.92,-17.081,19.265,4.4701
4.925,-17.429,19.383,4.4138
4.93,-17.778,19.512,4.3356
4.935,-18.135,19.595,4.2583
4.94,-18.487,19.712,4.1766
4.945,-18.833,19.801,4.0955
4.95,-19.177,19.945,3.9661
4.955,-19.537,20.05,3.8182
4.96,-19.868,20.228,3.6856
4.965,-20.179,20.398,3.5866
4.97,-20.483,20.565,3.5003
4.975,-20.775,20.735,3.4135
4.98,-21.058,20.883,3.3352
4.985,-21.336,21.021,3.2531
4.99,-21.608,21.157,3.1639
4.995,-21.877,21.286,3.0796
5,-22.034,21.304,3.0668
5.005,-22.167,21.305,3.0876
5.01,-22.286,21.299,3.1359
5.015,-22.381,21.278,3.2129
5.02,-22.455,21.256,3.3043
5.025,-22.507,21.217,3.4024
5.03,-22.534,21.172,3.5029
5.035,-22.538,21.118,3.6053
5.04,-22.405,21.073,3.6691
5.045,-22.306,21.021,3.6645
5.05,-22.21,21,3.664
5.055,-22.114,20.965,3.6612
5.06,-22.023,20.922,3.6602
5.065,-21.939,20.912,3.666
5.07,-21.864,20.888,3.6682
5.075,-21.789,20.9,3.6982
5.08,-21.611,20.847,3.8226
5.085,-21.414,20.788,3.9344
5.09,-21.2,20.724,4.0348
5.095,-20.959,20.659,4.1336
5.1,-20.695,20.592,4.2356
5.105,-20.411,20.528,4.3448
5.11,-20.117,20.472,4.4607
5.115,-19.842,20.384,4.5386
5.12,-19.678,20.331,4.5483
5.125,-19.536,20.27,4.5679
5.13,-19.4,20.192,4.6001
5.135,-19.284,20.111,4.6443
5.14,-19.186,20.024,4.7001
5.145,-19.105,19.929,4.7683
5.15,-19.038,19.829,4.8492
5.155,-18.986,19.738,4.9374
5.16,-19.039,19.671,4.9286
5.165,-19.089,19.622,4.9196
5.17,-19.142,19.583,4.9117
5.175,-19.195,19.552,4.8964
5.18,-19.244,19.518,4.8683
5.185,-19.292,19.493,4.8253
5.19,-19.34,19.472,4.7842
5.195,-19.368,19.452,4.767
5.2,-19.365,19.491,4.7244
5.205,-19.364,19.535,4.6796
5.21,-19.365,19.563,4.6262
5.215,-19.373,19.584,4.5664
5.22,-19.389,19.615,4.5072
5.225,-19.419,19.631,4.4474
5.23,-19.457,19.639,4.3921
5.235,-19.5,19.65,4.3436
5.24,-19.566,19.651,4.3289
5.245,-19.625,19.636,4.3035
5.25,-19.681,19.627,4.2758
5.255,-19.732,19.603,4.249
5.26,-19.797,19.606,4.2042
5.265,-19.852,19.603,4.1604
5.27,-19.916,19.604,4.118
5.275,-19.966,19.644,4.1021
5.28,-20.014,19.675,4.0933
5.285,-20.057,19.704,4.0841
5.29,-20.096,19.739,4.0821
5.295,-20.142,19.772,4.1077
5.3,-20.174,19.809,4.1398
5.305,-20.222,19.822,4.1439
5.31,-20.279,19.809,4.1547
5.315,-20.327,19.825,4.1567
5.32,-20.331,19.824,4.2593
5.325,-20.324,19.865,4.3608
5.33,-20.34,19.882,4.4405
5.335,-20.331,19.925,4.5609
5.34,-20.32,19.972,4.7123
5.345,-20.318,19.974,4.8866
5.35,-20.302,20.011,5.1112
5.355,-20.281,20.043,5.3712
5.36,-20.284,20.076,5.6366
5.365,-20.312,20.102,5.8517
5.37,-20.362,20.121,6.0327
5.375,-20.428,20.143,6.2014
5.38,-20.497,20.18,6.3776
5.385,-20.562,20.202,6.5939
5.39,-20.612,20.235,6.8716
5.395,-20.65,20.277,7.1976
5.4,-20.715,20.355,7.5532
5.405,-20.815,20.428,7.8635
5.41,-20.959,20.5,8.1311
5.415,-21.141,20.564,8.3936
5.42,-21.35,20.62,8.7031
5.425,-21.58,20.666,9.0762
5.43,-21.834,20.699,9.4956
5.435,-22.106,20.717,9.951
5.44,-22.295,20.677,10.527
5.445,-22.464,20.644,11.094
5.45,-22.609,20.616,11.675
5.455,-22.741,20.61,12.272
5.46,-22.846,20.627,12.893
5.465,-22.928,20.666,13.555
5.47,-22.986,20.724,14.26
5.475,-23.035,20.79,15.005
5.48,-23.052,20.877,15.769
5.485,-23.07,20.941,16.551
5.49,-23.09,20.979,17.357
5.495,-23.108,20.995,18.193
5.5,-23.119,20.994,19.055
5.505,-23.125,20.978,19.938
5.51,-23.128,20.943,20.825
5.515,-23.127,20.909,21.714
5.52,-23,20.876,22.579
5.525,-22.867,20.842,23.423
5.53,-22.737,20.802,24.248
5.535,-22.609,20.753,25.056
5.54,-22.48,20.721,25.835
5.545,-22.363,20.682,26.581
5.55,-22.26,20.641,27.312
5.555,-22.169,20.596,28.015
5.56,-22.069,20.535,28.776
5.565,-21.967,20.476,29.529
5.57,-21.866,20.415,30.258
5.575,-21.77,20.359,30.948
5.58,-21.682,20.298,31.587
5.585,-21.593,20.234,32.188
5.59,-21.497,20.171,32.775
5.595,-21.401,20.109,33.337
5.6,-21.33,20.099,33.599
5.605,-21.273,20.09,33.813
5.61,-21.224,20.083,33.987
5.615,-21.178,20.08,34.138
5.62,-21.131,20.081,34.284
5.625,-21.083,20.085,34.436
5.63,-21.043,20.097,34.6
5.635,-20.99,20.106,34.787
5.64,-20.946,20.09,34.868
5.645,-20.906,20.072,34.941
5.65,-20.875,20.054,34.995
5.655,-20.854,20.031,35.022
5.66,-20.845,20.009,35.029
5.665,-20.851,19.993,34.998
5.67,-20.857,19.972,34.927
5.675,-20.868,19.955,34.805
5.68,-20.93,20.024,34.173
5.685,-20.982,20.101,33.561
5.69,-21.023,20.184,32.986
5.695,-21.063,20.273,32.436
5.7,-21.111,20.368,31.882
5.705,-21.168,20.462,31.316
5.71,-21.245,20.559,30.716
5.715,-21.343,20.654,30.063
5.72,-21.508,20.728,28.894
5.725,-21.669,20.8,27.681
5.73,-21.827,20.872,26.433
5.735,-21.982,20.942,25.151
5.74,-22.131,21.01,23.85
5.745,-22.271,21.073,22.537
5.75,-22.406,21.133,21.23
5.755,-22.535,21.186,19.946
5.76,-22.625,21.203,19.054
5.765,-22.71,21.205,18.157
5.77,-22.791,21.193,17.244
5.775,-22.874,21.17,16.301
5.78,-22.958,21.142,15.317
5.785,-23.047,21.108,14.308
5.79,-23.14,21.075,13.255
5.795,-23.234,21.041,12.162
5.8,-23.26,20.864,11.11
5.805,-23.268,20.686,10.144
5.81,-23.26,20.52,9.2689
5.815,-23.241,20.358,8.4429
5.82,-23.215,20.213,7.7061
5.825,-23.19,20.083,7.0491
5.83,-23.166,19.963,6.4477
5.835,-23.151,19.846,5.8733
5.84,-23.2,19.621,5.0362
5.845,-23.25,19.395,4.1697
5.85,-23.297,19.174,3.2862
5.855,-23.333,18.958,2.411
5.86,-23.358,18.749,1.5629
5.865,-23.376,18.561,0.75226
5.87,-23.396,18.39,-0.013907
5.875,-23.421,18.235,-0.74389
5.88,-23.499,18.154,-1.3975
5.885,-23.581,18.071,-2.0796
5.89,-23.661,17.989,-2.7801
5.895,-23.744,17.912,-3.4856
5.9,-23.829,17.836,-4.1789
5.905,-23.912,17.765,-4.8484
5.91,-23.99,17.706,-5.494
5.915,-24.065,17.661,-6.1205
5.92,-24.115,17.647,-6.702
5.925,-24.158,17.628,-7.259
5.93,-24.196,17.604,-7.7858
5.935,-24.225,17.575,-8.2859
5.94,-24.249,17.541,-8.7759
5.945,-24.274,17.496,-9.261
5.95,-24.299,17.451,-9.7571
5.955,-24.327,17.406,-10.273
5.96,-24.342,17.421,-10.808
5.965,-24.363,17.44,-11.358
5.97,-24.389,17.46,-11.929
5.975,-24.419,17.48,-12.497
5.98,-24.45,17.504,-13.068
5.985,-24.486,17.523,-13.648
5.99,-24.533,17.535,-14.246
5.995,-24.585,17.546,-14.862
6,-24.702,17.526,-15.608
6.005,-24.833,17.513,-16.35
6.01,-24.971,17.511,-17.059
6.015,-25.111,17.525,-17.744
6.02,-25.25,17.544,-18.379
6.025,-25.39,17.567,-18.973
6.03,-25.534,17.59,-19.542
6.035,-25.678,17.621,-20.099
6.04,-25.778,17.603,-20.727
6.045,-25.869,17.577,-21.352
6.05,-25.953,17.551,-21.976
6.055,-26.032,17.521,-22.596
6.06,-26.105,17.492,-23.208
6.065,-26.174,17.467,-23.811
6.07,-26.251,17.444,-24.416
6.075,-26.33,17.431,-25.012
6.08,-26.329,17.433,-25.478
6.085,-26.324,17.436,-25.948
6.09,-26.307,17.45,-26.417
6.095,-26.297,17.468,-26.877
6.1,-26.284,17.493,-27.31
6.105,-26.266,17.523,-27.711
6.11,-26.246,17.56,-28.077
6.115,-26.223,17.605,-28.412
6.12,-26.205,17.622,-28.566
6.125,-26.187,17.63,-28.714
6.13,-26.168,17.636,-28.851
6.135,-26.148,17.634,-28.975
6.14,-26.129,17.628,-29.084
6.145,-26.111,17.617,-29.179
6.15,-26.101,17.6,-29.272
6.155,-26.093,17.58,-29.364
6.16,-26.111,17.607,-29.323
6.165,-26.13,17.644,-29.231
6.17,-26.151,17.689,-29.102
6.175,-26.171,17.734,-28.957
6.18,-26.191,17.774,-28.81
6.185,-26.211,17.809,-28.67
6.19,-26.229,17.835,-28.543
6.195,-26.241,17.851,-28.431
6.2,-26.197,17.869,-28.188
6.205,-26.149,17.9,-27.889
6.21,-26.098,17.946,-27.515
6.215,-26.041,18.003,-27.107
6.22,-25.985,18.077,-26.625
6.225,-25.923,18.168,-26.056
6.23,-25.858,18.274,-25.397
6.235,-25.78,18.392,-24.634
6.24,-25.655,18.502,-23.424
6.245,-25.548,18.593,-22.247
6.25,-25.466,18.668,-21.14
6.255,-25.387,18.729,-20.09
6.26,-25.314,18.777,-19.084
6.265,-25.246,18.817,-18.104
6.27,-25.183,18.853,-17.148
6.275,-25.129,18.891,-16.227
6.28,-25.14,18.942,-15.496
6.285,-25.137,19.008,-14.71
6.29,-25.114,19.088,-13.86
6.295,-25.075,19.18,-12.98
6.3,-25.015,19.281,-12.041
6.305,-24.943,19.395,-11.037
6.31,-24.843,19.519,-9.9507
6.315,-24.705,19.652,-8.7787
6.32,-24.594,19.686,-7.968
6.325,-24.483,19.716,-7.1557
6.33,-24.367,19.74,-6.3263
6.335,-24.245,19.755,-5.4848
6.34,-24.121,19.766,-4.6423
6.345,-23.998,19.775,-3.8014
6.35,-23.88,19.782,-2.9589
6.355,-23.761,19.785,-2.1029
6.36,-23.627,19.853,-1.0616
6.365,-23.484,19.903,-0.0016875
6.37,-23.338,19.946,1.0754
6.375,-23.188,19.965,2.1616
6.38,-23.043,19.966,3.2487
6.385,-22.913,19.921,4.3117
6.39,-22.801,19.862,5.3138
6.395,-22.695,19.796,6.2924
6.4,-22.61,19.817,7.2209
6.405,-22.52,19.852,8.1819
6.41,-22.423,19.88,9.193
6.415,-22.316,19.902,10.257
6.42,-22.21,19.914,11.352
6.425,-22.11,19.905,12.446
6.43,-22.024,19.874,13.506
6.435,-21.955,19.826,14.502
6.44,-22.023,19.772,15.039
6.445,-22.095,19.732,15.619
6.45,-22.165,19.705,16.261
6.455,-22.226,19.69,16.931
6.46,-22.282,19.677,17.645
6.465,-22.335,19.663,18.377
6.47,-22.38,19.64,19.101
6.475,-22.416,19.608,19.816
6.48,-22.355,19.554,20.359
6.485,-22.31,19.506,20.863
6.49,-22.279,19.46,21.346
6.495,-22.259,19.417,21.826
6.5,-22.243,19.375,22.313
6.505,-22.231,19.335,22.815
6.51,-22.221,19.301,23.328
6.515,-22.215,19.27,23.84
6.52,-22.202,19.222,24.361
6.525,-22.197,19.17,24.869
6.53,-22.199,19.106,25.359
6.535,-22.205,19.036,25.846
6.54,-22.214,18.967,26.358
6.545,-22.22,18.905,26.9
6.55,-22.229,18.843,27.462
6.555,-22.241,18.778,28.019
6.56,-22.264,18.791,28.264
6.565,-22.284,18.809,28.469
6.57,-22.296,18.838,28.646
6.575,-22.301,18.875,28.803
6.58,-22.298,18.916,28.95
6.585,-22.294,18.963,29.074
6.59,-22.285,19.016,29.188
6.595,-22.272,19.077,29.304
6.6,-22.305,19.099,29.357
6.605,-22.333,19.118,29.415
6.61,-22.357,19.136,29.474
6.615,-22.383,19.153,29.513
6.62,-22.412,19.167,29.536
6.625,-22.446,19.174,29.524
6.63,-22.486,19.175,29.48
6.635,-22.528,19.17,29.405
6.64,-22.603,19.165,28.948
6.645,-22.689,19.16,28.434
6.65,-22.784,19.157,27.855
6.655,-22.887,19.162,27.23
6.66,-22.985,19.181,26.594
6.665,-23.087,19.199,25.939
6.67,-23.185,19.224,25.279
6.675,-23.285,19.26,24.617
6.68,-23.463,19.349,23.599
6.685,-23.658,19.436,22.535
6.69,-23.861,19.52,21.385
6.695,-24.077,19.596,20.158
6.7,-24.304,19.663,18.862
6.705,-24.536,19.721,17.509
6.71,-24.771,19.779,16.122
6.715,-25.004,19.832,14.738
6.72,-25.172,19.928,13.706
6.725,-25.344,20.017,12.671
6.73,-25.512,20.097,11.635
6.735,-25.677,20.169,10.596
6.74,-25.839,20.233,9.5488
6.745,-25.999,20.284,8.4798
6.75,-26.154,20.317,7.3957
6.755,-26.3,20.331,6.3103
6.76,-26.419,20.193,5.5137
6.765,-26.542,20.059,4.7454
6.77,-26.669,19.933,4.0051
6.775,-26.794,19.82,3.3001
6.78,-26.909,19.71,2.6346
6.785,-27.021,19.613,1.9881
6.79,-27.135,19.538,1.3513
6.795,-27.232,19.463,0.77238
6.8,-27.153,19.287,0.17934
6.805,-27.057,19.117,-0.38188
6.81,-26.95,18.96,-0.91394
6.815,-26.841,18.82,-1.4301
6.82,-26.747,18.697,-1.949
6.825,-26.668,18.586,-2.4626
6.83,-26.591,18.5,-2.9677
6.835,-26.522,18.421,-3.4702
6.84,-26.512,18.4,-4.0067
6.845,-26.499,18.384,-4.5385
6.85,-26.481,18.372,-5.0715
6.855,-26.463,18.362,-5.6035
6.86,-26.447,18.344,-6.1442
6.865,-26.439,18.317,-6.7042
6.87,-26.445,18.288,-7.2881
6.875,-26.466,18.256,-7.8834
6.88,-26.578,18.324,-8.3114
6.885,-26.695,18.404,-8.7556
6.89,-26.81,18.489,-9.2257
6.895,-26.919,18.575,-9.7186
6.9,-27.013,18.663,-10.222
6.905,-27.087,18.75,-10.731
6.91,-27.138,18.836,-11.236
6.915,-27.177,18.914,-11.75
6.92,-27.123,18.891,-12.321
6.925,-27.074,18.862,-12.882
6.93,-27.036,18.836,-13.424
6.935,-27.005,18.816,-13.933
6.94,-26.979,18.81,-14.405
6.945,-26.958,18.817,-14.835
6.95,-26.941,18.83,-15.248
6.955,-26.929,18.85,-15.63
6.96,-26.884,18.783,-15.991
6.965,-26.832,18.698,-16.378
6.97,-26.77,18.594,-16.788
6.975,-26.694,18.478,-17.205
6.98,-26.612,18.353,-17.638
6.985,-26.513,18.22,-18.078
6.99,-26.4,18.074,-18.525
6.995,-26.28,17.92,-18.981
7,-26.191,17.765,-19.447
7.005,-26.103,17.63,-19.852
7.01,-26.014,17.519,-20.184
7.015,-25.93,17.444,-20.464
7.02,-25.865,17.402,-20.721
7.025,-25.821,17.38,-20.983
7.03,-25.786,17.366,-21.252
7.035,-25.77,17.357,-21.531
7.04,-25.801,17.326,-21.817
7.045,-25.831,17.285,-22.096
7.05,-25.858,17.235,-22.366
7.055,-25.886,17.182,-22.625
7.06,-25.92,17.128,-22.882
7.065,-25.957,17.077,-23.133
7.07,-25.99,17.024,-23.352
7.075,-26.016,16.963,-23.522
7.08,-26.023,16.972,-23.295
7.085,-26.026,16.983,-23.046
7.09,-26.027,17.002,-22.776
7.095,-26.021,17.03,-22.495
7.1,-26.008,17.063,-22.197
7.105,-25.991,17.094,-21.889
7.11,-25.971,17.123,-21.584
7.115,-25.947,17.148,-21.289
7.12,-25.916,17.189,-20.845
7.125,-25.881,17.234,-20.363
7.13,-25.836,17.285,-19.821
7.135,-25.784,17.349,-19.208
7.14,-25.725,17.427,-18.52
7.145,-25.671,17.529,-17.805
7.15,-25.64,17.64,-17.075
7.155,-25.62,17.777,-16.365
7.16,-25.567,17.889,-15.486
7.165,-25.507,17.998,-14.589
7.17,-25.449,18.104,-13.694
7.175,-25.391,18.206,-12.814
7.18,-25.338,18.301,-11.975
7.185,-25.298,18.381,-11.182
7.19,-25.265,18.446,-10.422
7.195,-25.237,18.494,-9.6709
7.2,-25.195,18.542,-8.7581
7.205,-25.147,18.593,-7.8157
7.21,-25.089,18.641,-6.859
7.215,-25.025,18.684,-5.8914
7.22,-24.959,18.721,-4.9257
7.225,-24.889,18.749,-3.9801
7.23,-24.817,18.769,-3.0685
7.235,-24.742,18.772,-2.1923
7.24,-24.631,18.77,-1.4839
7.245,-24.518,18.767,-0.7732
7.25,-24.402,18.77,-0.067694
7.255,-24.288,18.772,0.61726
7.26,-24.181,18.775,1.2796
7.265,-24.087,18.782,1.9114
7.27,-24.005,18.795,2.507
7.275,-23.942,18.817,3.0606
7.28,-23.98,18.843,3.5411
7.285,-24.034,18.871,3.977
7.29,-24.082,18.883,4.4062
7.295,-24.133,18.889,4.8047
7.3,-24.188,18.888,5.1729
7.305,-24.256,18.897,5.5032
7.31,-24.323,18.905,5.8197
7.315,-24.392,18.918,6.1279
7.32,-24.478,19.02,6.4832
7.325,-24.56,19.127,6.8524
7.33,-24.637,19.234,7.2314
7.335,-24.709,19.339,7.6095
7.34,-24.778,19.446,7.9776
7.345,-24.848,19.549,8.3422
7.35,-24.915,19.658,8.7059
7.355,-24.976,19.767,9.08
7.36,-24.985,19.808,9.3296
7.365,-24.998,19.833,9.5633
7.37,-25.019,19.852,9.7777
7.375,-25.052,19.863,9.9684
7.38,-25.096,19.872,10.146
7.385,-25.146,19.882,10.313
7.39,-25.199,19.897,10.477
7.395,-25.248,19.911,10.633
7.4,-25.29,19.902,10.612
7.405,-25.326,19.888,10.586
7.41,-25.354,19.867,10.565
7.415,-25.379,19.845,10.546
7.42,-25.402,19.821,10.528
7.425,-25.425,19.798,10.498
7.43,-25.447,19.768,10.458
7.435,-25.468,19.734,10.404
7.44,-25.518,19.687,10.294
7.445,-25.578,19.644,10.164
7.45,-25.641,19.603,10.026
7.455,-25.705,19.563,9.8767
7.46,-25.771,19.527,9.7197
7.465,-25.836,19.496,9.5537
7.47,-25.899,19.465,9.377
7.475,-25.962,19.441,9.1877
7.48,-26.012,19.463,8.9951
7.485,-26.06,19.484,8.794
7.49,-26.108,19.504,8.5929
7.495,-26.155,19.529,8.393
7.5,-26.198,19.556,8.1958
7.505,-26.239,19.584,8.0113
7.51,-26.275,19.614,7.8404
7.515,-26.304,19.645,7.6808
7.52,-26.336,19.654,7.5698
7.525,-26.368,19.654,7.4621
7.53,-26.404,19.65,7.3541
7.535,-26.444,19.638,7.2473
7.54,-26.484,19.63,7.1543
7.545,-26.522,19.625,7.0847
7.55,-26.559,19.624,7.0361
7.555,-26.601,19.63,7.0003
7.56,-26.653,19.637,6.934
7.565,-26.705,19.65,6.8584
7.57,-26.756,19.668,6.7716
7.575,-26.806,19.686,6.6798
7.58,-26.855,19.707,6.5836
7.585,-26.903,19.728,6.4842
7.59,-26.946,19.747,6.3874
7.595,-26.983,19.77,6.2988
7.6,-27.01,19.781,6.2138
7.605,-27.035,19.793,6.1409
7.61,-27.06,19.808,6.0757
7.615,-27.082,19.823,6.009
7.62,-27.109,19.841,5.9389
7.625,-27.142,19.855,5.8607
7.63,-27.177,19.867,5.7773
7.635,-27.214,19.88,5.6996
7.64,-27.264,19.895,5.6464
7.645,-27.311,19.91,5.5886
7.65,-27.362,19.922,5.5228
7.655,-27.413,19.933,5.4512
7.66,-27.466,19.941,5.3762
7.665,-27.523,19.95,5.2885
7.67,-27.581,19.96,5.2038
7.675,-27.639,19.974,5.1283
7.68,-27.683,20.011,5.0592
7.685,-27.727,20.05,4.9874
7.69,-27.775,20.088,4.9009
7.695,-27.824,20.131,4.8194
7.7,-27.874,20.169,4.7268
7.705,-27.925,20.205,4.6316
7.71,-27.976,20.235,4.537
7.715,-28.023,20.266,4.4473
7.72,-28.056,20.282,4.3962
7.725,-28.087,20.297,4.3454
7.73,-28.117,20.31,4.2912
7.735,-28.149,20.315,4.234
7.74,-28.178,20.316,4.177
7.745,-28.207,20.323,4.1287
7.75,-28.236,20.325,4.0852
7.755,-28.265,20.334,4.0513
7.76,-28.304,20.35,3.9884
7.765,-28.341,20.37,3.9259
7.77,-28.389,20.387,3.856
7.775,-28.423,20.405,3.7858
7.78,-28.458,20.43,3.7152
7.785,-28.495,20.448,3.6427
7.79,-28.533,20.466,3.5703
7.795,-28.574,20.483,3.5002
7.8,-28.612,20.495,3.4564
7.805,-28.645,20.506,3.4096
7.81,-28.677,20.521,3.356
7.815,-28.711,20.532,3.296
7.82,-28.744,20.541,3.2335
7.825,-28.775,20.556,3.1726
7.83,-28.808,20.571,3.1147
7.835,-28.842,20.592,3.0635
7.84,-28.893,20.606,3.0113
7.845,-28.944,20.628,2.9617
7.85,-28.994,20.645,2.91
7.855,-29.049,20.66,2.8557
7.86,-29.102,20.685,2.8043
7.865,-29.15,20.714,2.7553
7.87,-29.193,20.754,2.7128
7.875,-29.237,20.79,2.6648
7.88,-29.259,20.882,2.5444
7.885,-29.284,20.972,2.4161
7.89,-29.307,21.076,2.2845
7.895,-29.328,21.189,2.1462
7.9,-29.354,21.321,2.002
7.905,-29.386,21.456,1.857
7.91,-29.42,21.601,1.7115
7.915,-29.46,21.752,1.5717
7.92,-29.515,21.98,1.4403
7.925,-29.572,22.218,1.3075
7.93,-29.624,22.467,1.1726
7.935,-29.682,22.718,1.0323
7.94,-29.737,22.978,0.8968
7.945,-29.784,23.243,0.76914
7.95,-29.832,23.511,0.63621
7.955,-29.864,23.784,0.51661
7.96,-29.824,24.165,0.47049
7.965,-29.784,24.542,0.42749
7.97,-29.743,24.924,0.36725
7.975,-29.695,25.308,0.29507
7.98,-29.644,25.693,0.20776
7.985,-29.588,26.083,0.106
7.99,-29.53,26.472,0.0054271
7.995,-29.466,26.858,-0.090487
