0,-0.064951,-0.54198,-0.080104
0.005,-0.10761,-1.0324,-0.17993
0.01,-0.13588,-1.4598,-0.28703
0.015,-0.15196,-1.874,-0.39735
0.02,-0.15283,-2.3071,-0.48417
0.025,-0.15411,-2.7569,-0.56331
0.03,-0.16926,-3.2113,-0.64625
0.035,-0.20361,-3.6647,-0.74156
0.04,-0.31779,-3.9753,-0.84054
0.045,-0.42462,-4.294,-0.91063
0.05,-0.52231,-4.6177,-0.96108
0.055,-0.61762,-4.9407,-0.97574
0.06,-0.71367,-5.2822,-0.96839
0.065,-0.80762,-5.6326,-0.95246
0.07,-0.90128,-5.9807,-0.93429
0.075,-0.99064,-6.3331,-0.93423
0.08,-1.0256,-6.6831,-0.94598
0.085,-1.0586,-7.0487,-0.94746
0.09,-1.0905,-7.4176,-0.94764
0.095,-1.1222,-7.7882,-0.95845
0.1,-1.1552,-8.1576,-0.98195
0.105,-1.1867,-8.5283,-1.0196
0.11,-1.209,-8.8912,-1.0613
0.115,-1.2259,-9.2407,-1.0947
0.12,-1.2165,-9.6185,-1.1536
0.125,-1.2142,-9.9878,-1.2271
0.13,-1.2216,-10.355,-1.3102
0.135,-1.2337,-10.724,-1.4025
0.14,-1.2491,-11.093,-1.4903
0.145,-1.266,-11.445,-1.558
0.15,-1.2867,-11.768,-1.603
0.155,-1.3129,-12.086,-1.6252
0.16,-1.3585,-12.241,-1.6782
0.165,-1.4025,-12.383,-1.73
0.17,-1.4476,-12.52,-1.7782
0.175,-1.4872,-12.644,-1.8237
0.18,-1.5264,-12.75,-1.8651
0.185,-1.5639,-12.844,-1.9022
0.19,-1.5942,-12.922,-1.9436
0.195,-1.6224,-12.984,-1.9837
0.2,-1.6403,-12.938,-2.0001
0.205,-1.6584,-12.896,-2.005
0.21,-1.6786,-12.853,-2.004
0.215,-1.6958,-12.798,-1.9904
0.22,-1.7128,-12.733,-1.9536
0.225,-1.7273,-12.669,-1.9065
0.23,-1.7416,-12.613,-1.8454
0.235,-1.7574,-12.56,-1.7765
0.24,-1.7925,-12.545,-1.7398
0.245,-1.8278,-12.527,-1.7047
0.25,-1.8668,-12.502,-1.6714
0.255,-1.9068,-12.473,-1.6402
0.26,-1.9471,-12.44,-1.611
0.265,-1.9876,-12.403,-1.5756
0.27,-2.0245,-12.368,-1.5368
0.275,-2.0585,-12.33,-1.4968
0.28,-2.0854,-12.303,-1.4286
0.285,-2.1115,-12.271,-1.3629
0.29,-2.1354,-12.235,-1.2965
0.295,-2.1594,-12.2,-1.2265
0.3,-2.1847,-12.167,-1.1604
0.305,-2.2106,-12.136,-1.092
0.31,-2.2376,-12.105,-1.0219
0.315,-2.2635,-12.072,-0.9471
0.32,-2.2835,-12.021,-0.88539
0.325,-2.304,-11.959,-0.83048
0.33,-2.3243,-11.894,-0.78407
0.335,-2.3457,-11.826,-0.74011
0.34,-2.3561,-11.751,-0.70103
0.345,-2.3766,-11.672,-0.66531
0.35,-2.3947,-11.591,-0.6335
0.355,-2.4078,-11.512,-0.60055
0.36,-2.407,-11.355,-0.51855
0.365,-2.4038,-11.189,-0.43778
0.37,-2.3992,-11.018,-0.3585
0.375,-2.3933,-10.84,-0.27949
0.38,-2.3884,-10.662,-0.20142
0.385,-2.3837,-10.478,-0.12064
0.39,-2.3806,-10.29,-0.040278
0.395,-2.3764,-10.097,0.044886
0.4,-2.3924,-9.8593,0.19609
0.405,-2.4072,-9.6105,0.34656
0.41,-2.4222,-9.3387,0.50229
0.415,-2.4324,-9.0468,0.65593
0.42,-2.4403,-8.7518,0.81033
0.425,-2.4407,-8.453,0.96002
0.43,-2.4397,-8.1459,1.101
0.435,-2.4367,-7.8359,1.2295
0.44,-2.4284,-7.3935,1.2629
0.445,-2.4167,-6.9364,1.2967
0.45,-2.3959,-6.4748,1.3375
0.455,-2.3688,-6.0023,1.3935
0.46,-2.3331,-5.5211,1.4608
0.465,-2.2943,-5.035,1.5351
0.47,-2.2508,-4.5475,1.6147
0.475,-2.1934,-4.0531,1.7082
0.48,-2.1394,-3.5285,1.7895
0.485,-2.0891,-3.0007,1.8704
0.49,-2.0361,-2.4684,1.9514
0.495,-1.9893,-1.9199,2.0218
0.5,-1.9506,-1.3736,2.074
0.505,-1.9417,-0.84963,2.1467
0.51,-1.9463,-0.43762,2.2407
0.515,-1.9664,0.049217,2.309
0.52,-1.9779,0.5473,2.5144
0.525,-1.9871,1.0495,2.7172
0.53,-1.9902,1.5528,2.9204
0.535,-1.9886,2.0609,3.1244
0.54,-1.9817,2.578,3.3274
0.545,-1.9715,3.1071,3.5217
0.55,-1.957,3.6492,3.6895
0.555,-1.9403,4.1973,3.8257
0.56,-1.9654,4.748,3.8685
0.565,-1.9909,5.3,3.9149
0.57,-2.0173,5.8389,3.9711
0.575,-2.0427,6.371,4.0451
0.58,-2.0646,6.8975,4.1344
0.585,-2.0757,7.4436,4.2335
0.59,-2.0752,7.9994,4.3415
0.595,-2.0589,8.5604,4.4636
0.6,-1.8978,9.1677,4.6783
0.605,-1.7348,9.7791,4.8853
0.61,-1.5728,10.389,5.0855
0.615,-1.4161,10.995,5.2732
0.62,-1.268,11.592,5.4389
0.625,-1.1377,12.181,5.5663
0.63,-1.0325,12.759,5.6582
0.635,-0.94947,13.322,5.7253
0.64,-0.90695,13.836,5.8746
0.645,-0.84911,14.346,6.0546
0.65,-0.77341,14.855,6.2616
0.655,-0.67519,15.371,6.4875
0.66,-0.55636,15.891,6.7327
0.665,-0.42035,16.42,6.9843
0.67,-0.27159,16.957,7.24
0.675,-0.10909,17.493,7.4825
0.68,0.016492,18.026,7.6624
0.685,0.1188,18.557,7.8291
0.69,0.20327,19.09,7.9737
0.695,0.2797,19.625,8.1022
0.7,0.33426,20.162,8.2041
0.705,0.36612,20.694,8.2745
0.71,0.37544,21.219,8.3145
0.715,0.37047,21.738,8.3281
0.72,0.37702,22.278,8.2197
0.725,0.39124,22.823,8.1121
0.73,0.40846,23.369,8.0025
0.735,0.42823,23.913,7.89
0.74,0.45143,24.454,7.7782
0.745,0.47346,24.995,7.6718
0.75,0.49748,25.535,7.5738
0.755,0.51565,26.067,7.479
0.76,0.5413,26.529,7.3649
0.765,0.56966,26.977,7.2447
0.77,0.60394,27.409,7.1205
0.775,0.64542,27.822,7.0016
0.78,0.69647,28.217,6.8884
0.785,0.7595,28.598,6.7855
0.79,0.8365,28.974,6.6941
0.795,0.92293,29.351,6.6084
0.8,0.97935,29.648,6.5559
0.805,1.0184,29.925,6.4959
0.81,1.0434,30.182,6.4294
0.815,1.0605,30.421,6.374
0.82,1.0699,30.648,6.3427
0.825,1.0719,30.859,6.3305
0.83,1.0677,31.063,6.3268
0.835,1.0584,31.253,6.3345
0.84,1.0405,31.328,6.4015
0.845,1.0233,31.392,6.4557
0.85,1.0099,31.446,6.5025
0.855,1.0011,31.493,6.5383
0.86,0.99562,31.528,6.5591
0.865,0.99386,31.55,6.5639
0.87,0.99396,31.561,6.5537
0.875,0.99474,31.558,6.5325
0.88,0.98898,31.551,6.5395
0.885,0.98319,31.546,6.5486
0.89,0.97362,31.546,6.556
0.895,0.96058,31.548,6.5657
0.9,0.9436,31.555,6.5813
0.905,0.92023,31.561,6.6021
0.91,0.89758,31.567,6.6259
0.915,0.87081,31.572,6.6506
0.92,0.83959,31.57,6.6415
0.925,0.80766,31.565,6.6194
0.93,0.77627,31.561,6.582
0.935,0.74552,31.556,6.529
0.94,0.71882,31.561,6.4704
0.945,0.69458,31.558,6.4045
0.95,0.67441,31.557,6.3424
0.955,0.6583,31.561,6.2894
0.96,0.65509,31.601,6.2978
0.965,0.65306,31.637,6.3
0.97,0.64928,31.667,6.2958
0.975,0.64462,31.69,6.288
0.98,0.6391,31.708,6.2775
0.985,0.63147,31.72,6.2679
0.99,0.62335,31.729,6.2601
0.995,0.61299,31.739,6.2529
1,0.60113,31.761,6.2579
1.005,0.58846,31.778,6.2561
1.01,0.57381,31.793,6.2457
1.015,0.55662,31.807,6.2297
1.02,0.54212,31.82,6.2129
1.025,0.52786,31.834,6.1995
1.03,0.51677,31.847,6.1905
1.035,0.50495,31.861,6.1881
1.04,0.47833,31.844,6.1436
1.045,0.45149,31.824,6.0919
1.05,0.42565,31.8,6.0426
1.055,0.40344,31.769,5.9992
1.06,0.37804,31.729,5.9548
1.065,0.35044,31.681,5.9009
1.07,0.32281,31.621,5.845
1.075,0.28988,31.551,5.7851
1.08,0.24296,31.407,5.7736
1.085,0.20545,31.255,5.7711
1.09,0.171,31.098,5.7717
1.095,0.13764,30.932,5.7721
1.1,0.10456,30.75,5.7711
1.105,0.074989,30.573,5.774
1.11,0.051129,30.388,5.7838
1.115,0.030536,30.196,5.7941
1.12,0.037731,29.908,5.7645
1.125,0.036625,29.609,5.73
1.13,0.030571,29.305,5.6935
1.135,0.017359,28.992,5.6565
1.14,-0.0049767,28.669,5.6173
1.145,-0.033858,28.342,5.5795
1.15,-0.064649,28.011,5.5477
1.155,-0.10113,27.673,5.5166
1.16,-0.084981,27.26,5.4913
1.165,-0.063944,26.837,5.4664
1.17,-0.027126,26.407,5.4492
1.175,0.0072772,25.972,5.4265
1.18,0.050465,25.531,5.4108
1.185,0.10069,25.085,5.404
1.19,0.15463,24.637,5.4043
1.195,0.20699,24.185,5.4149
1.2,0.23044,23.73,5.4732
1.205,0.24579,23.264,5.516
1.21,0.25971,22.784,5.5471
1.215,0.27806,22.293,5.5699
1.22,0.3028,21.793,5.5929
1.225,0.33144,21.291,5.6094
1.23,0.354,20.78,5.6225
1.235,0.3634,20.267,5.6337
1.24,0.32096,19.835,5.7026
1.245,0.26666,19.409,5.7562
1.25,0.19934,18.981,5.7865
1.255,0.12201,18.553,5.7997
1.26,0.041084,18.11,5.7863
1.265,-0.042274,17.658,5.7611
1.27,-0.12417,17.194,5.7396
1.275,-0.19803,16.726,5.7277
1.28,-0.18216,16.3,5.6161
1.285,-0.15209,15.864,5.5038
1.29,-0.11144,15.422,5.3985
1.295,-0.066182,14.971,5.2933
1.3,-0.021188,14.509,5.1964
1.305,0.019906,14.041,5.1087
1.31,0.054996,13.574,5.0293
1.315,0.09258,13.116,4.9866
1.32,0.095049,12.625,4.8752
1.325,0.082782,12.132,4.738
1.33,0.079412,11.636,4.5933
1.335,0.077452,11.145,4.4456
1.34,0.076283,10.652,4.2888
1.345,0.072772,10.16,4.1248
1.35,0.059785,9.6786,3.9756
1.355,0.065903,9.1408,3.8841
1.36,0.099246,8.6369,3.811
1.365,0.13512,8.1448,3.7178
1.37,0.16875,7.6575,3.6094
1.375,0.19747,7.1715,3.4907
1.38,0.22213,6.6982,3.3836
1.385,0.24307,6.2335,3.2817
1.39,0.26229,5.7822,3.1758
1.395,0.28168,5.3423,3.0766
1.4,0.29536,5.0792,2.9258
1.405,0.32033,4.8254,2.7629
1.41,0.35542,4.5762,2.5964
1.415,0.39564,4.3313,2.4225
1.42,0.44203,4.0927,2.2496
1.425,0.49606,3.8555,2.09
1.43,0.55623,3.6175,1.9503
1.435,0.61996,3.3792,1.8345
1.44,0.65186,3.234,1.7116
1.445,0.67567,3.102,1.5969
1.45,0.69762,2.9885,1.5042
1.455,0.71182,2.8858,1.4225
1.46,0.7267,2.7979,1.3608
1.465,0.73269,2.7217,1.3091
1.47,0.72697,2.6597,1.2669
1.475,0.71432,2.6278,1.2385
1.48,0.68192,2.6542,1.23
1.485,0.65036,2.6743,1.2219
1.49,0.61854,2.693,1.2207
1.495,0.58823,2.7045,1.2248
1.5,0.55606,2.708,1.2274
1.505,0.52573,2.7179,1.2411
1.51,0.49335,2.7203,1.2616
1.515,0.45966,2.7233,1.2905
1.52,0.43814,2.7297,1.3851
1.525,0.41472,2.7383,1.4797
1.53,0.38964,2.7492,1.5737
1.535,0.36334,2.7618,1.6671
1.54,0.33286,2.7804,1.7611
1.545,0.30158,2.7985,1.8571
1.55,0.27144,2.8237,1.9577
1.555,0.24241,2.8619,2.0606
1.56,0.19218,2.9434,2.1014
1.565,0.14643,3.0133,2.1478
1.57,0.10356,3.0791,2.1999
1.575,0.065439,3.1505,2.2599
1.58,0.029098,3.2094,2.3193
1.585,-0.0072232,3.2742,2.3832
1.59,-0.045492,3.3167,2.4399
1.595,-0.088681,3.359,2.4922
1.6,-0.12148,3.3983,2.544
1.605,-0.15112,3.4433,2.5985
1.61,-0.17617,3.4879,2.6516
1.615,-0.21428,3.5269,2.6998
1.62,-0.24039,3.5515,2.7434
1.625,-0.26792,3.5677,2.779
1.63,-0.29746,3.5984,2.8143
1.635,-0.32111,3.6315,2.8436
1.64,-0.33092,3.6488,2.8949
1.645,-0.35193,3.6713,2.9496
1.65,-0.3817,3.6596,2.9847
1.655,-0.42336,3.6627,3.0241
1.66,-0.46444,3.691,3.0787
1.665,-0.52867,3.7356,3.1179
1.67,-0.60125,3.7591,3.1542
1.675,-0.65597,3.7874,3.2117
1.68,-0.69525,3.8195,3.2373
1.685,-0.73482,3.8164,3.2522
1.69,-0.78064,3.8396,3.2713
1.695,-0.81383,3.8528,3.2952
1.7,-0.84426,3.8631,3.3258
1.705,-0.87153,3.8809,3.3562
1.71,-0.89927,3.9224,3.3929
1.715,-0.92208,3.975,3.4327
1.72,-0.96468,4.0354,3.4613
1.725,-1.0128,4.1019,3.4756
1.73,-1.066,4.1638,3.48
1.735,-1.1066,4.2096,3.5072
1.74,-1.1417,4.2174,3.5364
1.745,-1.1839,4.2303,3.5628
1.75,-1.2156,4.2508,3.5923
1.755,-1.2408,4.2664,3.6319
1.76,-1.2898,4.3016,3.6349
1.765,-1.3484,4.3214,3.6757
1.77,-1.4085,4.3223,3.7082
1.775,-1.4474,4.3239,3.7556
1.78,-1.4878,4.314,3.7944
1.785,-1.5234,4.3251,3.8341
1.79,-1.5595,4.341,3.8793
1.795,-1.5877,4.3182,3.9252
1.8,-1.6111,4.2787,3.9224
1.805,-1.6358,4.2524,3.9395
1.81,-1.6675,4.2324,3.9531
1.815,-1.7061,4.22,3.9659
1.82,-1.7376,4.1906,3.9461
1.825,-1.7694,4.1663,3.9295
1.83,-1.8011,4.1357,3.9216
1.835,-1.8417,4.1255,3.9057
1.84,-1.908,4.1458,3.9572
1.845,-1.977,4.1387,3.9766
1.85,-2.049,4.1389,4.0026
1.855,-2.1202,4.1444,4.0398
1.86,-2.1831,4.1367,4.0438
1.865,-2.2367,4.1462,4.0358
1.87,-2.2906,4.1743,4.0324
1.875,-2.3482,4.2057,4.0304
1.88,-2.4245,4.2682,4.0238
1.885,-2.4986,4.2947,3.9996
1.89,-2.5684,4.3283,3.9708
1.895,-2.63,4.3508,3.9446
1.9,-2.6964,4.4044,3.9201
1.905,-2.7783,4.4524,3.8972
1.91,-2.8591,4.5234,3.8685
1.915,-2.9441,4.5548,3.864
1.92,-3.0512,4.6122,3.8677
1.925,-3.1662,4.6758,3.8903
1.93,-3.2929,4.7163,3.8999
1.935,-3.4041,4.7793,3.9197
1.94,-3.5337,4.8234,3.9429
1.945,-3.6502,4.8927,3.9753
1.95,-3.7738,4.9298,3.9983
1.955,-3.892,4.9805,4.018
1.96,-3.9934,5.0325,3.9943
1.965,-4.0958,5.085,3.9602
1.97,-4.1959,5.1426,3.9223
1.975,-4.3085,5.2062,3.8898
1.98,-4.4144,5.2764,3.8558
1.985,-4.5193,5.3395,3.8148
1.99,-4.6295,5.3842,3.7713
1.995,-4.7428,5.4528,3.7382
2,-4.8323,5.5045,3.6866
2.005,-4.9367,5.5417,3.641
2.01,-5.0204,5.5964,3.6189
2.015,-5.094,5.645,3.6051
2.02,-5.1596,5.6998,3.5789
2.025,-5.2111,5.7373,3.5762
2.03,-5.2608,5.7844,3.5596
2.035,-5.3253,5.8221,3.5311
2.04,-5.3737,5.842,3.5071
2.045,-5.4356,5.8488,3.488
2.05,-5.4884,5.8701,3.4555
2.055,-5.553,5.8852,3.4192
2.06,-5.6258,5.8778,3.4319
2.065,-5.6948,5.9134,3.424
2.07,-5.754,5.9547,3.4231
2.075,-5.8162,5.967,3.421
2.08,-5.8916,5.9976,3.4464
2.085,-5.9783,6.0272,3.4757
2.09,-6.0733,6.042,3.5061
2.095,-6.174,6.0643,3.5416
2.1,-6.2846,6.0904,3.5743
2.105,-6.4151,6.117,3.5953
2.11,-6.5695,6.1488,3.5901
2.115,-6.7434,6.1895,3.5562
2.12,-7.0897,6.2803,3.4235
2.125,-7.4475,6.3822,3.3066
2.13,-7.7964,6.4801,3.197
2.135,-8.1348,6.5765,3.0896
2.14,-8.4617,6.6876,2.9785
2.145,-8.7988,6.8086,2.8759
2.15,-9.131,6.9537,2.7978
2.155,-9.4486,7.0855,2.7205
2.16,-9.7509,7.2133,2.6722
2.165,-10.056,7.3373,2.6197
2.17,-10.365,7.4514,2.5631
2.175,-10.68,7.5635,2.4947
2.18,-10.999,7.6717,2.4114
2.185,-11.317,7.7734,2.3146
2.19,-11.643,7.8635,2.1947
2.195,-11.966,7.9753,2.0663
2.2,-12.278,8.1367,1.9198
2.205,-12.598,8.2919,1.76
2.21,-12.907,8.4543,1.5977
2.215,-13.207,8.6271,1.4418
2.22,-13.499,8.8005,1.3053
2.225,-13.784,8.9807,1.1624
2.23,-14.067,9.1516,1.0415
2.235,-14.348,9.3338,0.92528
2.24,-14.643,9.4675,0.88566
2.245,-14.935,9.5883,0.84922
2.25,-15.216,9.6985,0.81655
2.255,-15.484,9.8008,0.78204
2.26,-15.738,9.9015,0.73653
2.265,-15.991,10.011,0.66169
2.27,-16.23,10.115,0.58194
2.275,-16.459,10.216,0.49735
2.28,-16.69,10.352,0.3533
2.285,-16.916,10.494,0.23614
2.29,-17.148,10.64,0.12945
2.295,-17.38,10.784,0.037022
2.3,-17.609,10.918,-0.029285
2.305,-17.835,11.046,-0.086048
2.31,-18.057,11.174,-0.13588
2.315,-18.269,11.285,-0.15844
2.32,-18.458,11.344,-0.20726
2.325,-18.632,11.397,-0.25421
2.33,-18.801,11.447,-0.30183
2.335,-18.963,11.502,-0.35047
2.34,-19.115,11.562,-0.39713
2.345,-19.271,11.643,-0.4522
2.35,-19.416,11.72,-0.51045
2.355,-19.568,11.782,-0.56565
2.36,-19.739,11.837,-0.606
2.365,-19.913,11.89,-0.63261
2.37,-20.087,11.933,-0.64107
2.375,-20.264,11.973,-0.64625
2.38,-20.446,12.016,-0.65303
2.385,-20.627,12.052,-0.6524
2.39,-20.807,12.087,-0.64386
2.395,-20.982,12.111,-0.62355
2.4,-21.169,12.179,-0.68401
2.405,-21.357,12.233,-0.72427
2.41,-21.544,12.267,-0.76269
2.415,-21.73,12.327,-0.79614
2.42,-21.918,12.411,-0.82859
2.425,-22.108,12.494,-0.8579
2.43,-22.294,12.576,-0.88515
2.435,-22.485,12.654,-0.90604
2.44,-22.694,12.686,-0.9124
2.445,-22.897,12.726,-0.91998
2.45,-23.092,12.784,-0.9356
2.455,-23.274,12.839,-0.947
2.46,-23.448,12.896,-0.96053
2.465,-23.617,12.974,-0.98975
2.47,-23.785,13.047,-1.0203
2.475,-23.955,13.12,-1.0576
2.48,-24.106,13.148,-1.0526
2.485,-24.257,13.172,-1.0384
2.49,-24.415,13.189,-1.0195
2.495,-24.574,13.223,-0.99958
2.5,-24.735,13.255,-0.9814
2.505,-24.891,13.304,-0.96556
2.51,-25.042,13.349,-0.94466
2.515,-25.189,13.397,-0.9226
2.52,-25.278,13.419,-0.92843
2.525,-25.368,13.439,-0.93676
2.53,-25.456,13.457,-0.94562
2.535,-25.537,13.468,-0.94374
2.54,-25.609,13.481,-0.92813
2.545,-25.673,13.484,-0.8994
2.55,-25.727,13.495,-0.86715
2.555,-25.774,13.502,-0.82792
2.56,-25.774,13.538,-0.79825
2.565,-25.772,13.568,-0.76978
2.57,-25.769,13.602,-0.74895
2.575,-25.759,13.628,-0.7259
2.58,-25.745,13.655,-0.69574
2.585,-25.725,13.679,-0.65488
2.59,-25.702,13.687,-0.6066
2.595,-25.676,13.714,-0.55818
2.6,-25.641,13.741,-0.5566
2.605,-25.594,13.756,-0.54865
2.61,-25.542,13.766,-0.53854
2.615,-25.48,13.78,-0.53371
2.62,-25.41,13.791,-0.53195
2.625,-25.327,13.792,-0.52743
2.63,-25.227,13.799,-0.52383
2.635,-25.126,13.799,-0.52313
2.64,-24.918,13.825,-0.51074
2.645,-24.699,13.841,-0.49774
2.65,-24.471,13.846,-0.4839
2.655,-24.233,13.856,-0.47497
2.66,-23.985,13.869,-0.47288
2.665,-23.72,13.889,-0.46975
2.67,-23.437,13.921,-0.46534
2.675,-23.139,13.958,-0.46425
2.68,-22.772,13.987,-0.38752
2.685,-22.392,14,-0.28746
2.69,-22.002,14.011,-0.1719
2.695,-21.599,14.006,-0.038162
2.7,-21.185,14,0.10695
2.705,-20.758,13.99,0.27347
2.71,-20.319,13.976,0.45357
2.715,-19.864,13.957,0.66213
2.72,-19.568,13.917,0.73008
2.725,-19.283,13.879,0.78107
2.73,-18.996,13.86,0.83845
2.735,-18.707,13.831,0.90191
2.74,-18.406,13.821,0.95532
2.745,-18.088,13.795,1.0012
2.75,-17.76,13.775,1.0221
2.755,-17.414,13.764,1.0234
2.76,-16.904,13.786,1.0506
2.765,-16.378,13.803,1.0927
2.77,-15.838,13.806,1.1562
2.775,-15.284,13.831,1.2408
2.78,-14.727,13.809,1.3673
2.785,-14.136,13.754,1.5296
2.79,-13.54,13.698,1.715
2.795,-12.93,13.628,1.9162
2.8,-12.341,13.523,2.2133
2.805,-11.756,13.42,2.5093
2.81,-11.173,13.314,2.8132
2.815,-10.587,13.203,3.1258
2.82,-10.011,13.098,3.4213
2.825,-9.4437,12.989,3.7008
2.83,-8.8652,12.898,3.9773
2.835,-8.2791,12.826,4.2313
2.84,-7.611,12.823,4.4337
2.845,-6.9391,12.807,4.5911
2.85,-6.2636,12.792,4.7323
2.855,-5.5956,12.796,4.8542
2.86,-4.9103,12.809,4.9795
2.865,-4.2211,12.821,5.0843
2.87,-3.5227,12.836,5.1955
2.875,-2.8177,12.85,5.3158
2.88,-2.0789,12.854,5.4361
2.885,-1.3476,12.832,5.5652
2.89,-0.63588,12.765,5.7004
2.895,0.051376,12.644,5.8519
2.9,0.71114,12.479,6.0182
2.905,1.3524,12.296,6.1994
2.91,1.9834,12.119,6.3921
2.915,2.616,11.948,6.6128
2.92,3.2122,11.763,6.7169
2.925,3.7942,11.566,6.7776
2.93,4.371,11.386,6.8119
2.935,4.9419,11.204,6.8397
2.94,5.5092,11.03,6.8862
2.945,6.0866,10.866,6.9542
2.95,6.6703,10.709,7.0536
2.955,7.2497,10.533,7.1583
2.96,7.7198,10.424,7.1875
2.965,8.1794,10.327,7.1816
2.97,8.6172,10.249,7.1463
2.975,9.0364,10.181,7.1008
2.98,9.4388,10.09,7.0651
2.985,9.8364,10.003,7.044
2.99,10.233,9.929,7.0399
2.995,10.634,9.8547,7.0578
3,10.978,9.8175,6.9271
3.005,11.309,9.7801,6.8104
3.01,11.633,9.7357,6.7035
3.015,11.952,9.7008,6.6226
3.02,12.268,9.6674,6.556
3.025,12.565,9.6384,6.4868
3.03,12.839,9.6127,6.4019
3.035,13.099,9.5981,6.3064
3.04,13.285,9.5309,6.1449
3.045,13.48,9.4685,6.0295
3.05,13.679,9.4213,5.9242
3.055,13.885,9.3622,5.8374
3.06,14.09,9.297,5.7712
3.065,14.303,9.2358,5.7252
3.07,14.524,9.1634,5.7218
3.075,14.723,9.0482,5.7227
3.08,14.81,8.959,5.7109
3.085,14.89,8.8873,5.6945
3.09,14.96,8.832,5.68
3.095,15.017,8.7864,5.676
3.1,15.075,8.7356,5.7222
3.105,15.136,8.7039,5.7705
3.11,15.203,8.6769,5.8142
3.115,15.277,8.6457,5.8638
3.12,15.311,8.6401,5.8906
3.125,15.348,8.6454,5.9246
3.13,15.374,8.6435,5.9582
3.135,15.405,8.6391,5.9965
3.14,15.44,8.6426,6.0333
3.145,15.477,8.6335,6.0681
3.15,15.527,8.6094,6.1069
3.155,15.586,8.5776,6.1602
3.16,15.597,8.5309,6.1107
3.165,15.606,8.4718,6.0555
3.17,15.604,8.4154,6.0113
3.175,15.588,8.3654,5.983
3.18,15.567,8.3231,5.9508
3.185,15.542,8.2982,5.9123
3.19,15.509,8.2861,5.8654
3.195,15.468,8.268,5.8223
3.2,15.425,8.2705,5.8668
3.205,15.388,8.27,5.9141
3.21,15.351,8.2747,5.9574
3.215,15.301,8.2735,5.9818
3.22,15.248,8.2654,5.9938
3.225,15.19,8.2483,5.9704
3.23,15.126,8.2362,5.9483
3.235,15.055,8.2247,5.923
3.24,14.922,8.2399,5.8986
3.245,14.787,8.2646,5.8861
3.25,14.666,8.3028,5.9021
3.255,14.543,8.3523,5.9279
3.26,14.416,8.3977,5.9505
3.265,14.286,8.4398,5.9666
3.27,14.143,8.4884,5.9476
3.275,13.999,8.5253,5.9209
3.28,13.789,8.6136,5.8537
3.285,13.568,8.7138,5.7778
3.29,13.328,8.8001,5.7066
3.295,13.075,8.8994,5.6461
3.3,12.84,9.0016,5.6272
3.305,12.616,9.1158,5.6178
3.31,12.401,9.2237,5.6208
3.315,12.195,9.3382,5.6469
3.32,11.967,9.4944,5.6471
3.325,11.739,9.6455,5.6658
3.33,11.507,9.8072,5.6684
3.335,11.266,9.9707,5.6557
3.34,11.015,10.127,5.6223
3.345,10.747,10.288,5.5934
3.35,10.464,10.429,5.5418
3.355,10.161,10.569,5.471
3.36,9.7348,10.761,5.5071
3.365,9.3191,10.945,5.5642
3.37,8.9145,11.114,5.6305
3.375,8.522,11.275,5.7086
3.38,8.1419,11.425,5.7948
3.385,7.7728,11.57,5.8964
3.39,7.4076,11.704,6.0065
3.395,7.0501,11.844,6.1112
3.4,6.6167,11.951,6.0677
3.405,6.1599,12.085,6.0144
3.41,5.6859,12.233,5.9534
3.415,5.2044,12.38,5.9059
3.42,4.7121,12.517,5.872
3.425,4.2119,12.652,5.8453
3.43,3.704,12.789,5.8092
3.435,3.1789,12.93,5.7464
3.44,2.7409,13.12,5.6269
3.445,2.3054,13.306,5.485
3.45,1.869,13.487,5.3236
3.455,1.4277,13.666,5.1292
3.46,0.973,13.834,4.8912
3.465,0.50999,14.009,4.6475
3.47,0.041848,14.184,4.4035
3.475,-0.42929,14.353,4.1928
3.48,-0.99566,14.479,4.1363
3.485,-1.5642,14.591,4.0769
3.49,-2.1268,14.688,4.0255
3.495,-2.683,14.775,3.9679
3.5,-3.2353,14.85,3.9072
3.505,-3.7843,14.911,3.8419
3.51,-4.3289,14.964,3.7671
3.515,-4.8741,15.012,3.6801
3.52,-5.4873,15.036,3.4097
3.525,-6.1255,15.059,3.1109
3.53,-6.7793,15.091,2.8228
3.535,-7.4363,15.132,2.5565
3.54,-8.0869,15.175,2.3561
3.545,-8.7276,15.222,2.2441
3.55,-9.3592,15.27,2.2233
3.555,-9.9829,15.328,2.2315
3.56,-10.565,15.394,2.1687
3.565,-11.137,15.467,2.0901
3.57,-11.702,15.531,2.0161
3.575,-12.266,15.605,1.9305
3.58,-12.835,15.685,1.8349
3.585,-13.406,15.773,1.7343
3.59,-13.984,15.858,1.6405
3.595,-14.563,15.941,1.5629
3.6,-15.087,16.037,1.5372
3.605,-15.595,16.126,1.507
3.61,-16.082,16.209,1.4842
3.615,-16.549,16.299,1.4544
3.62,-17.013,16.381,1.4156
3.625,-17.468,16.47,1.3614
3.63,-17.92,16.568,1.2658
3.635,-18.378,16.664,1.1386
3.64,-18.84,16.747,1.1472
3.645,-19.298,16.824,1.189
3.65,-19.755,16.898,1.2519
3.655,-20.203,16.958,1.3519
3.66,-20.639,17.006,1.4887
3.665,-21.066,17.045,1.6407
3.67,-21.491,17.077,1.7835
3.675,-21.907,17.097,1.9342
3.68,-22.236,17.186,1.9716
3.685,-22.581,17.231,1.9731
3.69,-22.939,17.229,1.9456
3.695,-23.307,17.244,1.8928
3.7,-23.683,17.267,1.8113
3.705,-24.078,17.305,1.7217
3.71,-24.487,17.344,1.6543
3.715,-24.906,17.368,1.6166
3.72,-25.236,17.306,1.6718
3.725,-25.553,17.287,1.6768
3.73,-25.868,17.25,1.6615
3.735,-26.181,17.229,1.6506
3.74,-26.493,17.217,1.6504
3.745,-26.791,17.215,1.6857
3.75,-27.097,17.215,1.7425
3.755,-27.396,17.213,1.8225
3.76,-27.596,17.166,1.7937
3.765,-27.784,17.113,1.7581
3.77,-27.963,17.068,1.706
3.775,-28.139,17.024,1.643
3.78,-28.305,16.984,1.5794
3.785,-28.466,16.943,1.5144
3.79,-28.625,16.899,1.4503
3.795,-28.779,16.853,1.3852
3.8,-28.843,16.81,1.3457
3.805,-28.897,16.771,1.3065
3.81,-28.941,16.738,1.2554
3.815,-28.979,16.708,1.2102
3.82,-29.015,16.672,1.1642
3.825,-29.044,16.641,1.1106
3.83,-29.062,16.605,1.0513
3.835,-29.078,16.578,0.9832
3.84,-29.056,16.566,0.90968
3.845,-29.032,16.558,0.82838
3.85,-29.014,16.541,0.74556
3.855,-29.003,16.513,0.66578
3.86,-28.996,16.482,0.58981
3.865,-28.988,16.446,0.5181
3.87,-28.971,16.467,0.46189
3.875,-28.963,16.435,0.38411
3.88,-28.904,16.439,0.25333
3.885,-28.843,16.423,0.11551
3.89,-28.779,16.442,-0.0011689
3.895,-28.683,16.459,-0.059958
3.9,-28.572,16.478,-0.089832
3.905,-28.45,16.516,-0.10948
3.91,-28.312,16.545,-0.090466
3.915,-28.174,16.582,-0.066467
3.92,-28.049,16.565,-0.059317
3.925,-27.927,16.539,-0.059565
3.93,-27.811,16.508,-0.071998
3.935,-27.697,16.474,-0.099104
3.94,-27.587,16.432,-0.13513
3.945,-27.474,16.384,-0.1797
3.95,-27.361,16.342,-0.2109
3.955,-27.229,16.316,-0.26301
3.96,-26.869,16.374,-0.24219
3.965,-26.519,16.424,-0.27682
3.97,-26.172,16.467,-0.31859
3.975,-25.842,16.489,-0.36998
3.98,-25.533,16.501,-0.42476
3.985,-25.243,16.502,-0.48051
3.99,-24.968,16.492,-0.53402
3.995,-24.702,16.484,-0.56807
4,-24.208,16.421,-0.38913
4.005,-23.67,16.357,-0.1932
4.01,-23.091,16.296,0.024557
4.015,-22.506,16.225,0.24412
4.02,-21.899,16.142,0.45203
4.025,-21.276,16.064,0.64289
4.03,-20.643,15.976,0.80552
4.035,-20.012,15.866,0.92269
4.04,-19.446,15.809,1.0551
4.045,-18.902,15.761,1.1953
4.05,-18.386,15.714,1.3348
4.055,-17.897,15.665,1.4601
4.06,-17.433,15.603,1.572
4.065,-16.991,15.527,1.664
4.07,-16.564,15.427,1.7297
4.075,-16.162,15.317,1.7683
4.08,-15.731,15.21,1.9339
4.085,-15.292,15.102,2.1047
4.09,-14.837,14.999,2.2892
4.095,-14.368,14.899,2.49
4.1,-13.891,14.786,2.7008
4.105,-13.414,14.673,2.9138
4.11,-12.946,14.561,3.1018
4.115,-12.48,14.469,3.2774
4.12,-12.09,14.384,3.3525
4.125,-11.715,14.295,3.4155
4.13,-11.348,14.208,3.4637
4.135,-10.992,14.117,3.4959
4.14,-10.644,14.019,3.5189
4.145,-10.304,13.921,3.5257
4.15,-9.9598,13.807,3.5333
4.155,-9.6193,13.706,3.5167
4.16,-9.2121,13.651,3.5408
4.165,-8.8053,13.602,3.5563
4.17,-8.3851,13.56,3.5765
4.175,-7.9569,13.53,3.5912
4.18,-7.5077,13.541,3.6224
4.185,-7.0544,13.535,3.6368
4.19,-6.6014,13.529,3.647
4.195,-6.1513,13.536,3.6503
4.2,-5.54,13.596,3.7762
4.205,-4.917,13.662,3.9087
4.21,-4.2836,13.696,4.0331
4.215,-3.6411,13.704,4.1427
4.22,-2.9857,13.729,4.2524
4.225,-2.3293,13.759,4.3524
4.23,-1.6859,13.738,4.4405
4.235,-1.0242,13.684,4.54
4.24,-0.45834,13.6,4.5559
4.245,0.10702,13.506,4.5641
4.25,0.66164,13.417,4.5543
4.255,1.2038,13.319,4.5214
4.26,1.7223,13.214,4.4713
4.265,2.2182,13.095,4.4182
4.27,2.7066,12.964,4.3656
4.275,3.1776,12.836,4.3077
4.28,3.4803,12.636,4.2005
4.285,3.7869,12.438,4.1206
4.29,4.098,12.247,4.0632
4.295,4.4187,12.065,4.0226
4.3,4.7439,11.888,4.002
4.305,5.0703,11.694,3.9881
4.31,5.3937,11.492,3.9717
4.315,5.7173,11.293,3.9551
4.32,5.9766,11.117,3.8437
4.325,6.2334,10.945,3.7506
4.33,6.4812,10.778,3.6755
4.335,6.7242,10.612,3.6232
4.34,6.9679,10.447,3.5981
4.345,7.2159,10.278,3.6037
4.35,7.465,10.095,3.6223
4.355,7.7137,9.902,3.6517
4.36,7.9754,9.7444,3.7021
4.365,8.2283,9.5854,3.7176
4.37,8.4687,9.4276,3.7024
4.375,8.7009,9.265,3.6625
4.38,8.9316,9.1105,3.6078
4.385,9.1611,8.9694,3.5466
4.39,9.3864,8.8374,3.4898
4.395,9.6082,8.708,3.4449
4.4,9.7091,8.5978,3.4382
4.405,9.8036,8.4952,3.4348
4.41,9.8903,8.4046,3.4409
4.415,9.9685,8.3176,3.4493
4.42,10.037,8.2368,3.4573
4.425,10.094,8.1598,3.4635
4.43,10.15,8.094,3.4799
4.435,10.207,8.0457,3.5212
4.44,10.216,8.0877,3.6044
4.445,10.219,8.1416,3.676
4.45,10.212,8.2032,3.7273
4.455,10.195,8.274,3.7618
4.46,10.173,8.3483,3.7844
4.465,10.146,8.4204,3.8049
4.47,10.113,8.4848,3.8356
4.475,10.071,8.5269,3.8597
4.48,10.026,8.5637,3.866
4.485,9.9826,8.601,3.8678
4.49,9.9459,8.6413,3.8745
4.495,9.9154,8.6898,3.8984
4.5,9.8944,8.7367,3.9486
4.505,9.8769,8.7764,4.0079
4.51,9.8601,8.8108,4.0656
4.515,9.8392,8.8445,4.1086
4.52,9.7514,8.8286,4.154
4.525,9.6638,8.8171,4.202
4.53,9.5708,8.7883,4.2488
4.535,9.4742,8.7597,4.2953
4.54,9.3714,8.7422,4.3429
4.545,9.2621,8.726,4.3772
4.55,9.1505,8.7019,4.396
4.555,9.0345,8.6906,4.4117
4.56,8.8825,8.7133,4.4364
4.565,8.7275,8.7572,4.4738
4.57,8.566,8.8055,4.5152
4.575,8.3919,8.8514,4.5599
4.58,8.2073,8.9027,4.6138
4.585,8.0189,8.9613,4.6912
4.59,7.8241,9.0189,4.7709
4.595,7.6244,9.0834,4.8525
4.6,7.3981,9.1859,4.8933
4.605,7.1622,9.2945,4.93
4.61,6.9285,9.3979,4.9537
4.615,6.6986,9.5112,4.9784
4.62,6.4728,9.6227,5.0017
4.625,6.2475,9.739,5.0373
4.63,6.0262,9.8464,5.0862
4.635,5.7989,9.9513,5.1474
4.64,5.5058,10.082,5.187
4.645,5.1929,10.21,5.1953
4.65,4.8768,10.36,5.1616
4.655,4.549,10.501,5.1053
4.66,4.2083,10.649,5.0235
4.665,3.8472,10.797,4.9438
4.67,3.4705,10.953,4.8769
4.675,3.0823,11.108,4.8185
4.68,2.6157,11.249,4.8791
4.685,2.1452,11.356,4.9471
4.69,1.6711,11.442,5.011
4.695,1.2072,11.568,5.0966
4.7,0.73908,11.7,5.1757
4.705,0.25951,11.794,5.268
4.71,-0.24462,11.87,5.3246
4.715,-0.74806,11.942,5.3601
4.72,-1.3325,11.921,5.3061
4.725,-1.9084,11.922,5.2677
4.73,-2.4739,11.935,5.2308
4.735,-3.0298,11.952,5.1964
4.74,-3.5942,11.979,5.1561
4.745,-4.1648,12.005,5.0902
4.75,-4.7278,12.014,5.0196
4.755,-5.2863,12.031,4.9349
4.76,-5.7154,12.118,4.8345
4.765,-6.1346,12.206,4.7213
4.77,-6.5486,12.299,4.5944
4.775,-6.9572,12.394,4.4605
4.78,-7.3592,12.495,4.3199
4.785,-7.7646,12.597,4.173
4.79,-8.188,12.704,3.9999
4.795,-8.6088,12.82,3.8102
4.8,-9.0034,12.923,3.7634
4.805,-9.3726,13.032,3.7652
4.81,-9.7296,13.157,3.7919
4.815,-10.069,13.275,3.8199
4.82,-10.393,13.39,3.8336
4.825,-10.698,13.504,3.8311
4.83,-10.986,13.618,3.8189
4.835,-11.25,13.729,3.805
4.84,-11.574,13.875,3.6445
4.845,-11.91,14.018,3.4789
4.85,-12.271,14.155,3.3119
4.855,-12.649,14.293,3.1568
4.86,-13.022,14.388,3.068
4.865,-13.39,14.501,2.9926
4.87,-13.752,14.605,2.9417
4.875,-14.106,14.704,2.9142
4.88,-14.466,14.797,2.8668
4.885,-14.844,14.877,2.8122
4.89,-15.229,14.971,2.7558
4.895,-15.636,15.045,2.6894
4.9,-16.041,15.133,2.6222
4.905,-16.468,15.218,2.5484
4.91,-16.901,15.255,2.502
4.915,-17.353,15.335,2.4682
4.92,-17.698,15.425,2.4518
4.925,-18.04,15.525,2.4216
4.93,-18.378,15.637,2.3759
4.935,-18.711,15.73,2.3354
4.94,-19.039,15.837,2.2864
4.945,-19.364,15.935,2.2395
4.95,-19.694,16.072,2.16
4.955,-20.035,16.192,2.0773
4.96,-20.356,16.351,1.9853
4.965,-20.664,16.506,1.9115
4.97,-20.964,16.661,1.8473
4.975,-21.255,16.821,1.7819
4.98,-21.537,16.961,1.7217
4.985,-21.813,17.089,1.6589
4.99,-22.083,17.216,1.5907
4.995,-22.35,17.336,1.5255
5,-22.506,17.35,1.5235
5.005,-22.639,17.35,1.553
5.01,-22.758,17.342,1.6092
5.015,-22.853,17.321,1.6921
5.02,-22.927,17.299,1.7878
5.025,-22.981,17.262,1.8888
5.03,-23.009,17.22,1.9905
5.035,-23.015,17.172,2.0947
5.04,-22.882,17.155,2.1457
5.045,-22.761,17.144,2.1912
5.05,-22.644,17.143,2.2338
5.055,-22.543,17.139,2.2542
5.06,-22.456,17.125,2.2635
5.065,-22.366,17.131,2.288
5.07,-22.283,17.134,2.3183
5.075,-22.193,17.144,2.3734
5.08,-22.021,17.101,2.4841
5.085,-21.829,17.052,2.5814
5.09,-21.621,16.999,2.6668
5.095,-21.388,16.944,2.7485
5.1,-21.131,16.887,2.8324
5.105,-20.855,16.835,2.9219
5.11,-20.567,16.793,3.015
5.115,-20.286,16.745,3.1044
5.12,-20.121,16.704,3.1061
5.125,-19.979,16.655,3.1208
5.13,-19.842,16.586,3.145
5.135,-19.725,16.512,3.1833
5.14,-19.624,16.432,3.2345
5.145,-19.54,16.342,3.2983
5.15,-19.47,16.247,3.3753
5.155,-19.415,16.16,3.4608
5.16,-19.466,16.092,3.4541
5.165,-19.515,16.045,3.4461
5.17,-19.567,16.006,3.4395
5.175,-19.62,15.974,3.4258
5.18,-19.669,15.939,3.3998
5.185,-19.718,15.91,3.3624
5.19,-19.767,15.889,3.3352
5.195,-19.794,15.875,3.3313
5.2,-19.79,15.918,3.2931
5.205,-19.787,15.965,3.2508
5.21,-19.787,15.993,3.1977
5.215,-19.794,16.017,3.139
5.22,-19.807,16.05,3.0844
5.225,-19.834,16.069,3.0291
5.23,-19.869,16.078,2.9781
5.235,-19.909,16.091,2.9354
5.24,-19.963,16.094,2.9348
5.245,-20.019,16.085,2.9172
5.25,-20.072,16.078,2.895
5.255,-20.121,16.051,2.871
5.26,-20.18,16.058,2.8352
5.265,-20.233,16.055,2.7958
5.27,-20.291,16.059,2.7638
5.275,-20.334,16.093,2.75
5.28,-20.376,16.12,2.7465
5.285,-20.413,16.15,2.7452
5.29,-20.448,16.182,2.7483
5.295,-20.486,16.211,2.7773
5.3,-20.514,16.244,2.8113
5.305,-20.553,16.26,2.8246
5.31,-20.599,16.252,2.8402
5.315,-20.638,16.266,2.8493
5.32,-20.64,16.273,2.9448
5.325,-20.631,16.311,3.0428
5.33,-20.638,16.337,3.1289
5.335,-20.624,16.379,3.2502
5.34,-20.607,16.423,3.4013
5.345,-20.599,16.435,3.5717
5.35,-20.574,16.471,3.7903
5.355,-20.541,16.506,4.0454
5.36,-20.542,16.536,4.3101
5.365,-20.566,16.56,4.526
5.37,-20.612,16.575,4.7093
5.375,-20.673,16.592,4.8809
5.38,-20.737,16.623,5.0582
5.385,-20.797,16.641,5.2774
5.39,-20.843,16.67,5.5567
5.395,-20.877,16.709,5.8839
5.4,-20.939,16.783,6.2421
5.405,-21.036,16.851,6.5575
5.41,-21.175,16.916,6.8326
5.415,-21.351,16.972,7.105
5.42,-21.554,17.021,7.4265
5.425,-21.776,17.06,7.813
5.43,-22.023,17.086,8.2476
5.435,-22.287,17.096,8.7195
5.44,-22.466,17.046,9.3069
5.445,-22.627,17.006,9.8831
5.45,-22.764,16.971,10.473
5.455,-22.89,16.959,11.077
5.46,-22.99,16.97,11.704
5.465,-23.067,17.004,12.369
5.47,-23.121,17.059,13.077
5.475,-23.168,17.121,13.823
5.48,-23.183,17.204,14.586
5.485,-23.199,17.264,15.367
5.49,-23.216,17.297,16.172
5.495,-23.23,17.308,17.007
5.5,-23.239,17.303,17.869
5.505,-23.241,17.284,18.75
5.51,-23.241,17.246,19.636
5.515,-23.236,17.209,20.523
5.52,-23.107,17.174,21.378
5.525,-22.974,17.138,22.211
5.53,-22.842,17.097,23.025
5.535,-22.713,17.046,23.823
5.54,-22.583,17.013,24.591
5.545,-22.466,16.972,25.328
5.55,-22.361,16.929,26.05
5.555,-22.269,16.882,26.745
5.56,-22.167,16.819,27.497
5.565,-22.062,16.757,28.241
5.57,-21.959,16.693,28.96
5.575,-21.862,16.635,29.642
5.58,-21.772,16.571,30.272
5.585,-21.68,16.505,30.865
5.59,-21.582,16.439,31.443
5.595,-21.484,16.375,31.997
5.6,-21.413,16.362,32.25
5.605,-21.354,16.349,32.458
5.61,-21.303,16.339,32.626
5.615,-21.256,16.332,32.77
5.62,-21.207,16.33,32.91
5.625,-21.158,16.331,33.056
5.63,-21.117,16.339,33.213
5.635,-21.063,16.345,33.394
5.64,-21.017,16.325,33.469
5.645,-20.975,16.303,33.536
5.65,-20.942,16.281,33.584
5.655,-20.918,16.254,33.606
5.66,-20.907,16.227,33.609
5.665,-20.91,16.206,33.576
5.67,-20.913,16.181,33.502
5.675,-20.92,16.158,33.377
5.68,-20.98,16.221,32.747
5.685,-21.03,16.293,32.135
5.69,-21.071,16.372,31.559
5.695,-21.109,16.455,31.008
5.7,-21.156,16.544,30.454
5.705,-21.211,16.632,29.889
5.71,-21.287,16.723,29.291
5.715,-21.382,16.812,28.641
5.72,-21.543,16.879,27.48
5.725,-21.699,16.944,26.277
5.73,-21.853,17.009,25.036
5.735,-22.002,17.072,23.763
5.74,-22.147,17.133,22.471
5.745,-22.282,17.19,21.165
5.75,-22.412,17.243,19.865
5.755,-22.536,17.29,18.588
5.76,-22.62,17.303,17.701
5.765,-22.701,17.301,16.809
5.77,-22.776,17.285,15.901
5.775,-22.853,17.257,14.962
5.78,-22.931,17.225,13.983
5.785,-23.013,17.186,12.979
5.79,-23.099,17.148,11.932
5.795,-23.186,17.108,10.844
5.8,-23.206,16.934,9.7896
5.805,-23.208,16.761,8.8208
5.81,-23.193,16.599,7.9432
5.815,-23.167,16.442,7.1134
5.82,-23.134,16.3,6.3739
5.825,-23.102,16.171,5.7148
5.83,-23.07,16.051,5.1114
5.835,-23.048,15.933,4.5356
5.84,-23.09,15.712,3.6992
5.845,-23.134,15.489,2.8309
5.85,-23.176,15.271,1.9437
5.855,-23.209,15.055,1.0646
5.86,-23.231,14.843,0.2157
5.865,-23.247,14.652,-0.59624
5.87,-23.266,14.478,-1.3625
5.875,-23.289,14.321,-2.094
5.88,-23.366,14.241,-2.7372
5.885,-23.447,14.16,-3.4096
5.89,-23.526,14.078,-4.1017
5.895,-23.608,14.002,-4.7996
5.9,-23.693,13.926,-5.4855
5.905,-23.775,13.855,-6.148
5.91,-23.854,13.795,-6.7874
5.915,-23.928,13.748,-7.4082
5.92,-23.981,13.735,-7.9854
5.925,-24.025,13.717,-8.5387
5.93,-24.065,13.695,-9.0622
5.935,-24.095,13.667,-9.5597
5.94,-24.121,13.634,-10.047
5.945,-24.148,13.591,-10.53
5.95,-24.175,13.547,-11.023
5.955,-24.203,13.503,-11.536
5.96,-24.221,13.52,-12.07
5.965,-24.246,13.54,-12.618
5.97,-24.275,13.562,-13.187
5.975,-24.308,13.583,-13.752
5.98,-24.342,13.608,-14.321
5.985,-24.38,13.627,-14.899
5.99,-24.43,13.64,-15.494
5.995,-24.484,13.65,-16.105
6,-24.601,13.629,-16.843
6.005,-24.732,13.614,-17.575
6.01,-24.87,13.61,-18.274
6.015,-25.011,13.621,-18.949
6.02,-25.15,13.638,-19.574
6.025,-25.292,13.658,-20.159
6.03,-25.436,13.679,-20.718
6.035,-25.58,13.706,-21.264
6.04,-25.681,13.686,-21.885
6.045,-25.773,13.658,-22.503
6.05,-25.857,13.629,-23.121
6.055,-25.937,13.597,-23.735
6.06,-26.01,13.566,-24.341
6.065,-26.08,13.538,-24.939
6.07,-26.158,13.512,-25.539
6.075,-26.237,13.497,-26.128
6.08,-26.24,13.496,-26.594
6.085,-26.237,13.498,-27.064
6.09,-26.224,13.51,-27.534
6.095,-26.216,13.527,-27.994
6.1,-26.206,13.55,-28.428
6.105,-26.192,13.577,-28.83
6.11,-26.175,13.613,-29.198
6.115,-26.156,13.656,-29.534
6.12,-26.141,13.67,-29.688
6.125,-26.126,13.676,-29.838
6.13,-26.109,13.679,-29.975
6.135,-26.092,13.675,-30.1
6.14,-26.076,13.666,-30.21
6.145,-26.06,13.653,-30.306
6.15,-26.053,13.633,-30.399
6.155,-26.047,13.61,-30.491
6.16,-26.067,13.633,-30.448
6.165,-26.089,13.667,-30.354
6.17,-26.112,13.708,-30.223
6.175,-26.135,13.75,-30.076
6.18,-26.158,13.787,-29.927
6.185,-26.18,13.819,-29.786
6.19,-26.201,13.841,-29.657
6.195,-26.215,13.854,-29.543
6.2,-26.175,13.87,-29.303
6.205,-26.131,13.899,-29.008
6.21,-26.085,13.943,-28.636
6.215,-26.032,13.999,-28.233
6.22,-25.982,14.071,-27.754
6.225,-25.925,14.16,-27.19
6.23,-25.866,14.265,-26.535
6.235,-25.794,14.382,-25.778
6.24,-25.677,14.492,-24.577
6.245,-25.576,14.584,-23.409
6.25,-25.5,14.66,-22.307
6.255,-25.427,14.722,-21.264
6.26,-25.36,14.77,-20.263
6.265,-25.297,14.812,-19.287
6.27,-25.239,14.849,-18.337
6.275,-25.19,14.888,-17.419
6.28,-25.205,14.939,-16.687
6.285,-25.206,15.005,-15.902
6.29,-25.188,15.085,-15.054
6.295,-25.155,15.179,-14.177
6.3,-25.101,15.281,-13.243
6.305,-25.037,15.398,-12.244
6.31,-24.945,15.524,-11.166
6.315,-24.816,15.662,-10.005
6.32,-24.711,15.699,-9.2021
6.325,-24.606,15.733,-8.3979
6.33,-24.496,15.761,-7.5768
6.335,-24.381,15.782,-6.7437
6.34,-24.262,15.799,-5.9097
6.345,-24.146,15.813,-5.077
6.35,-24.033,15.825,-4.2422
6.355,-23.921,15.835,-3.3936
6.36,-23.794,15.908,-2.3626
6.365,-23.658,15.964,-1.3136
6.37,-23.52,16.013,-0.24734
6.375,-23.376,16.039,0.82855
6.38,-23.238,16.054,1.9047
6.385,-23.118,16.031,2.9659
6.39,-23.015,15.987,3.947
6.395,-22.913,15.93,4.9102
6.4,-22.825,15.953,5.8311
6.405,-22.734,15.989,6.7844
6.41,-22.635,16.02,7.7875
6.415,-22.528,16.046,8.8427
6.42,-22.42,16.061,9.9292
6.425,-22.32,16.056,11.016
6.43,-22.232,16.028,12.07
6.435,-22.16,15.982,13.06
6.44,-22.223,15.925,13.602
6.445,-22.289,15.883,14.186
6.45,-22.353,15.854,14.831
6.455,-22.409,15.837,15.505
6.46,-22.46,15.821,16.222
6.465,-22.509,15.806,16.956
6.47,-22.55,15.781,17.683
6.475,-22.581,15.748,18.4
6.48,-22.518,15.694,18.937
6.485,-22.469,15.644,19.437
6.49,-22.434,15.598,19.917
6.495,-22.411,15.553,20.395
6.5,-22.391,15.51,20.879
6.505,-22.375,15.469,21.379
6.51,-22.362,15.433,21.89
6.515,-22.352,15.4,22.401
6.52,-22.335,15.35,22.92
6.525,-22.326,15.295,23.426
6.53,-22.323,15.228,23.914
6.535,-22.325,15.156,24.401
6.54,-22.328,15.084,24.913
6.545,-22.33,15.019,25.454
6.55,-22.334,14.954,26.015
6.555,-22.342,14.887,26.571
6.56,-22.361,14.895,26.816
6.565,-22.378,14.91,27.02
6.57,-22.388,14.936,27.196
6.575,-22.391,14.969,27.351
6.58,-22.387,15.008,27.495
6.585,-22.381,15.052,27.617
6.59,-22.37,15.101,27.727
6.595,-22.357,15.16,27.84
6.6,-22.387,15.178,27.893
6.605,-22.412,15.192,27.95
6.61,-22.432,15.206,28.009
6.615,-22.455,15.219,28.047
6.62,-22.482,15.229,28.07
6.625,-22.512,15.232,28.059
6.63,-22.549,15.228,28.015
6.635,-22.587,15.219,27.94
6.64,-22.657,15.209,27.487
6.645,-22.738,15.2,26.977
6.65,-22.829,15.191,26.403
6.655,-22.926,15.191,25.784
6.66,-23.02,15.205,25.153
6.665,-23.117,15.218,24.503
6.67,-23.211,15.237,23.848
6.675,-23.306,15.267,23.191
6.68,-23.48,15.35,22.184
6.685,-23.67,15.43,21.132
6.69,-23.867,15.508,19.995
6.695,-24.077,15.576,18.781
6.7,-24.297,15.635,17.5
6.705,-24.522,15.687,16.163
6.71,-24.749,15.737,14.792
6.715,-24.974,15.783,13.423
6.72,-25.138,15.876,12.402
6.725,-25.304,15.96,11.378
6.73,-25.467,16.037,10.353
6.735,-25.626,16.105,9.3252
6.74,-25.783,16.165,8.2888
6.745,-25.936,16.211,7.2303
6.75,-26.084,16.239,6.1564
6.755,-26.222,16.248,5.0804
6.76,-26.334,16.115,4.2888
6.765,-26.45,15.988,3.5251
6.77,-26.568,15.869,2.7898
6.775,-26.685,15.765,2.0902
6.78,-26.793,15.662,1.4257
6.785,-26.896,15.573,0.7797
6.79,-26.995,15.506,0.143
6.795,-27.093,15.44,-0.45924
6.8,-27.015,15.269,-1.0545
6.805,-26.92,15.104,-1.6191
6.81,-26.814,14.951,-2.1556
6.815,-26.708,14.815,-2.6764
6.82,-26.616,14.693,-3.2012
6.825,-26.539,14.584,-3.7187
6.83,-26.465,14.501,-4.2282
6.835,-26.399,14.424,-4.7348
6.84,-26.391,14.408,-5.2692
6.845,-26.381,14.398,-5.7997
6.85,-26.366,14.39,-6.332
6.855,-26.351,14.385,-6.8642
6.86,-26.338,14.371,-7.4045
6.865,-26.332,14.348,-7.9628
6.87,-26.34,14.321,-8.5447
6.875,-26.363,14.291,-9.1374
6.88,-26.477,14.359,-9.5567
6.885,-26.597,14.439,-9.9921
6.89,-26.714,14.524,-10.454
6.895,-26.827,14.61,-10.939
6.9,-26.924,14.697,-11.436
6.905,-27.001,14.785,-11.94
6.91,-27.056,14.871,-12.442
6.915,-27.099,14.949,-12.953
6.92,-27.048,14.928,-13.528
6.925,-27.003,14.901,-14.092
6.93,-26.968,14.877,-14.636
6.935,-26.94,14.858,-15.147
6.94,-26.918,14.853,-15.621
6.945,-26.9,14.86,-16.052
6.95,-26.887,14.875,-16.466
6.955,-26.878,14.895,-16.849
6.96,-26.836,14.828,-17.212
6.965,-26.786,14.744,-17.603
6.97,-26.725,14.641,-18.017
6.975,-26.652,14.525,-18.439
6.98,-26.571,14.402,-18.876
6.985,-26.474,14.27,-19.323
6.99,-26.362,14.126,-19.777
6.995,-26.244,13.972,-20.241
7,-26.156,13.819,-20.712
7.005,-26.07,13.685,-21.122
7.01,-25.982,13.575,-21.46
7.015,-25.901,13.501,-21.745
7.02,-25.839,13.459,-22.007
7.025,-25.798,13.437,-22.272
7.03,-25.766,13.423,-22.543
7.035,-25.753,13.413,-22.822
7.04,-25.786,13.38,-23.106
7.045,-25.817,13.335,-23.383
7.05,-25.845,13.284,-23.65
7.055,-25.874,13.228,-23.906
7.06,-25.908,13.172,-24.16
7.065,-25.946,13.117,-24.408
7.07,-25.98,13.062,-24.624
7.075,-26.007,12.998,-24.792
7.08,-26.016,13.005,-24.564
7.085,-26.022,13.014,-24.315
7.09,-26.026,13.031,-24.045
7.095,-26.023,13.058,-23.765
7.1,-26.014,13.088,-23.467
7.105,-26.001,13.118,-23.161
7.11,-25.985,13.146,-22.857
7.115,-25.964,13.17,-22.564
7.12,-25.938,13.21,-22.122
7.125,-25.907,13.255,-21.642
7.13,-25.867,13.306,-21.103
7.135,-25.82,13.37,-20.494
7.14,-25.767,13.449,-19.811
7.145,-25.72,13.551,-19.1
7.15,-25.695,13.661,-18.373
7.155,-25.681,13.799,-17.665
7.16,-25.634,13.911,-16.791
7.165,-25.581,14.021,-15.898
7.17,-25.53,14.128,-15.008
7.175,-25.479,14.231,-14.133
7.18,-25.432,14.327,-13.298
7.185,-25.398,14.408,-12.508
7.19,-25.37,14.475,-11.751
7.195,-25.347,14.525,-11.002
7.2,-25.31,14.574,-10.092
7.205,-25.267,14.628,-9.1537
7.21,-25.215,14.678,-8.2014
7.215,-25.156,14.725,-7.2384
7.22,-25.096,14.766,-6.2774
7.225,-25.031,14.799,-5.3364
7.23,-24.964,14.825,-4.4299
7.235,-24.894,14.834,-3.5579
7.24,-24.788,14.84,-2.8567
7.245,-24.68,14.845,-2.1513
7.25,-24.57,14.858,-1.4507
7.255,-24.46,14.871,-0.76825
7.26,-24.357,14.886,-0.10543
7.265,-24.267,14.902,0.53211
7.27,-24.19,14.919,1.1354
7.275,-24.135,14.941,1.6864
7.28,-24.181,14.987,2.1788
7.285,-24.243,15.047,2.6141
7.29,-24.298,15.061,3.0407
7.295,-24.356,15.068,3.4372
7.3,-24.416,15.068,3.8042
7.305,-24.486,15.087,4.1332
7.31,-24.553,15.104,4.4485
7.315,-24.623,15.123,4.7558
7.32,-24.708,15.228,5.1151
7.325,-24.789,15.338,5.4877
7.33,-24.865,15.449,5.8691
7.335,-24.937,15.557,6.2483
7.34,-25.007,15.667,6.6177
7.345,-25.077,15.773,6.9828
7.35,-25.145,15.888,7.3484
7.355,-25.205,16.003,7.7234
7.36,-25.212,16.044,7.9731
7.365,-25.222,16.069,8.2069
7.37,-25.241,16.088,8.4222
7.375,-25.27,16.099,8.6145
7.38,-25.311,16.107,8.794
7.385,-25.357,16.117,8.964
7.39,-25.407,16.132,9.1316
7.395,-25.452,16.145,9.2901
7.4,-25.49,16.135,9.2711
7.405,-25.522,16.121,9.2471
7.41,-25.546,16.1,9.2279
7.415,-25.567,16.077,9.21
7.42,-25.586,16.053,9.1924
7.425,-25.604,16.03,9.1638
7.43,-25.623,16,9.1246
7.435,-25.64,15.966,9.0722
7.44,-25.684,15.918,8.9645
7.445,-25.739,15.875,8.8381
7.45,-25.798,15.832,8.7043
7.455,-25.857,15.792,8.5586
7.46,-25.917,15.755,8.4055
7.465,-25.977,15.723,8.2433
7.47,-26.035,15.691,8.0702
7.475,-26.094,15.666,7.8845
7.48,-26.14,15.689,7.6945
7.485,-26.185,15.709,7.4958
7.49,-26.229,15.728,7.297
7.495,-26.272,15.753,7.0994
7.5,-26.313,15.78,6.9043
7.505,-26.35,15.807,6.7217
7.51,-26.382,15.837,6.5523
7.515,-26.408,15.868,6.3937
7.52,-26.436,15.876,6.2843
7.525,-26.465,15.876,6.178
7.53,-26.496,15.871,6.0719
7.535,-26.532,15.858,5.9669
7.54,-26.567,15.849,5.876
7.545,-26.601,15.843,5.8083
7.55,-26.633,15.842,5.7616
7.555,-26.671,15.846,5.7279
7.56,-26.718,15.853,5.6643
7.565,-26.766,15.864,5.5914
7.57,-26.813,15.88,5.5073
7.575,-26.859,15.897,5.418
7.58,-26.903,15.917,5.3245
7.585,-26.947,15.936,5.2274
7.59,-26.986,15.954,5.1325
7.595,-27.019,15.975,5.0455
7.6,-27.041,15.985,4.9614
7.605,-27.062,15.996,4.8896
7.61,-27.083,16.009,4.825
7.615,-27.101,16.024,4.759
7.62,-27.124,16.039,4.6897
7.625,-27.152,16.052,4.6127
7.63,-27.183,16.062,4.5308
7.635,-27.216,16.073,4.4545
7.64,-27.26,16.084,4.4035
7.645,-27.303,16.098,4.3479
7.65,-27.348,16.107,4.2846
7.655,-27.395,16.115,4.2155
7.66,-27.442,16.121,4.1431
7.665,-27.494,16.127,4.0583
7.67,-27.546,16.135,3.9764
7.675,-27.599,16.146,3.9035
7.68,-27.638,16.18,3.836
7.685,-27.677,16.216,3.7659
7.69,-27.721,16.252,3.6814
7.695,-27.765,16.291,3.6015
7.7,-27.81,16.325,3.5108
7.705,-27.856,16.358,3.4175
7.71,-27.901,16.384,3.3247
7.715,-27.944,16.412,3.2363
7.72,-27.971,16.425,3.1856
7.725,-27.997,16.436,3.1348
7.73,-28.021,16.446,3.0808
7.735,-28.047,16.447,3.0235
7.74,-28.071,16.444,2.9666
7.745,-28.094,16.447,2.9179
7.75,-28.117,16.446,2.8744
7.755,-28.141,16.45,2.8405
7.76,-28.173,16.463,2.7783
7.765,-28.205,16.479,2.7164
7.77,-28.247,16.492,2.6479
7.775,-28.275,16.507,2.5782
7.78,-28.305,16.528,2.5073
7.785,-28.335,16.542,2.4345
7.79,-28.368,16.555,2.3623
7.795,-28.402,16.567,2.2925
7.8,-28.433,16.574,2.2484
7.805,-28.46,16.582,2.2017
7.81,-28.486,16.591,2.1472
7.815,-28.514,16.598,2.0871
7.82,-28.54,16.604,2.0246
7.825,-28.564,16.614,1.9629
7.83,-28.591,16.624,1.9042
7.835,-28.619,16.64,1.8512
7.84,-28.662,16.649,1.7999
7.845,-28.706,16.664,1.7499
7.85,-28.749,16.676,1.6984
7.855,-28.795,16.686,1.6443
7.86,-28.84,16.704,1.5919
7.865,-28.881,16.728,1.5423
7.87,-28.917,16.762,1.4985
7.875,-28.953,16.792,1.4492
7.88,-28.97,16.879,1.3266
7.885,-28.989,16.964,1.1968
7.89,-29.006,17.063,1.0629
7.895,-29.023,17.173,0.92312
7.9,-29.043,17.298,0.7757
7.905,-29.069,17.427,0.62814
7.91,-29.097,17.567,0.47993
7.915,-29.129,17.713,0.33564
7.92,-29.181,17.931,0.19808
7.925,-29.236,18.158,0.056296
7.93,-29.289,18.397,-0.088282
7.935,-29.348,18.637,-0.24186
7.94,-29.408,18.887,-0.39415
7.945,-29.464,19.145,-0.53968
7.95,-29.519,19.404,-0.69266
7.955,-29.563,19.671,-0.82752
7.96,-29.536,20.05,-0.88399
7.965,-29.51,20.426,-0.9381
7.97,-29.481,20.807,-1.0136
7.975,-29.446,21.19,-1.1022
7.98,-29.409,21.575,-1.2057
7.985,-29.366,21.964,-1.3235
7.99,-29.322,22.353,-1.4399
7.995,-29.272,22.74,-1.5527
