-0.12189,-1.1681,-0.19763
-0.1977,-2.2304,-0.42993
-0.24529,-3.1822,-0.65085
-0.27012,-4.0941,-0.85462
-0.26097,-5.0532,-1.0343
-0.2481,-6.0527,-1.2169
-0.25275,-7.0826,-1.4351
-0.28854,-8.1271,-1.6837
-0.51117,-8.8124,-1.8619
-0.72054,-9.5063,-1.9757
-0.91122,-10.211,-2.0534
-1.0974,-10.917,-2.0593
-1.2836,-11.659,-2.0281
-1.4642,-12.422,-1.9847
-1.6441,-13.181,-1.9391
-1.8163,-13.943,-1.9292
-1.8859,-14.682,-1.936
-1.95,-15.452,-1.9269
-2.0125,-16.228,-1.9145
-2.0739,-17.008,-1.9264
-2.1387,-17.784,-1.9621
-2.2022,-18.559,-2.0232
-2.2494,-19.316,-2.0905
-2.2881,-20.044,-2.1395
-2.2636,-20.824,-2.2581
-2.2594,-21.584,-2.3947
-2.2763,-22.338,-2.5453
-2.3048,-23.095,-2.709
-2.34,-23.851,-2.8616
-2.382,-24.567,-2.9689
-2.4368,-25.22,-3.024
-2.5029,-25.866,-3.0317
-2.6241,-26.184,-3.0817
-2.7429,-26.474,-3.1295
-2.864,-26.756,-3.1706
-2.9765,-27.008,-3.2056
-3.0902,-27.221,-3.2314
-3.2006,-27.412,-3.2502
-3.2974,-27.567,-3.2794
-3.3907,-27.691,-3.3067
-3.4675,-27.6,-3.2906
-3.5435,-27.517,-3.2514
-3.6206,-27.441,-3.2046
-3.6922,-27.339,-3.1335
-3.7645,-27.216,-3.0152
-3.8311,-27.094,-2.8775
-3.8951,-26.99,-2.7147
-3.9619,-26.894,-2.5352
-4.0681,-26.873,-2.4109
-4.175,-26.846,-2.2899
-4.2923,-26.802,-2.1667
-4.4112,-26.749,-2.0489
-4.5301,-26.693,-1.9362
-4.6506,-26.625,-1.8096
-4.7606,-26.564,-1.6805
-4.8642,-26.496,-1.5511
-4.9527,-26.45,-1.3688
-5.0394,-26.395,-1.192
-5.1213,-26.33,-1.0149
-5.2023,-26.269,-0.83201
-5.2856,-26.212,-0.65604
-5.369,-26.162,-0.47761
-5.4547,-26.111,-0.29463
-5.5391,-26.052,-0.10151
-5.609,-25.958,0.061736
-5.6798,-25.844,0.21112
-5.7465,-25.727,0.33858
-5.8141,-25.608,0.46007
-5.8608,-25.47,0.57053
-5.9294,-25.321,0.67975
-5.9906,-25.172,0.77735
-6.0394,-25.029,0.8722
-6.0524,-24.735,1.0544
-6.059,-24.424,1.2323
-6.0621,-24.102,1.4071
-6.0629,-23.762,1.5833
-6.0601,-23.433,1.7494
-6.0561,-23.091,1.9194
-6.0552,-22.742,2.0908
-6.0505,-22.384,2.2704
-6.0812,-21.95,2.5823
-6.1008,-21.504,2.8799
-6.1231,-21.006,3.1992
-6.1344,-20.466,3.5181
-6.1335,-19.927,3.8251
-6.1115,-19.387,4.1118
-6.0708,-18.85,4.3456
-6.023,-18.306,4.5485
-5.9611,-17.521,4.5885
-5.8972,-16.688,4.6488
-5.8111,-15.855,4.7141
-5.7092,-14.999,4.8054
-5.5861,-14.13,4.9092
-5.4561,-13.242,5.0306
-5.3164,-12.349,5.1655
-5.1461,-11.444,5.3244
-4.974,-10.56,5.4506
-4.8013,-9.6871,5.5438
-4.6188,-8.8112,5.6155
-4.4394,-7.8808,5.6264
-4.2789,-6.9424,5.6353
-4.1864,-6.0788,5.6848
-4.1279,-5.3265,5.7755
-4.1034,-4.5326,5.8331
-4.0687,-3.7065,6.2478
-4.0257,-2.8673,6.6682
-3.9645,-2.0479,7.0483
-3.8898,-1.2239,7.4109
-3.8003,-0.38151,7.7537
-3.7002,0.48869,8.0598
-3.5883,1.404,8.3058
-3.4687,2.3287,8.5139
-3.4368,3.3035,8.4982
-3.4077,4.2539,8.4991
-3.3858,5.1742,8.5141
-3.3608,6.0503,8.6068
-3.3288,6.9139,8.7376
-3.269,7.8131,8.9166
-3.1852,8.7307,9.0993
-3.0653,9.6615,9.3254
-2.6601,10.76,9.667
-2.2475,11.847,10.008
-1.8343,12.93,10.348
-1.4295,14.025,10.673
-1.0382,15.103,10.975
-0.68178,16.172,11.206
-0.37639,17.216,11.37
-0.11926,18.235,11.481
0.039909,19.096,11.715
0.22532,19.97,12.002
0.4508,20.834,12.356
0.72144,21.742,12.746
1.0436,22.617,13.197
1.4062,23.521,13.671
1.8028,24.435,14.166
2.2302,25.365,14.64
2.5954,26.33,15.018
2.9167,27.296,15.372
3.2057,28.27,15.685
3.4823,29.25,15.97
3.7158,30.243,16.196
3.901,31.222,16.355
4.036,32.19,16.444
4.1358,33.144,16.469
4.2587,34.147,16.243
4.3974,35.166,16.024
4.5393,36.176,15.8
4.6844,37.184,15.574
4.8325,38.178,15.348
4.9745,39.177,15.132
5.122,40.151,14.942
5.2503,41.122,14.752
5.3803,42.022,14.526
5.5163,42.902,14.295
5.6533,43.744,14.048
5.787,44.533,13.794
5.9289,45.273,13.544
6.0878,45.968,13.312
6.2815,46.661,13.119
6.5019,47.359,12.952
6.6556,47.941,12.858
6.757,48.486,12.727
6.8258,49.001,12.58
6.8522,49.474,12.422
6.8623,49.928,12.314
6.8381,50.35,12.222
6.811,50.764,12.159
6.7491,51.148,12.089
6.6298,51.304,12.106
6.5233,51.443,12.113
6.4268,51.563,12.111
6.3342,51.668,12.082
6.2426,51.745,12.019
6.1615,51.797,11.93
6.0872,51.829,11.817
5.9642,51.811,11.621
5.7987,51.72,11.444
5.6356,51.635,11.273
5.4625,51.56,11.094
5.2854,51.481,10.922
5.0944,51.429,10.752
4.8869,51.373,10.587
4.6809,51.329,10.427
4.4673,51.26,10.27
4.2426,51.183,10.043
4.017,51.093,9.7905
3.795,51.008,9.5108
3.573,50.924,9.1967
3.3693,50.843,8.8833
3.1873,50.72,8.5767
3.0267,50.591,8.2941
2.8878,50.463,8.0465
2.7489,50.463,7.8899
2.6151,50.489,7.7248
2.4743,50.494,7.5431
2.328,50.474,7.3483
2.1788,50.434,7.1461
2.0335,50.357,6.9561
1.8799,50.291,6.7597
1.7239,50.225,6.5677
1.5688,50.172,6.4043
1.4053,50.147,6.2182
1.2356,50.114,6.011
1.0594,50.063,5.7901
0.89021,50.014,5.5695
0.72206,49.966,5.3561
0.5796,49.964,5.1777
0.42625,49.951,4.9992
0.24137,49.881,4.7315
0.097578,49.841,4.5037
-0.055227,49.783,4.2649
-0.18063,49.721,4.064
-0.33957,49.624,3.8248
-0.47897,49.526,3.596
-0.60049,49.409,3.3853
-0.74333,49.268,3.1504
-0.76064,48.973,3.2043
-0.82442,48.683,3.1908
-0.85794,48.378,3.2156
-0.98962,48.044,3.1065
-1.095,47.687,3.0265
-1.1381,47.347,3.0279
-1.1744,46.993,3.0377
-1.2307,46.62,3.0124
-1.2813,45.98,2.8316
-1.3423,45.288,2.6448
-1.4119,44.618,2.4515
-1.4893,43.942,2.261
-1.5578,43.285,2.0988
-1.6366,42.62,1.9395
-1.6969,41.96,1.8214
-1.7326,41.297,1.7539
-1.5257,40.366,1.8971
-1.3251,39.389,2.0214
-1.0882,38.413,2.1736
-0.87983,37.401,2.2822
-0.63608,36.418,2.4392
-0.42067,35.366,2.5493
-0.21005,34.304,2.6575
-0.0094713,33.233,2.7777
0.039848,32.205,2.8287
0.08113,31.132,2.8571
0.11696,30.042,2.8503
0.17205,28.92,2.8416
0.25119,27.766,2.8504
0.34434,26.601,2.8552
0.43049,25.415,2.8597
0.49084,24.223,2.8569
0.43183,23.254,2.956
0.34738,22.305,3.0201
0.23663,21.361,3.0323
0.10745,20.401,3.0056
-0.019977,19.38,2.9369
-0.14796,18.316,2.8433
-0.26671,17.219,2.7643
-0.36436,16.107,2.7106
-0.27572,15.077,2.4794
-0.14972,14.02,2.2582
0.0031378,12.952,2.0516
0.16607,11.878,1.8398
0.32918,10.796,1.634
0.48141,9.722,1.4237
0.62868,8.637,1.2394
0.77558,7.582,1.0946
0.86764,6.5269,0.87238
0.93983,5.4544,0.6127
1.0307,4.3818,0.32341
1.1281,3.3192,0.017737
1.231,2.2602,-0.30299
1.3457,1.1792,-0.61733
1.4621,0.053192,-0.88212
1.5856,-1.0628,-1.0689
1.7549,-2.09,-1.2405
1.9297,-3.0922,-1.4567
2.0987,-4.087,-1.6953
2.2552,-5.0788,-1.9384
2.3987,-6.0207,-2.1221
2.5407,-6.9218,-2.2659
2.6853,-7.819,-2.4041
2.8252,-8.7092,-2.5591
2.8904,-9.1903,-2.8039
2.9747,-9.6699,-3.093
3.0774,-10.121,-3.395
3.1893,-10.564,-3.7217
3.314,-10.981,-4.0554
3.4548,-11.393,-4.3658
3.6102,-11.792,-4.6414
3.7741,-12.188,-4.8686
3.8501,-12.39,-5.0547
3.9046,-12.579,-5.2259
3.9508,-12.731,-5.3571
3.9813,-12.848,-5.4677
4.0116,-12.929,-5.5405
4.0188,-13.004,-5.5764
3.9984,-13.05,-5.586
3.959,-13.032,-5.5871
3.86,-12.94,-5.5439
3.764,-12.863,-5.4988
3.6694,-12.784,-5.4429
3.5797,-12.717,-5.377
3.4885,-12.667,-5.3095
3.4004,-12.606,-5.2298
3.3109,-12.552,-5.1329
3.2184,-12.508,-5.0204
3.1514,-12.444,-4.7807
3.0813,-12.369,-4.5417
3.0117,-12.282,-4.3061
2.9352,-12.204,-4.0644
2.8507,-12.11,-3.8195
2.7648,-12.011,-3.5631
2.6817,-11.893,-3.3042
2.5988,-11.754,-3.0491
2.4646,-11.553,-2.9074
2.3406,-11.381,-2.7539
2.2235,-11.213,-2.5909
2.1167,-11.032,-2.4198
2.018,-10.866,-2.2423
1.9231,-10.684,-2.0739
1.8228,-10.561,-1.8939
1.7161,-10.43,-1.7177
1.631,-10.312,-1.5651
1.5543,-10.179,-1.4175
1.4891,-10.043,-1.2777
1.4015,-9.9076,-1.1395
1.3355,-9.8235,-1.0005
1.271,-9.7443,-0.86874
1.2049,-9.6201,-0.75693
1.1449,-9.5098,-0.65647
1.1147,-9.4353,-0.52351
1.0838,-9.3213,-0.40207
1.042,-9.2453,-0.25306
1.0004,-9.0987,-0.15969
0.93582,-8.9646,-0.03174
0.87307,-8.795,0.025695
0.80083,-8.6199,0.079431
0.70495,-8.4971,0.23649
0.64503,-8.3753,0.31663
0.58086,-8.3853,0.40037
0.51359,-8.2819,0.4741
0.44819,-8.2324,0.56563
0.38369,-8.2029,0.67102
0.32522,-8.1594,0.77451
0.27316,-8.0465,0.88407
0.235,-7.8898,0.98568
0.20343,-7.6953,0.98625
0.1745,-7.5251,0.92519
0.13853,-7.3639,0.85862
0.082635,-7.2408,0.95001
0.021207,-7.2645,1.0318
-0.049325,-7.2726,1.1219
-0.12022,-7.2314,1.2223
-0.17513,-7.2026,1.3403
-0.21031,-7.1325,1.2998
-0.24388,-7.1185,1.2377
-0.27735,-7.1647,1.1767
-0.34413,-7.1547,1.3175
-0.41529,-7.2017,1.4311
-0.4857,-7.1746,1.553
-0.54211,-7.1236,1.6836
-0.57814,-7.2174,1.7727
-0.55647,-7.3103,1.6817
-0.54357,-7.4327,1.6212
-0.53218,-7.5309,1.5271
-0.52218,-7.5006,1.4071
-0.51243,-7.5652,1.3109
-0.50545,-7.6116,1.2254
-0.51437,-7.6843,1.1694
-0.53853,-7.7004,1.1057
-0.60988,-7.5861,1.2307
-0.65503,-7.6141,1.1994
-0.69881,-7.6039,1.1591
-0.74866,-7.6788,1.1508
-0.79217,-7.6815,1.1065
-0.83386,-7.6564,1.0613
-0.88099,-7.5683,1.0417
-0.92969,-7.4792,1.0147
-1.0124,-7.3195,0.97853
-1.0928,-7.2954,0.90711
-1.1772,-7.2484,0.83255
-1.2593,-7.234,0.77496
-1.3426,-7.1368,0.70866
-1.4442,-7.0729,0.646
-1.5534,-6.9182,0.57889
-1.6674,-6.9178,0.60611
-1.8342,-6.7889,0.61944
-2.0194,-6.6308,0.70195
-2.2003,-6.6329,0.71699
-2.3859,-6.4948,0.77125
-2.5705,-6.478,0.80241
-2.7649,-6.3267,0.88107
-2.9513,-6.3124,0.93269
-3.1375,-6.2375,0.97017
-3.2905,-6.1561,0.91294
-3.4437,-6.0933,0.83397
-3.6024,-6.0006,0.75291
-3.7691,-5.9119,0.66726
-3.939,-5.7801,0.59374
-4.1059,-5.6778,0.50601
-4.2818,-5.6473,0.43147
-4.4593,-5.5252,0.35337
-4.5774,-5.4784,0.2132
-4.7134,-5.5301,0.22913
-4.8488,-5.4674,0.28599
-4.9701,-5.4132,0.34503
-5.0703,-5.3054,0.38161
-5.1574,-5.2666,0.43973
-5.2297,-5.1932,0.48594
-5.3025,-5.2086,0.53563
-5.3427,-5.2143,0.46197
-5.3922,-5.2888,0.42973
-5.4459,-5.283,0.34003
-5.5107,-5.3039,0.24619
-5.5933,-5.3799,0.32173
-5.6581,-5.2901,0.26658
-5.7213,-5.1912,0.24058
-5.7823,-5.2252,0.22064
-5.8986,-5.1757,0.26497
-6.0391,-5.1248,0.32265
-6.1927,-5.1229,0.38795
-6.3641,-5.0933,0.46522
-6.5591,-5.0543,0.54154
-6.7961,-5.0185,0.60334
-7.0817,-4.9759,0.62199
-7.4072,-4.9142,0.59062
-8.0676,-4.8148,0.44689
-8.7272,-4.7438,0.3699
-9.3757,-4.6616,0.30465
-10.011,-4.5536,0.20876
-10.63,-4.4124,0.090872
-11.245,-4.3106,0.037277
-11.855,-4.1804,0.1041
-12.439,-4.0277,0.060791
-13.017,-3.8091,0.044707
-13.599,-3.5988,0.019166
-14.192,-3.4086,-0.01182
-14.792,-3.2219,-0.067904
-15.396,-3.0506,-0.15707
-16.002,-2.8879,-0.27112
-16.612,-2.8139,-0.40626
-17.226,-2.6111,-0.58172
-17.837,-2.3829,-0.6651
-18.427,-2.2323,-0.77679
-19.007,-2.0512,-0.86505
-19.586,-1.7605,-0.94743
-20.153,-1.5107,-1.0298
-20.711,-1.2157,-1.1256
-21.269,-0.97419,-1.2095
-21.819,-0.66818,-1.2566
-22.397,-0.48263,-1.1523
-22.969,-0.33951,-1.0637
-23.526,-0.19662,-0.98358
-24.058,-0.05806,-0.9102
-24.559,0.080316,-0.8539
-25.039,0.19442,-0.82528
-25.498,0.30788,-0.83237
-25.946,0.43829,-0.86982
-26.38,0.59917,-0.95804
-26.818,0.82058,-1.0251
-27.265,1.0384,-1.0702
-27.715,1.2733,-1.0961
-28.165,1.4698,-1.0911
-28.611,1.6651,-1.078
-29.05,1.8814,-1.0498
-29.47,2.0466,-0.98454
-29.84,2.1011,-0.96367
-30.184,2.1485,-0.95204
-30.516,2.1884,-0.9469
-30.836,2.2408,-0.94198
-31.14,2.3451,-0.94214
-31.442,2.4686,-0.93315
-31.718,2.5428,-0.93331
-32.004,2.5745,-0.93573
-32.337,2.6143,-0.90028
-32.676,2.6556,-0.83852
-33.018,2.6767,-0.75911
-33.364,2.6889,-0.6685
-33.717,2.714,-0.56711
-34.073,2.7296,-0.45898
-34.426,2.7401,-0.33671
-34.771,2.7333,-0.20366
-35.126,2.7902,-0.19673
-35.483,2.8302,-0.19505
-35.845,2.8689,-0.19371
-36.21,2.9394,-0.17669
-36.572,3.0433,-0.13667
-36.943,3.1527,-0.097015
-37.309,3.2669,-0.053771
-37.683,3.3737,0.0036214
-38.098,3.3971,0.096236
-38.498,3.4312,0.18458
-38.879,3.5087,0.27157
-39.241,3.5817,0.34632
-39.582,3.6539,0.40907
-39.911,3.7682,0.46068
-40.234,3.8654,0.50524
-40.561,3.9663,0.53638
-40.865,3.9932,0.62145
-41.168,4.0122,0.72085
-41.481,4.027,0.8288
-41.799,4.065,0.94602
-42.122,4.1058,1.0578
-42.432,4.1771,1.175
-42.735,4.2392,1.2949
-43.029,4.3085,1.4179
-43.211,4.3199,1.468
-43.396,4.3272,1.517
-43.578,4.3326,1.5638
-43.745,4.3262,1.6262
-43.898,4.3239,1.7146
-44.033,4.3017,1.8195
-44.15,4.295,1.9338
-44.253,4.2795,2.0578
-44.263,4.3181,2.148
-44.268,4.3468,2.2315
-44.272,4.3807,2.3033
-44.263,4.3967,2.3739
-44.245,4.4172,2.4617
-44.217,4.4299,2.5698
-44.184,4.4141,2.6829
-44.142,4.4334,2.8081
-44.082,4.4553,2.843
-44.003,4.4484,2.8779
-43.913,4.4291,2.9121
-43.806,4.4209,2.9386
-43.681,4.402,2.9538
-43.534,4.3616,2.9644
-43.351,4.3315,2.9709
-43.17,4.2881,2.9664
-42.774,4.284,2.9612
-42.362,4.2568,2.9435
-41.931,4.2094,2.9183
-41.482,4.1667,2.8819
-41.012,4.1319,2.8305
-40.508,4.1123,2.7771
-39.969,4.114,2.7218
-39.4,4.125,2.652
-38.696,4.1107,2.7153
-37.97,4.06,2.8158
-37.225,4.0108,2.9484
-36.456,3.9253,3.1065
-35.668,3.8383,3.2872
-34.853,3.7436,3.5049
-34.016,3.6383,3.7424
-33.149,3.5166,4.0274
-32.563,3.4196,4.029
-31.994,3.3208,3.9913
-31.434,3.2726,3.9523
-30.87,3.2318,3.8896
-30.289,3.2118,3.896
-29.681,3.1017,3.9067
-29.057,3.0041,3.8588
-28.398,2.9212,3.7635
-27.417,2.8894,3.6547
-26.408,2.8535,3.5721
-25.373,2.7855,3.5222
-24.307,2.7831,3.5166
-23.241,2.6733,3.5881
-22.111,2.4983,3.7154
-20.97,2.3267,3.8855
-19.805,2.1228,4.0767
-18.672,1.8947,4.4552
-17.549,1.6744,4.8263
-16.425,1.4883,5.13
-15.293,1.2707,5.366
-14.15,1.0079,5.562
-13.003,0.73468,5.7451
-11.847,0.50025,5.9154
-10.68,0.30874,6.0789
-9.3299,0.24611,6.1022
-7.9662,0.17957,6.0721
-6.5983,0.1172,6.0096
-5.2528,0.086139,5.8942
-3.886,0.084195,5.7456
-2.5088,0.085607,5.581
-1.1126,0.10103,5.4255
0.29829,0.11705,5.2873
1.7609,0.13465,5.1474
3.2079,0.10683,5.0375
4.6181,-0.0053329,4.9565
5.9848,-0.22132,4.9171
7.3027,-0.52592,4.9181
8.5897,-0.86259,4.95
9.8594,-1.1857,4.9996
11.131,-1.4863,5.0946
12.342,-1.8203,4.9886
13.533,-2.1688,4.7994
14.713,-2.4813,4.5545
15.888,-2.7908,4.2978
17.067,-3.0745,4.0719
18.263,-3.3318,3.8849
19.466,-3.5727,3.7565
20.666,-3.845,3.6413
21.639,-4.0028,3.4295
22.593,-4.1308,3.152
23.504,-4.2154,2.8263
24.382,-4.273,2.4887
25.237,-4.367,2.1775
26.086,-4.4495,1.8966
26.935,-4.4978,1.651
27.799,-4.5367,1.444
28.536,-4.5082,0.97395
29.252,-4.4803,0.53786
29.954,-4.462,0.1247
30.645,-4.4262,-0.23298
31.317,-4.4011,-0.55828
31.962,-4.3521,-0.87965
32.578,-4.2779,-1.2224
33.164,-4.1863,-1.5795
33.63,-4.1557,-2.0345
34.087,-4.0995,-2.4122
34.541,-4.0482,-2.7593
34.999,-4.012,-3.0642
35.461,-3.9842,-3.3245
35.934,-3.9757,-3.5406
36.417,-3.9932,-3.6674
36.912,-3.9907,-3.7828
37.176,-4.0375,-3.8948
37.415,-4.075,-4.0109
37.634,-4.0829,-4.1146
37.829,-4.0381,-4.1932
38.003,-3.979,-4.1263
38.165,-3.9183,-4.0645
38.328,-3.8566,-4.0115
38.499,-3.8052,-3.9392
38.629,-3.6975,-3.9213
38.749,-3.5943,-3.8897
38.863,-3.4871,-3.855
38.973,-3.3931,-3.8099
39.075,-3.3042,-3.7657
39.176,-3.2431,-3.7198
39.287,-3.2124,-3.6583
39.419,-3.1959,-3.5708
39.531,-3.183,-3.7116
39.625,-3.2258,-3.8884
39.703,-3.2228,-4.0406
39.754,-3.1699,-4.1264
39.793,-3.1546,-4.2525
39.813,-3.1509,-4.3751
39.808,-3.1521,-4.5054
39.789,-3.1622,-4.6421
39.718,-3.1037,-4.5235
39.66,-3.0479,-4.4016
39.616,-2.9748,-4.2963
39.573,-2.8875,-4.2199
39.53,-2.7967,-4.1548
39.483,-2.6793,-4.1746
39.423,-2.5753,-4.1543
39.347,-2.4857,-4.1303
39.134,-2.3904,-4.0581
38.917,-2.2755,-3.9836
38.704,-2.1585,-3.8817
38.495,-2.0141,-3.7651
38.285,-1.87,-3.6363
38.071,-1.7252,-3.5127
37.857,-1.5344,-3.5239
37.629,-1.4387,-3.4323
37.254,-1.3232,-3.5517
36.857,-1.1889,-3.6844
36.432,-1.0946,-3.8229
35.991,-0.86281,-3.9249
35.535,-0.69002,-3.8492
35.084,-0.4931,-3.7731
34.645,-0.31005,-3.67
34.223,-0.1099,-3.5274
33.788,0.17862,-3.4547
33.351,0.45213,-3.3231
32.911,0.74876,-3.2744
32.451,1.0175,-3.2807
31.969,1.2357,-3.328
31.455,1.479,-3.3626
30.903,1.6378,-3.4193
30.304,1.7905,-3.5002
29.481,2.0202,-3.2323
28.658,2.2568,-2.9531
27.848,2.476,-2.6673
27.055,2.6968,-2.3671
26.289,2.9024,-2.0557
25.552,3.1059,-1.7167
24.829,3.2843,-1.3596
24.129,3.4929,-1.0176
23.288,3.5635,-1.0199
22.398,3.6837,-1.0393
21.473,3.8323,-1.0758
20.535,3.9732,-1.0842
19.582,4.083,-1.0534
18.616,4.1822,-0.99785
17.633,4.2884,-0.95234
16.633,4.3842,-0.9497
15.769,4.6787,-1.0224
14.913,4.9815,-1.1578
14.06,5.2708,-1.327
13.191,5.5576,-1.6171
12.3,5.764,-2.0321
11.39,6.0241,-2.4319
10.468,6.2942,-2.7966
9.5426,6.5465,-3.0727
8.4513,6.6722,-2.9719
7.3604,6.7531,-2.8654
6.2798,6.7809,-2.748
5.2113,6.8065,-2.6476
4.15,6.8044,-2.559
3.0982,6.7853,-2.4785
2.0622,6.7561,-2.4091
1.0298,6.7334,-2.3603
-0.13455,6.6479,-2.7771
-1.3443,6.5238,-3.2502
-2.5619,6.3561,-3.5267
-3.8097,6.2558,-3.7878
-5.0588,6.1675,-3.9381
-6.2943,6.0963,-3.9185
-7.5113,6.025,-3.7208
-8.7086,5.9729,-3.458
-9.8186,5.9313,-3.3429
-10.913,5.9303,-3.2488
-11.995,5.9023,-3.1636
-13.078,5.9159,-3.0891
-14.155,5.9345,-3.0066
-15.241,6.0046,-2.9371
-16.333,6.0397,-2.8439
-17.439,6.0898,-2.7374
-18.456,6.1679,-2.5635
-19.44,6.2386,-2.4059
-20.387,6.3016,-2.2465
-21.29,6.389,-2.0971
-22.185,6.4574,-1.9701
-23.051,6.534,-1.8649
-23.904,6.6598,-1.8176
-24.768,6.8195,-1.8392
-25.649,6.9423,-1.6016
-26.531,7.0301,-1.3095
-27.409,7.1313,-0.97431
-28.269,7.2101,-0.56876
-29.105,7.2691,-0.092286
-29.915,7.3092,0.41736
-30.713,7.3659,0.91254
-31.502,7.3911,1.4136
-32.127,7.5918,1.6309
-32.766,7.7253,1.7619
-33.433,7.7325,1.793
-34.124,7.7901,1.7884
-34.832,7.8636,1.7284
-35.577,7.9714,1.6643
-36.347,8.0858,1.6569
-37.134,8.1772,1.7117
-37.72,8.0452,1.998
-38.305,8.0635,2.1197
-38.888,8.0458,2.1755
-39.47,8.0537,2.2466
-40.05,8.0838,2.3503
-40.604,8.1335,2.5298
-41.176,8.1821,2.7392
-41.733,8.2319,2.9922
-42.102,8.1894,2.9812
-42.448,8.1349,2.9506
-42.776,8.0979,2.8888
-43.098,8.0589,2.8008
-43.401,8.033,2.7127
-43.693,8.0003,2.6166
-43.981,7.9618,2.5208
-44.258,7.9257,2.4241
-44.363,7.8963,2.3443
-44.448,7.8779,2.2588
-44.514,7.866,2.1437
-44.569,7.8571,2.0372
-44.622,7.8308,1.917
-44.659,7.8145,1.7835
-44.679,7.7773,1.6297
-44.689,7.7638,1.4606
-44.629,7.7877,1.2833
-44.563,7.8173,1.0968
-44.509,7.8343,0.90994
-44.468,7.8214,0.72361
-44.437,7.7982,0.541
-44.408,7.7469,0.357
-44.355,7.8337,0.2594
-44.317,7.8016,0.067148
-44.175,7.8818,-0.20735
-44.025,7.8678,-0.53798
-43.844,7.9118,-0.66008
-43.645,7.9199,-0.76163
-43.418,7.9291,-0.81679
-43.164,7.9818,-0.83123
-42.888,8.014,-0.79219
-42.589,8.0651,-0.71698
-42.325,8.0784,-0.75714
-42.07,8.068,-0.81858
-41.823,8.0488,-0.90339
-41.583,8.0214,-1.0178
-41.344,7.947,-1.1576
-41.092,7.8156,-1.2975
-40.794,7.7119,-1.2631
-40.464,7.6336,-1.2538
-39.732,7.7325,-1.2452
-39.031,7.8907,-1.4316
-38.337,8.0338,-1.6351
-37.678,8.0961,-1.8696
-37.056,8.1388,-2.1054
-36.467,8.1414,-2.339
-35.9,8.0811,-2.5569
-35.319,8.0277,-2.559
-34.363,7.9007,-2.3258
-33.324,7.7749,-2.0724
-32.2,7.6523,-1.7891
-31.064,7.5137,-1.5094
-29.881,7.3558,-1.2648
-28.668,7.206,-1.0606
-27.426,7.0351,-0.91872
-26.173,6.8295,-0.86246
-25.048,6.7416,-0.80899
-23.969,6.679,-0.73374
-22.945,6.6239,-0.65117
-21.974,6.5616,-0.58808
-21.049,6.4763,-0.54364
-20.168,6.3616,-0.53192
-19.313,6.1945,-0.56873
-18.502,6.0014,-0.65282
-17.645,5.7833,-0.45837
-16.767,5.5608,-0.25979
-15.854,5.3406,-0.041808
-14.914,5.127,0.20666
-13.957,4.8925,0.45129
-12.992,4.6557,0.68145
-12.032,4.449,0.84284
-11.072,4.2912,0.98201
-10.28,4.1581,0.95882
-9.5165,4.0127,0.91597
-8.7652,3.871,0.84487
-8.034,3.7252,0.74351
-7.3112,3.5628,0.62038
-6.6021,3.4064,0.46646
-5.8822,3.2062,0.306
-5.1634,3.0439,0.097214
-4.3433,2.9403,-0.029802
-3.5129,2.8486,-0.19754
-2.6666,2.7765,-0.32854
-1.8056,2.7326,-0.48077
-0.91672,2.8079,-0.55757
-0.0048146,2.8179,-0.7159
0.92377,2.822,-0.90985
1.863,2.8672,-1.1823
3.0394,3.0808,-1.1291
4.2402,3.3201,-1.0622
5.4701,3.4804,-1.0161
6.7297,3.583,-1.0062
8.0139,3.7483,-0.98601
9.3272,3.9878,-1.0143
10.655,4.0343,-1.1661
12.002,4.0261,-1.2419
13.165,3.963,-1.4452
14.319,3.883,-1.6554
15.456,3.8157,-1.8997
16.566,3.7281,-2.1817
17.642,3.6248,-2.4941
18.687,3.486,-2.8118
19.709,3.3293,-3.1157
20.706,3.1827,-3.432
21.368,2.8403,-3.7293
22.03,2.5354,-3.9485
22.693,2.2482,-4.1274
23.37,2.001,-4.2782
24.053,1.7741,-4.3965
24.744,1.5089,-4.4961
25.432,1.23,-4.6014
26.12,0.96485,-4.712
26.686,0.67902,-4.9883
27.239,0.42403,-5.216
27.773,0.19162,-5.4016
28.294,-0.033543,-5.5462
28.813,-0.24999,-5.6423
29.343,-0.46049,-5.6833
29.885,-0.692,-5.6953
30.426,-0.97496,-5.6772
30.982,-1.1536,-5.6281
31.52,-1.3374,-5.6443
32.039,-1.5134,-5.712
32.544,-1.7267,-5.8167
33.044,-1.9,-5.9565
33.535,-2.0443,-6.1172
34.013,-2.1677,-6.2739
34.484,-2.2894,-6.4062
34.71,-2.4186,-6.4129
34.921,-2.5351,-6.4047
35.115,-2.6253,-6.3793
35.289,-2.7201,-6.3399
35.444,-2.7942,-6.2979
35.575,-2.8737,-6.2514
35.697,-2.9367,-6.1892
35.809,-2.9729,-6.0866
35.811,-2.8254,-5.8722
35.796,-2.6617,-5.6796
35.757,-2.4883,-5.5203
35.698,-2.2948,-5.4015
35.625,-2.0996,-5.3066
35.544,-1.9149,-5.2133
35.458,-1.7359,-5.1009
35.361,-1.6258,-4.9837
35.254,-1.5215,-4.9182
35.151,-1.4178,-4.8604
35.058,-1.3052,-4.7979
34.976,-1.1749,-4.7056
34.915,-1.0423,-4.5645
34.866,-0.92209,-4.4017
34.821,-0.81152,-4.2419
34.771,-0.69433,-4.1199
34.609,-0.71279,-3.9492
34.443,-0.71996,-3.7813
34.268,-0.76618,-3.6105
34.085,-0.83504,-3.4393
33.894,-0.87162,-3.2589
33.69,-0.89139,-3.1038
33.476,-0.95317,-2.9839
33.249,-0.98132,-2.869
32.95,-0.97177,-2.7268
32.644,-0.89575,-2.5504
32.325,-0.82867,-2.3692
31.98,-0.79469,-2.1944
31.616,-0.76416,-2.0175
31.243,-0.70508,-1.7706
30.856,-0.66455,-1.5441
30.462,-0.60992,-1.3102
30.015,-0.48328,-1.1403
29.555,-0.30188,-0.94434
29.086,-0.1586,-0.7945
28.617,0.043938,-0.63301
28.155,0.23596,-0.4773
27.698,0.44539,-0.29779
27.252,0.60586,-0.10359
26.808,0.72297,0.072451
26.25,0.90093,0.083693
25.68,1.104,0.095943
25.089,1.3426,0.07927
24.466,1.5597,0.025141
23.807,1.7824,-0.067991
23.114,2.0071,-0.15872
22.39,2.2405,-0.21841
21.641,2.4692,-0.25793
20.742,2.5748,0.0041948
19.836,2.6304,0.27739
18.929,2.6613,0.47383
18.031,2.8776,0.80618
17.129,3.1228,1.0187
16.216,3.1951,1.1715
15.294,3.225,1.3457
14.359,3.2569,1.5098
13.257,3.0952,1.4983
12.166,2.9331,1.5165
11.085,2.7988,1.5849
10.012,2.7109,1.7001
8.9422,2.5922,1.707
7.8827,2.5115,1.627
6.8286,2.4076,1.5702
5.7834,2.3195,1.485
4.9423,2.4385,1.4591
4.122,2.5603,1.4043
3.3166,2.6965,1.3216
2.5301,2.8338,1.2265
1.7543,3.0052,1.1093
0.97659,3.1806,0.97977
0.18183,3.3472,0.64188
-0.6191,3.5613,0.33978
-1.3927,3.6921,0.40022
-2.1226,3.8423,0.54758
-2.8255,4.031,0.74585
-3.4973,4.2028,0.93407
-4.1387,4.3779,1.0895
-4.7441,4.5543,1.2073
-5.3143,4.7328,1.2996
-5.8368,4.9067,1.381
-6.4561,5.1611,1.1088
-7.0969,5.3927,0.81791
-7.7738,5.5535,0.52381
-8.4791,5.6604,0.26865
-9.1881,5.7438,0.1992
-9.8973,5.8705,0.18457
-10.603,5.9957,0.2126
-11.292,6.115,0.28671
-11.974,6.2417,0.23038
-12.667,6.2427,0.21464
-13.395,6.3594,0.15136
-14.143,6.3612,0.14005
-14.908,6.4667,0.080781
-15.702,6.5016,0.032324
-16.499,6.4993,0.098134
-17.305,6.5174,0.21036
-17.973,6.617,0.30982
-18.629,6.7322,0.39232
-19.269,6.8712,0.46198
-19.893,6.9615,0.5061
-20.511,7.0779,0.54269
-21.12,7.1778,0.56499
-21.723,7.3744,0.60918
-22.333,7.4818,0.59422
-22.939,7.714,0.57009
-23.531,7.9636,0.56522
-24.11,8.2135,0.57318
-24.672,8.4949,0.57758
-25.217,8.7239,0.582
-25.75,8.9396,0.58317
-26.267,9.1706,0.57531
-26.779,9.367,0.5712
-27.08,9.3599,0.64978
-27.34,9.323,0.78081
-27.57,9.2717,0.96358
-27.757,9.1943,1.1896
-27.901,9.1157,1.4385
-28.006,9.0075,1.6875
-28.064,8.888,1.9318
-28.081,8.7552,2.1617
-27.814,8.6713,2.2621
-27.549,8.5692,2.3735
-27.292,8.5707,2.4873
-27.07,8.5609,2.4166
-26.864,8.4722,2.3396
-26.668,8.519,2.3337
-26.475,8.5676,2.3241
-26.278,8.5896,2.467
-25.943,8.468,2.6659
-25.574,8.3347,2.8304
-25.175,8.1904,2.9636
-24.726,8.0467,3.083
-24.233,7.8989,3.1961
-23.702,7.7607,3.3155
-23.141,7.6443,3.4442
-22.572,7.4797,3.5515
-22.232,7.4091,3.4703
-21.933,7.3267,3.4216
-21.647,7.2014,3.3943
-21.396,7.0626,3.3997
-21.181,6.9214,3.4402
-20.997,6.7585,3.5105
-20.842,6.5826,3.611
-20.716,6.4258,3.7349
-20.787,6.3052,3.6946
-20.856,6.2349,3.6565
-20.93,6.1784,3.6203
-21.003,6.1346,3.5656
-21.073,6.0766,3.4811
-21.138,6.0266,3.3632
-21.188,5.9789,3.2302
-21.212,5.8964,3.1899
-21.165,6.003,3.0688
-21.129,6.114,2.949
-21.099,6.1876,2.8085
-21.083,6.2527,2.6607
-21.078,6.3391,2.5213
-21.096,6.3928,2.382
-21.13,6.4276,2.2542
-21.172,6.4695,2.1431
-21.228,6.4949,2.0767
-21.285,6.4869,2.0006
-21.344,6.4815,1.9261
-21.403,6.4135,1.8572
-21.466,6.4381,1.7426
-21.523,6.4258,1.6328
-21.578,6.4036,1.5129
-21.612,6.5309,1.5314
-21.646,6.5937,1.4677
-21.679,6.6883,1.4433
-21.714,6.786,1.4274
-21.742,6.9017,1.513
-21.766,7.0132,1.5906
-21.8,7.0711,1.574
-21.829,6.9744,1.565
-21.859,7.0311,1.5265
-21.817,6.9985,1.7662
-21.769,7.1206,1.9732
-21.737,7.1858,2.0816
-21.676,7.296,2.2687
-21.609,7.4084,2.5066
-21.539,7.3979,2.775
-21.453,7.4711,3.0913
-21.347,7.54,3.4879
-21.329,7.6071,3.986
-21.355,7.6614,4.394
-21.422,7.695,4.7428
-21.515,7.734,5.0729
-21.611,7.7938,5.409
-21.7,7.8347,5.833
-21.764,7.8989,6.374
-21.808,7.9864,7.009
-21.908,8.1461,7.7164
-22.075,8.297,8.3486
-22.323,8.4451,8.9133
-22.643,8.5796,9.4829
-23.014,8.704,10.159
-23.425,8.8123,10.97
-23.883,8.901,11.885
-24.376,8.9641,12.878
-24.712,8.8984,14.076
-25.01,8.8524,15.247
-25.264,8.8167,16.439
-25.491,8.8283,17.658
-25.662,8.8834,18.918
-25.784,8.98,20.248
-25.857,9.1132,21.659
-25.908,9.2598,23.146
-25.895,9.4351,24.66
-25.889,9.565,26.21
-25.894,9.6441,27.808
-25.903,9.6785,29.466
-25.908,9.6803,31.174
-25.908,9.651,32.921
-25.913,9.5837,34.675
-25.909,9.5182,36.433
-25.676,9.3871,38.092
-25.436,9.2485,39.706
-25.206,9.0977,41.284
-24.985,8.9269,42.83
-24.755,8.7854,44.32
-24.553,8.6361,45.749
-24.38,8.4881,47.155
-24.233,8.338,48.509
-24.084,8.1468,49.974
-23.931,7.9551,51.425
-23.784,7.7595,52.827
-23.647,7.575,54.156
-23.528,7.3847,55.385
-23.411,7.1883,56.539
-23.285,6.9855,57.661
-23.158,6.7837,58.737
-23.033,6.693,59.23
-22.929,6.6148,59.634
-22.837,6.5469,59.963
-22.747,6.4882,60.246
-22.652,6.4355,60.521
-22.554,6.388,60.806
-22.462,6.3607,61.121
-22.352,6.3167,61.476
-22.281,6.2335,61.621
-22.218,6.1495,61.753
-22.17,6.0735,61.851
-22.142,5.998,61.899
-22.135,5.9338,61.913
-22.148,5.8923,61.86
-22.163,5.8433,61.726
-22.183,5.8028,61.492
-22.21,5.9637,60.273
-22.216,6.1321,59.086
-22.2,6.3024,57.968
-22.178,6.4801,56.9
-22.168,6.6776,55.827
-22.173,6.8781,54.735
-22.215,7.1012,53.582
-22.295,7.3345,52.332
-22.512,7.581,50.077
-22.726,7.8142,47.73
-22.941,8.0435,45.307
-23.155,8.2631,42.812
-23.365,8.4712,40.274
-23.566,8.6616,37.703
-23.762,8.8365,35.137
-23.953,8.9931,32.611
-24.09,9.0651,30.848
-24.227,9.1051,29.073
-24.36,9.1138,27.259
-24.501,9.0973,25.385
-24.644,9.0686,23.427
-24.797,9.0265,21.421
-24.958,8.9847,19.327
-25.119,8.9354,17.153
-25.172,8.6189,15.01
-25.182,8.2977,13.035
-25.151,7.9939,11.241
-25.095,7.6994,9.5392
-25.019,7.4325,8.0189
-24.941,7.1897,6.6605
-24.861,6.9666,5.4144
-24.797,6.7466,4.226
-24.858,6.3245,2.5297
-24.916,5.8915,0.7657
-24.965,5.4502,-1.0338
-24.989,4.988,-2.7914
-24.993,4.5415,-4.4536
-24.986,4.1431,-6.0367
-24.984,3.786,-7.524
-24.99,3.4622,-8.9349
-25.124,3.2962,-10.153
-25.264,3.1209,-11.429
-25.403,2.9349,-12.751
-25.547,2.751,-14.088
-25.694,2.5614,-15.402
-25.838,2.3802,-16.67
-25.977,2.2176,-17.894
-26.113,2.0804,-19.083
-26.22,2.0146,-20.195
-26.309,1.9416,-21.262
-26.385,1.8599,-22.273
-26.441,1.7716,-23.235
-26.487,1.6768,-24.179
-26.526,1.5603,-25.114
-26.566,1.4441,-26.071
-26.608,1.3267,-27.066
-26.663,1.3284,-28.109
-26.731,1.332,-29.179
-26.808,1.3341,-30.288
-26.893,1.3313,-31.39
-26.981,1.3343,-32.499
-27.075,1.3238,-33.625
-27.185,1.2928,-34.781
-27.3,1.2523,-35.97
-27.51,1.1072,-37.383
-27.746,0.96012,-38.781
-28.001,0.82548,-40.109
-28.271,0.71286,-41.39
-28.539,0.60908,-42.572
-28.814,0.50627,-43.673
-29.096,0.40026,-44.722
-29.38,0.30274,-45.746
-29.545,0.14728,-46.938
-29.686,-0.013546,-48.132
-29.812,-0.17275,-49.33
-29.927,-0.33448,-50.523
-30.031,-0.4914,-51.703
-30.129,-0.63949,-52.869
-30.242,-0.79356,-54.038
-30.364,-0.93167,-55.185
-30.369,-0.97325,-56.124
-30.367,-1.0074,-57.075
-30.355,-1.0121,-58.031
-30.36,-1.0149,-58.966
-30.365,-1.0043,-59.851
-30.368,-0.98201,-60.675
-30.377,-0.94374,-61.431
-30.389,-0.89048,-62.126
-30.376,-0.89269,-62.458
-30.352,-0.90723,-62.78
-30.323,-0.92415,-63.08
-30.285,-0.95449,-63.354
-30.245,-0.99144,-63.599
-30.2,-1.0377,-63.815
-30.16,-1.1024,-64.022
-30.121,-1.1751,-64.227
-30.176,-1.1985,-64.147
-30.243,-1.2067,-63.964
-30.321,-1.2044,-63.708
-30.4,-1.2,-63.416
-30.474,-1.2035,-63.123
-30.541,-1.2157,-62.844
-30.595,-1.242,-62.592
-30.628,-1.2772,-62.373
-30.575,-1.2495,-61.928
-30.531,-1.195,-61.374
-30.499,-1.1141,-60.668
-30.467,-1.0059,-59.9
-30.456,-0.87196,-58.979
-30.452,-0.7043,-57.889
-30.456,-0.50609,-56.62
-30.45,-0.27514,-55.149
-30.36,-0.0085764,-52.812
-30.278,0.21043,-50.528
-30.219,0.37653,-48.364
-30.149,0.51685,-46.311
-30.078,0.62523,-44.34
-30.007,0.71829,-42.415
-29.941,0.79915,-40.535
-29.889,0.87583,-38.717
-29.964,0.9306,-37.235
-30.019,1.0236,-35.655
-30.049,1.1564,-33.956
-30.057,1.3244,-32.205
-30.03,1.5208,-30.349
-29.987,1.749,-28.369
-29.895,2.0107,-26.241
-29.735,2.31,-23.962
-29.568,2.4088,-22.385
-29.396,2.4977,-20.804
-29.212,2.5767,-19.19
-29.014,2.6423,-17.554
-28.809,2.7002,-15.916
-28.607,2.7488,-14.28
-28.41,2.7901,-12.636
-28.212,2.8266,-10.964
-27.997,2.9863,-8.9322
-27.759,3.1149,-6.8668
-27.512,3.23,-4.7681
-27.249,3.3012,-2.6515
-26.984,3.3668,-0.5344
-26.723,3.4326,1.551
-26.478,3.4904,3.4679
-26.254,3.4584,5.3059
-26.05,3.5424,7.0836
-25.843,3.6425,8.9291
-25.621,3.7276,10.869
-25.385,3.7979,12.91
-25.152,3.838,15.015
-24.937,3.832,17.124
-24.753,3.7798,19.171
-24.605,3.6927,21.099
-24.715,3.6159,22.184
-24.83,3.5705,23.359
-24.937,3.5504,24.656
-25.026,3.5527,26.007
-25.105,3.5573,27.444
-25.179,3.5626,28.915
-25.241,3.5478,30.367
-25.292,3.5111,31.797
-25.174,3.3891,32.827
-25.083,3.2802,33.791
-25.017,3.1841,34.721
-24.972,3.0958,35.652
-24.934,3.0127,36.598
-24.902,2.9348,37.578
-24.874,2.868,38.583
-24.852,2.808,39.589
-24.827,2.7078,40.61
-24.82,2.6033,41.609
-24.833,2.4798,42.575
-24.86,2.3486,43.542
-24.891,2.2194,44.56
-24.916,2.1014,45.637
-24.947,1.9861,46.756
-24.986,1.8683,47.87
-24.991,1.8988,48.367
-24.987,1.9391,48.782
-24.964,1.9942,49.139
-24.921,2.0588,49.451
-24.86,2.1282,49.739
-24.794,2.2051,49.982
-24.716,2.2899,50.2
-24.625,2.3881,50.423
-24.645,2.4426,50.545
-24.657,2.4868,50.674
-24.663,2.5263,50.803
-24.674,2.5658,50.893
-24.693,2.6034,50.954
-24.724,2.6301,50.947
-24.772,2.6513,50.879
-24.826,2.6613,50.749
-24.937,2.6967,49.875
-25.067,2.7401,48.89
-25.213,2.7901,47.781
-25.366,2.8611,46.584
-25.502,2.9532,45.359
-25.648,3.0438,44.098
-25.783,3.1436,42.824
-25.916,3.2633,41.546
-26.161,3.5315,39.601
-26.443,3.8006,37.57
-26.745,4.0624,35.367
-27.08,4.309,33.014
-27.442,4.535,30.525
-27.82,4.7414,27.923
-28.208,4.9396,25.249
-28.596,5.1195,22.576
-28.861,5.369,20.578
-29.137,5.5993,18.573
-29.411,5.8076,16.56
-29.683,5.9929,14.539
-29.956,6.157,12.5
-30.226,6.2876,10.413
-30.488,6.3782,8.2919
-30.733,6.4229,6.1614
-30.932,6.1957,4.5831
-31.133,5.9811,3.063
-31.333,5.783,1.6022
-31.522,5.6107,0.21353
-31.693,5.4414,-1.1162
-31.849,5.295,-2.4122
-31.988,5.208,-3.68
-32.089,5.1218,-4.7372
-31.918,4.7779,-5.9295
-31.712,4.4556,-7.065
-31.481,4.1684,-8.1449
-31.248,3.9254,-9.1864
-31.041,3.7098,-10.227
-30.867,3.5192,-11.253
-30.7,3.3769,-12.27
-30.553,3.2472,-13.275
-30.543,3.2088,-14.321
-30.531,3.1793,-15.362
-30.51,3.1565,-16.409
-30.49,3.1348,-17.456
-30.47,3.0978,-18.519
-30.459,3.0463,-19.614
-30.474,2.9786,-20.752
-30.515,2.895,-21.907
-30.773,2.9576,-22.682
-31.047,3.0383,-23.488
-31.318,3.1254,-24.349
-31.581,3.213,-25.259
-31.816,3.3086,-26.199
-32.014,3.4104,-27.161
-32.169,3.5193,-28.129
-32.297,3.6175,-29.12
-32.198,3.5743,-30.275
-32.105,3.5188,-31.406
-32.033,3.4612,-32.493
-31.975,3.4117,-33.514
-31.937,3.3865,-34.459
-31.915,3.3792,-35.316
-31.905,3.3821,-36.139
-31.905,3.3937,-36.9
-31.785,3.2625,-37.632
-31.637,3.1042,-38.421
-31.454,2.9185,-39.261
-31.238,2.7208,-40.123
-31.002,2.514,-41.02
-30.726,2.306,-41.944
-30.416,2.0889,-42.889
-30.083,1.8625,-43.858
-29.806,1.6176,-44.831
-29.545,1.4074,-45.683
-29.302,1.2461,-46.392
-29.1,1.1461,-46.995
-28.959,1.0898,-47.543
-28.874,1.0536,-48.09
-28.809,1.0219,-48.646
-28.78,0.98246,-49.212
-28.807,0.85698,-49.766
-28.821,0.71461,-50.309
-28.824,0.56042,-50.834
-28.823,0.3996,-51.337
-28.831,0.23143,-51.834
-28.844,0.063717,-52.318
-28.848,-0.10336,-52.74
-28.834,-0.27902,-53.07
-28.857,-0.31266,-52.616
-28.878,-0.33838,-52.12
-28.902,-0.34816,-51.583
-28.923,-0.33646,-51.027
-28.935,-0.31092,-50.439
-28.942,-0.28275,-49.836
-28.942,-0.25607,-49.238
-28.93,-0.23166,-48.663
-28.921,-0.17328,-47.792
-28.908,-0.10046,-46.846
-28.885,-0.01081,-45.785
-28.858,0.11011,-44.586
-28.832,0.26173,-43.241
-28.835,0.45256,-41.836
-28.882,0.64453,-40.387
-28.967,0.87711,-38.971
-28.968,1.0861,-37.236
-28.953,1.2957,-35.466
-28.936,1.498,-33.698
-28.915,1.6947,-31.959
-28.895,1.8767,-30.297
-28.887,2.0211,-28.718
-28.88,2.1341,-27.2
-28.872,2.2131,-25.695
-28.836,2.2989,-23.874
-28.79,2.3956,-21.995
-28.722,2.4887,-20.092
-28.64,2.5796,-18.17
-28.551,2.6596,-16.251
-28.451,2.7253,-14.372
-28.341,2.7754,-12.562
-28.222,2.7955,-10.822
-28.031,2.8207,-9.4375
-27.835,2.8508,-8.0441
-27.634,2.8958,-6.6606
-27.434,2.9455,-5.3093
-27.244,3.0045,-3.9905
-27.073,3.0804,-2.7053
-26.914,3.1854,-1.453
-26.781,3.311,-0.2448
-26.83,3.4977,0.79567
-26.887,3.7237,1.7144
-26.961,3.8547,2.515
-27.041,3.9584,3.2521
-27.129,4.0263,3.9345
-27.227,4.1354,4.5925
-27.33,4.2271,5.2172
-27.437,4.3196,5.8223
-27.568,4.5709,6.5469
-27.693,4.8301,7.295
-27.808,5.0902,8.057
-27.912,5.3486,8.8105
-28.012,5.6054,9.543
-28.11,5.861,10.267
-28.203,6.1274,10.997
-28.28,6.3945,11.743
-28.27,6.4967,12.222
-28.268,6.5686,12.669
-28.283,6.6282,13.083
-28.319,6.6749,13.453
-28.377,6.7175,13.801
-28.446,6.7658,14.132
-28.522,6.8215,14.461
-28.589,6.8753,14.77
-28.646,6.8807,14.72
-28.692,6.8775,14.658
-28.724,6.8586,14.603
-28.75,6.8356,14.549
-28.773,6.8107,14.496
-28.795,6.7856,14.421
-28.818,6.7479,14.324
-28.838,6.7021,14.199
-28.913,6.6342,13.972
-29.007,6.5776,13.711
-29.108,6.5226,13.436
-29.21,6.4724,13.137
-29.313,6.4292,12.823
-29.413,6.3957,12.492
-29.51,6.3618,12.137
-29.607,6.3401,11.758
-29.674,6.4116,11.368
-29.738,6.4788,10.96
-29.8,6.5431,10.549
-29.861,6.6174,10.143
-29.916,6.6938,9.739
-29.965,6.7718,9.3593
-30.003,6.8541,9.0036
-30.031,6.9372,8.6678
-30.064,6.974,8.4313
-30.098,6.9932,8.1998
-30.14,7.0036,7.9702
-30.188,6.9978,7.7424
-30.235,7,7.5434
-30.28,7.0084,7.3907
-30.324,7.0255,7.28
-30.376,7.0531,7.1967
-30.447,7.0873,7.0559
-30.519,7.1306,6.8967
-30.589,7.1827,6.7154
-30.656,7.2342,6.5223
-30.721,7.2929,6.3213
-30.784,7.3496,6.1118
-30.837,7.4021,5.9048
-30.88,7.4616,5.7122
-30.901,7.4965,5.522
-30.922,7.5369,5.3566
-30.941,7.5782,5.2048
-30.956,7.6228,5.0498
-30.98,7.6682,4.889
-31.013,7.7076,4.714
-31.051,7.7433,4.5297
-31.094,7.7765,4.3572
-31.158,7.8115,4.2379
-31.22,7.8514,4.1095
-31.288,7.8834,3.9664
-31.356,7.9107,3.8109
-31.428,7.9327,3.6496
-31.508,7.9576,3.4647
-31.584,7.9841,3.2845
-31.664,8.0137,3.1224
-31.718,8.0893,2.9665
-31.774,8.1691,2.8063
-31.839,8.2518,2.6194
-31.905,8.3398,2.4412
-31.972,8.4164,2.2412
-32.041,8.4888,2.0355
-32.108,8.5468,1.8304
-32.17,8.6084,1.6335
-32.201,8.6392,1.5066
-32.228,8.6689,1.3791
-32.255,8.6946,1.2452
-32.279,8.6955,1.103
-32.301,8.6935,0.96207
-32.323,8.7039,0.83693
-32.343,8.6998,0.72207
-32.367,8.7143,0.62807
-32.408,8.7422,0.47893
-32.448,8.7782,0.33071
-32.508,8.8052,0.17213
-32.542,8.8403,0.0075591
-32.578,8.8864,-0.16008
-32.614,8.9109,-0.33308
-32.654,8.9357,-0.50385
-32.697,8.9541,-0.66967
-32.731,8.9585,-0.78504
-32.761,8.9759,-0.9053
-32.789,8.9932,-1.0431
-32.819,9.0031,-1.191
-32.846,9.0091,-1.3441
-32.87,9.0279,-1.4964
-32.897,9.0337,-1.6434
-32.926,9.0595,-1.7803
-32.986,9.0631,-1.9068
-33.047,9.0837,-2.0328
-33.105,9.0898,-2.1614
-33.166,9.0833,-2.2937
-33.227,9.0974,-2.4255
-33.281,9.1278,-2.5521
-33.331,9.1865,-2.6689
-33.375,9.2105,-2.7923
-33.393,9.3689,-3.0713
-33.417,9.5048,-3.3565
-33.438,9.6669,-3.6535
-33.465,9.8624,-3.9634
-33.497,10.064,-4.2853
-33.538,10.262,-4.5968
-33.587,10.482,-4.9103
-33.633,10.682,-5.1738
-33.734,11.002,-5.4431
-33.834,11.316,-5.6752
-33.931,11.643,-5.9131
-34.023,11.985,-6.124
-34.111,12.356,-6.3242
-34.193,12.749,-6.5253
-34.27,13.154,-6.7437
-34.341,13.591,-6.9646
-34.32,14.257,-7.0304
-34.297,14.907,-7.0978
-34.261,15.565,-7.1696
-34.213,16.227,-7.2777
-34.163,16.892,-7.4206
-34.105,17.57,-7.592
-34.05,18.241,-7.7804
-33.986,18.906,-7.9784
