-0.11365,-1.1533,-0.17344
-0.18159,-2.2004,-0.38296
-0.22005,-3.1355,-0.58967
-0.23556,-4.0371,-0.78865
-0.21655,-4.9788,-0.95451
-0.19351,-5.9572,-1.1138
-0.1874,-6.9632,-1.2899
-0.2125,-7.9822,-1.4867
-0.42773,-8.6539,-1.6563
-0.63004,-9.337,-1.7645
-0.8134,-10.03,-1.8351
-0.99134,-10.722,-1.833
-1.1698,-11.447,-1.7889
-1.3419,-12.191,-1.7285
-1.5132,-12.93,-1.6628
-1.6779,-13.671,-1.6323
-1.7414,-14.397,-1.6295
-1.7999,-15.152,-1.607
-1.8568,-15.913,-1.5808
-1.9123,-16.675,-1.5756
-1.9714,-17.434,-1.5941
-2.0299,-18.194,-1.6398
-2.0716,-18.937,-1.6945
-2.1035,-19.652,-1.7338
-2.0781,-20.417,-1.8273
-2.0698,-21.161,-1.9464
-2.0827,-21.901,-2.0809
-2.1065,-22.644,-2.2307
-2.1359,-23.384,-2.3685
-2.1705,-24.086,-2.4644
-2.2132,-24.728,-2.5138
-2.2683,-25.36,-2.5115
-2.3779,-25.665,-2.5554
-2.4847,-25.943,-2.5969
-2.5948,-26.212,-2.6308
-2.6941,-26.453,-2.6613
-2.7933,-26.656,-2.6841
-2.8898,-26.836,-2.6988
-2.9707,-26.981,-2.726
-3.0475,-27.096,-2.7512
-3.1073,-26.996,-2.7343
-3.1663,-26.902,-2.6925
-3.2294,-26.815,-2.639
-3.2875,-26.701,-2.5626
-3.345,-26.568,-2.4407
-3.3967,-26.435,-2.2996
-3.4472,-26.321,-2.1321
-3.5005,-26.215,-1.9479
-3.5925,-26.181,-1.8173
-3.6858,-26.143,-1.691
-3.7876,-26.088,-1.5654
-3.8907,-26.025,-1.4451
-3.9946,-25.958,-1.3297
-4.0997,-25.881,-1.2019
-4.1954,-25.809,-1.0689
-4.2852,-25.73,-0.93598
-4.3589,-25.675,-0.75117
-4.4314,-25.611,-0.57216
-4.4987,-25.537,-0.3933
-4.5655,-25.467,-0.20795
-4.6349,-25.401,-0.029304
-4.7046,-25.342,0.15244
-4.777,-25.281,0.33814
-4.8472,-25.214,0.53275
-4.9005,-25.113,0.69733
-4.9559,-24.992,0.84761
-5.0079,-24.866,0.97805
-5.0617,-24.738,1.1029
-5.0939,-24.594,1.2144
-5.1482,-24.439,1.3238
-5.1968,-24.284,1.4222
-5.2335,-24.135,1.5188
-5.2286,-23.834,1.7031
-5.2175,-23.516,1.8822
-5.2035,-23.19,2.0573
-5.1867,-22.847,2.2325
-5.169,-22.513,2.4004
-5.1497,-22.167,2.5713
-5.1339,-21.815,2.7427
-5.1135,-21.455,2.921
-5.1249,-21.017,3.2332
-5.1239,-20.564,3.5332
-5.1255,-20.065,3.8503
-5.1162,-19.526,4.1651
-5.0976,-18.989,4.4678
-5.0588,-18.45,4.751
-5.002,-17.915,4.9801
-4.9394,-17.375,5.1754
-4.8566,-16.597,5.205
-4.774,-15.774,5.2557
-4.6703,-14.951,5.312
-4.5521,-14.104,5.3955
-4.416,-13.247,5.4864
-4.2729,-12.367,5.6011
-4.1211,-11.482,5.7291
-3.9399,-10.588,5.8801
-3.7529,-9.7157,5.9858
-3.5673,-8.8455,6.068
-3.3758,-7.9695,6.127
-3.1925,-7.0437,6.1421
-3.0279,-6.1107,6.1551
-2.9301,-5.2442,6.1986
-2.8652,-4.4911,6.2816
-2.8356,-3.6936,6.3249
-2.7906,-2.8773,6.7194
-2.7376,-2.0518,7.116
-2.6712,-1.2353,7.4711
-2.5947,-0.40882,7.8084
-2.5048,0.43883,8.1312
-2.4058,1.3167,8.4254
-2.2947,2.2353,8.6703
-2.1753,3.1638,8.8767
-2.1445,4.1324,8.8648
-2.1171,5.0849,8.8656
-2.099,6.0101,8.8781
-2.0791,6.8978,8.9482
-2.0504,7.7685,9.0591
-1.9998,8.6744,9.1987
-1.9227,9.5995,9.3542
-1.8102,10.532,9.5507
-1.4036,11.612,9.901
-0.98947,12.687,10.252
-0.57462,13.759,10.602
-0.16794,14.843,10.936
0.22597,15.911,11.245
0.58512,16.973,11.485
0.89351,18.009,11.656
1.1531,19.022,11.773
1.3045,19.894,12.002
1.4857,20.769,12.292
1.7095,21.635,12.651
1.9796,22.533,13.049
2.3005,23.41,13.505
2.6649,24.312,13.988
3.0639,25.223,14.492
3.4945,26.145,14.977
3.865,27.103,15.364
4.1918,28.062,15.726
4.4866,29.029,16.048
4.7693,30.002,16.34
5.009,30.988,16.574
5.2006,31.962,16.74
5.3419,32.925,16.836
5.448,33.874,16.868
5.5768,34.868,16.649
5.7218,35.877,16.437
5.8712,36.88,16.221
6.0245,37.879,16.003
6.1815,38.867,15.787
6.3331,39.858,15.581
6.4911,40.828,15.4
6.6303,41.793,15.221
6.7632,42.684,14.995
6.9002,43.555,14.761
7.0387,44.388,14.512
7.1756,45.167,14.259
7.3224,45.896,14.012
7.4885,46.579,13.786
7.689,47.261,13.598
7.9158,47.949,13.436
8.0761,48.529,13.348
8.1839,49.073,13.222
8.2599,49.588,13.081
8.2902,50.06,12.926
8.3048,50.513,12.821
8.2806,50.933,12.726
8.2555,51.348,12.664
8.1871,51.727,12.583
8.0607,51.881,12.589
7.9502,52.021,12.591
7.8492,52.141,12.582
7.749,52.245,12.543
7.6433,52.318,12.462
7.5527,52.369,12.361
7.4683,52.4,12.234
7.3202,52.349,12.006
7.1953,52.205,11.879
7.0692,52.069,11.755
6.9345,51.941,11.624
6.8034,51.813,11.51
6.6519,51.701,11.389
6.4823,51.59,11.27
6.312,51.481,11.154
6.1414,51.363,11.049
5.9444,51.244,10.856
5.757,51.108,10.651
5.5654,50.981,10.408
5.3889,50.843,10.149
5.2426,50.715,9.9056
5.1233,50.558,9.677
5.0346,50.399,9.484
4.9698,50.246,9.3288
4.899,50.185,9.2523
4.8019,50.14,9.123
4.7017,50.079,8.9835
4.6328,49.983,8.8782
4.5804,49.867,8.7909
4.5277,49.736,8.713
4.4715,49.603,8.6321
4.389,49.48,8.5259
4.3147,49.375,8.4572
4.2255,49.274,8.351
4.1402,49.163,8.2363
4.066,49.041,8.1323
4.0204,48.915,8.0542
3.9824,48.79,7.9899
3.891,48.734,7.8332
3.8832,48.621,7.805
3.7598,48.491,7.575
3.6618,48.474,7.3886
3.6184,48.439,7.2194
3.6164,48.406,7.1375
3.497,48.294,6.8981
3.4935,48.223,6.7866
3.4867,48.129,6.6936
3.4693,48.015,6.5688
3.4373,47.585,6.6075
3.4757,47.202,6.7274
3.5109,46.784,6.8446
3.5638,46.37,6.9511
3.5935,46.002,7.0291
3.6052,45.644,7.112
3.588,45.29,7.1621
3.5376,44.93,7.1588
3.568,44.203,7.0986
3.5421,43.457,6.9753
3.4916,42.737,6.7996
3.4145,42.044,6.5919
3.4317,41.414,6.5174
3.3886,40.782,6.3938
3.3318,40.146,6.2989
3.2794,39.49,6.2465
3.3973,38.547,6.3173
3.5196,37.572,6.3803
3.6754,36.594,6.4701
3.8166,35.592,6.5335
3.9873,34.613,6.6317
4.1572,33.581,6.7194
4.3456,32.553,6.8207
4.5281,31.516,6.934
4.5205,30.481,6.9529
4.5116,29.403,6.9547
4.5112,28.306,6.9312
4.5195,27.177,6.9014
4.549,26.018,6.8873
4.5936,24.848,6.8725
4.6238,23.658,6.8515
4.6306,22.465,6.8265
4.5196,21.497,6.9069
4.3829,20.555,6.9517
4.2218,19.621,6.9465
4.0471,18.67,6.9056
3.8763,17.657,6.826
3.7156,16.601,6.7304
3.5707,15.51,6.6581
3.4486,14.405,6.6135
3.51,13.371,6.392
3.605,12.316,6.1823
3.7248,11.246,5.9849
3.8607,10.165,5.7847
4.0013,9.0724,5.592
4.1402,7.9892,5.3929
4.2787,6.8969,5.2298
4.4534,5.8456,5.1432
4.5122,4.7786,4.9282
4.5599,3.6971,4.6876
4.6299,2.6139,4.4166
4.7195,1.5409,4.1388
4.8142,0.47215,3.8468
4.9332,-0.60263,3.5923
5.0557,-1.6687,3.3871
5.1501,-2.7604,3.2116
5.3033,-3.7975,3.0883
5.4635,-4.811,2.915
5.6215,-5.8028,2.7258
5.7649,-6.7766,2.5268
5.9001,-7.6896,2.354
6.0488,-8.5609,2.2005
6.2165,-9.4002,2.0546
6.3781,-10.225,1.9168
6.4604,-10.698,1.6658
6.5517,-11.171,1.3775
6.6605,-11.625,1.0722
6.7747,-12.073,0.74327
6.9019,-12.502,0.40642
7.0471,-12.927,0.092109
7.2089,-13.344,-0.18829
7.3822,-13.758,-0.42149
7.4953,-13.97,-0.62074
7.5822,-14.162,-0.80139
7.661,-14.321,-0.94157
7.727,-14.449,-1.0613
7.7966,-14.543,-1.144
7.848,-14.624,-1.1922
7.873,-14.674,-1.2133
7.8751,-14.665,-1.2215
7.8103,-14.569,-1.1815
7.7482,-14.489,-1.1396
7.6878,-14.408,-1.087
7.6319,-14.339,-1.0244
7.5763,-14.286,-0.96107
7.5193,-14.223,-0.88384
7.4641,-14.168,-0.7904
7.4036,-14.121,-0.6807
7.3737,-14.056,-0.44612
7.3422,-13.983,-0.21223
7.3162,-13.898,0.016664
7.2808,-13.817,0.25216
7.2406,-13.719,0.48988
7.2034,-13.614,0.73709
7.1687,-13.492,0.98676
7.131,-13.347,1.234
7.0446,-13.136,1.3693
6.9656,-12.954,1.5171
6.8928,-12.774,1.6743
6.8285,-12.583,1.8394
6.783,-12.402,2.0063
6.736,-12.213,2.1655
6.6896,-12.073,2.3364
6.6472,-11.923,2.4979
6.6111,-11.791,2.6403
6.5809,-11.648,2.7773
6.5638,-11.499,2.9028
6.5336,-11.349,3.0224
6.5277,-11.246,3.1465
6.5403,-11.138,3.2509
6.5412,-10.993,3.3336
6.5386,-10.863,3.4158
6.5565,-10.769,3.5312
6.5957,-10.647,3.6109
6.6712,-10.55,3.6418
6.722,-10.425,3.6707
6.7383,-10.289,3.752
6.7459,-10.141,3.792
6.7561,-9.9985,3.8242
6.7495,-9.8564,3.9209
6.7779,-9.7203,3.9337
6.8336,-9.6509,3.9403
6.8671,-9.5492,3.949
6.8769,-9.4679,4.0063
6.878,-9.4096,4.0928
6.8893,-9.3341,4.1749
6.9218,-9.1919,4.2326
6.9672,-9.0213,4.2801
7.0164,-8.8635,4.2557
7.0663,-8.7144,4.2259
7.1041,-8.5744,4.1779
7.1496,-8.4501,4.1877
7.1765,-8.4338,4.2512
7.2159,-8.3781,4.2874
7.1867,-8.3109,4.3767
7.1826,-8.254,4.4794
7.1928,-8.1832,4.4526
7.2416,-8.1332,4.4504
7.2957,-8.0998,4.4303
7.3265,-8.057,4.5149
7.3523,-8.073,4.5899
7.3482,-8.0233,4.6864
7.3943,-7.9507,4.7246
7.4578,-8.0069,4.7633
7.5484,-8.0553,4.6714
7.6608,-8.0882,4.6037
7.7604,-8.0927,4.5193
7.8624,-8.0944,4.461
7.9363,-8.1298,4.3768
8.0057,-8.1564,4.3082
8.0574,-8.1984,4.2539
8.0873,-8.2102,4.2065
8.128,-8.1616,4.2686
8.168,-8.1627,4.2817
8.2127,-8.1531,4.3005
8.2628,-8.15,4.3369
8.2946,-8.1489,4.3287
8.3128,-8.1335,4.3036
8.3305,-8.0763,4.289
8.3545,-8.0234,4.2734
8.3631,-7.9198,4.248
8.3566,-7.8732,4.2022
8.335,-7.8181,4.148
8.3053,-7.7891,4.0983
8.2882,-7.696,4.054
8.2683,-7.6216,4.0289
8.2349,-7.4887,3.9825
8.2105,-7.444,3.9983
8.1252,-7.3481,4.0261
8.0362,-7.2402,4.1011
7.9436,-7.2063,4.1585
7.8197,-7.0824,4.2168
7.724,-7.0348,4.2958
7.6015,-6.9047,4.3796
7.4877,-6.8622,4.4552
7.3653,-6.7859,4.5143
7.278,-6.7085,4.479
7.1941,-6.642,4.4264
7.0968,-6.5527,4.3635
7.0201,-6.4723,4.3287
6.9268,-6.356,4.2787
6.8325,-6.2593,4.2174
6.7233,-6.2122,4.1648
6.6393,-6.1153,4.1332
6.6176,-6.0658,4.0602
6.5893,-6.0658,4.0199
6.5548,-6.0122,4.0266
6.5252,-5.9621,4.0458
6.5289,-5.884,4.0321
6.5166,-5.8409,4.0647
6.54,-5.7866,4.0681
6.582,-5.7762,4.0389
6.6174,-5.7782,3.9996
6.6593,-5.806,3.9924
6.6748,-5.8035,3.9316
6.6945,-5.813,3.8839
6.7011,-5.8522,3.9353
6.739,-5.8279,3.9518
6.7707,-5.7783,3.9644
6.7914,-5.7947,3.9831
6.7164,-5.7477,4.0358
6.614,-5.6982,4.1006
6.5029,-5.6912,4.1777
6.3614,-5.6586,4.2611
6.1889,-5.6146,4.3415
5.9713,-5.5702,4.4078
5.7052,-5.5169,4.4317
5.3992,-5.442,4.4049
4.7939,-5.2828,4.2632
4.2239,-5.1297,4.1792
3.6589,-4.977,4.113
3.103,-4.8181,4.0456
2.5565,-4.6376,3.9517
2.043,-4.4558,3.9265
1.5576,-4.2274,3.9497
1.0742,-4.0182,3.9572
0.55328,-3.7829,3.9489
0.037791,-3.5589,3.9358
-0.49767,-3.3523,3.914
-1.028,-3.1518,3.8724
-1.546,-2.971,3.8133
-2.0764,-2.7953,3.719
-2.5963,-2.6819,3.6427
-3.0983,-2.4791,3.5221
-3.6211,-2.2054,3.4121
-4.1204,-1.9968,3.2787
-4.5962,-1.7601,3.1527
-5.0662,-1.461,3.0325
-5.5513,-1.1724,2.9281
-6.0302,-0.84787,2.814
-6.5215,-0.55933,2.7172
-6.9946,-0.23024,2.6548
-7.5114,-0.0013768,2.743
-8.0278,0.19117,2.8191
-8.5402,0.38425,2.889
-9.0321,0.57199,2.9516
-9.4872,0.75246,2.9947
-9.8945,0.90261,3.0003
-10.292,1.053,2.9758
-10.691,1.2228,2.9258
-11.034,1.4077,2.7994
-11.407,1.6647,2.7119
-11.786,1.9153,2.647
-12.178,2.1844,2.6032
-12.577,2.4201,2.5951
-12.981,2.6575,2.5961
-13.385,2.9157,2.6095
-13.769,3.123,2.6649
-14.108,3.2149,2.6742
-14.425,3.3002,2.6756
-14.73,3.3754,2.6716
-15.021,3.4624,2.6664
-15.313,3.6039,2.6486
-15.579,3.7578,2.6417
-15.807,3.848,2.6277
-16.047,3.893,2.6102
-16.348,3.9572,2.6345
-16.654,4.026,2.6844
-16.97,4.0726,2.7542
-17.285,4.1069,2.8333
-17.604,4.1569,2.9214
-17.929,4.1994,3.0174
-18.254,4.2334,3.1276
-18.572,4.2443,3.2484
-18.878,4.2657,3.2097
-19.201,4.2859,3.1601
-19.538,4.3051,3.1109
-19.87,4.3788,3.1076
-20.188,4.4818,3.1262
-20.525,4.5958,3.1495
-20.859,4.7272,3.1809
-21.202,4.849,3.2257
-21.599,4.8923,3.3064
-21.978,4.9382,3.3813
-22.334,5.0454,3.4548
-22.675,5.1359,3.5189
-22.992,5.174,3.5459
-23.291,5.2995,3.5868
-23.575,5.3548,3.5975
-23.861,5.4214,3.6009
-24.154,5.4273,3.6617
-24.448,5.4239,3.7311
-24.754,5.4065,3.7877
-25.062,5.4243,3.8807
-25.375,5.4662,3.9791
-25.672,5.5616,4.0889
-25.967,5.6284,4.1992
-26.25,5.7122,4.3152
-26.431,5.7258,4.3598
-26.617,5.7324,4.4032
-26.8,5.7529,4.4455
-26.966,5.7556,4.5037
-27.117,5.7727,4.5881
-27.252,5.7479,4.6869
-27.368,5.7563,4.7985
-27.472,5.7422,4.9191
-27.481,5.7711,5.0074
-27.487,5.7786,5.0838
-27.493,5.801,5.1533
-27.486,5.7997,5.2192
-27.474,5.8062,5.3051
-27.458,5.7778,5.4016
-27.439,5.6947,5.4579
-27.427,5.656,5.563
-27.406,5.6804,5.5904
-27.347,5.6374,5.6187
-27.281,5.5698,5.6358
-27.188,5.5671,5.6625
-27.077,5.5419,5.6791
-26.943,5.4758,5.6862
-26.773,5.4325,5.695
-26.61,5.3462,5.6784
-26.26,5.2836,5.6625
-25.862,5.216,5.6448
-25.442,5.1242,5.6143
-24.998,5.0613,5.5848
-24.539,5.0046,5.54
-24.041,4.9731,5.4946
-23.518,4.9493,5.4457
-22.966,4.9226,5.3803
-22.263,4.9044,5.4494
-21.539,4.8426,5.5598
-20.8,4.7879,5.6972
-20.037,4.6885,5.865
-19.26,4.5914,6.0512
-18.458,4.4865,6.2736
-17.636,4.3661,6.5181
-16.804,4.2057,6.8094
-16.232,4.034,6.8071
-15.68,3.8498,6.7613
-15.142,3.6882,6.6717
-14.601,3.5046,6.5393
-14.048,3.408,6.3922
-13.484,3.2679,6.1802
-12.899,3.194,6.1184
-12.263,3.1147,6.0212
-11.283,3.069,5.9157
-10.276,3.0205,5.8327
-9.2416,2.9348,5.7862
-8.1799,2.9194,5.7685
-7.1207,2.7931,5.8385
-5.9996,2.5984,5.9639
-4.8716,2.409,6.1288
-3.7222,2.1821,6.3191
-2.583,1.9667,6.5832
-1.4653,1.752,6.8471
-0.3597,1.4693,7.0451
0.75336,1.1524,7.2432
1.8762,0.82769,7.431
3.0031,0.50087,7.608
4.1364,0.20455,7.7668
5.2827,-0.053006,7.9111
6.6326,-0.16967,7.9218
7.9934,-0.28608,7.8803
9.3552,-0.397,7.8053
10.694,-0.47992,7.6737
12.051,-0.54046,7.5015
13.422,-0.59236,7.315
14.81,-0.62987,7.1362
16.213,-0.66438,6.975
17.676,-0.69364,6.8112
19.122,-0.76598,6.6775
20.528,-0.91926,6.574
21.887,-1.1728,6.5133
23.195,-1.5113,6.4942
24.469,-1.8816,6.5052
25.725,-2.2398,6.5316
26.981,-2.5801,6.5966
28.186,-2.9325,6.4727
29.369,-3.2952,6.2658
30.542,-3.6262,6.0044
31.708,-3.952,5.7315
32.879,-4.2517,5.4898
34.065,-4.5279,5.2858
35.26,-4.7878,5.1402
36.451,-5.0627,5.0081
37.424,-5.2179,4.7802
38.378,-5.3421,4.4888
39.288,-5.4228,4.1527
40.166,-5.4798,3.808
41.019,-5.5685,3.4907
41.864,-5.6451,3.2048
42.71,-5.6942,2.9546
43.571,-5.7297,2.7437
44.311,-5.6953,2.2722
45.029,-5.6625,1.8355
45.733,-5.6343,1.4224
46.427,-5.5908,1.0655
47.102,-5.5495,0.73883
47.749,-5.4894,0.41998
48.368,-5.4139,0.079393
48.958,-5.3318,-0.2832
49.429,-5.308,-0.74057
49.895,-5.2628,-1.1486
50.354,-5.219,-1.5254
50.82,-5.1885,-1.8566
51.291,-5.1662,-2.1428
51.771,-5.1649,-2.3806
52.258,-5.1885,-2.5286
52.764,-5.1999,-2.6669
53.048,-5.2339,-2.7614
53.303,-5.2501,-2.8608
53.536,-5.2393,-2.9474
53.751,-5.1866,-3.0096
53.95,-5.1307,-2.9618
54.129,-5.0726,-2.9108
54.308,-5.0168,-2.8637
54.493,-4.9744,-2.7946
54.642,-4.8702,-2.7911
54.779,-4.7693,-2.7708
54.915,-4.668,-2.7463
55.046,-4.5802,-2.7077
55.165,-4.4959,-2.6684
55.276,-4.4378,-2.6268
55.396,-4.4208,-2.5617
55.535,-4.4181,-2.4711
55.671,-4.4001,-2.5944
55.796,-4.415,-2.7507
55.915,-4.4056,-2.8747
56.01,-4.3699,-2.9482
56.098,-4.3488,-3.0419
56.15,-4.3206,-3.1433
56.172,-4.2906,-3.2596
56.197,-4.2732,-3.3789
56.145,-4.2361,-3.253
56.104,-4.2011,-3.1241
56.082,-4.139,-3.0161
56.075,-4.063,-2.945
56.077,-3.9915,-2.8891
56.1,-3.9273,-2.92
56.113,-3.8703,-2.9303
56.108,-3.8199,-2.9401
55.962,-3.7283,-2.9131
55.803,-3.6315,-2.8603
55.627,-3.5332,-2.7573
55.46,-3.4056,-2.6418
55.305,-3.2886,-2.525
55.155,-3.1831,-2.4204
55.016,-3.051,-2.4133
54.87,-2.9782,-2.4076
54.533,-2.8134,-2.4988
54.177,-2.6416,-2.6014
53.828,-2.513,-2.6815
53.471,-2.3669,-2.7037
53.056,-2.2247,-2.6273
52.637,-2.0578,-2.5368
52.227,-1.9063,-2.4247
51.833,-1.7375,-2.2701
51.449,-1.4599,-2.1823
51.069,-1.2161,-2.0376
50.695,-0.94035,-1.9561
50.3,-0.67449,-1.919
49.879,-0.44485,-1.9284
49.436,-0.20883,-1.915
48.929,-0.032502,-1.9456
48.363,0.14285,-2.0064
47.606,0.34733,-1.7555
46.83,0.56028,-1.4688
46.058,0.75813,-1.1698
45.295,0.95951,-0.84582
44.558,1.1465,-0.50851
43.855,1.3267,-0.14421
43.169,1.4778,0.23105
42.519,1.6507,0.60117
41.702,1.7628,0.62852
40.843,1.9218,0.64201
39.959,2.1046,0.64267
39.068,2.2765,0.67308
38.163,2.4099,0.74524
37.247,2.5281,0.84708
36.311,2.6539,0.93887
35.371,2.7664,1.0184
34.566,3.0497,0.98213
33.782,3.3359,0.89351
33.006,3.5847,0.77271
32.222,3.8689,0.55685
31.419,4.0853,0.20845
30.61,4.3324,-0.097301
29.767,4.601,-0.38299
28.912,4.8349,-0.58411
27.885,4.9435,-0.43429
26.848,5.0136,-0.29239
25.808,5.0561,-0.14877
24.778,5.0961,-0.016387
23.751,5.1141,0.10025
22.733,5.1127,0.21035
21.736,5.0928,0.30986
20.75,5.0668,0.39428
19.693,5.0009,0.10616
18.591,4.9011,-0.19768
17.418,4.7972,-0.45859
16.203,4.7454,-0.69285
14.978,4.714,-0.81475
13.765,4.7012,-0.76779
12.573,4.6926,-0.54615
11.407,4.6991,-0.26269
10.331,4.7218,-0.12982
9.2698,4.776,-0.017805
8.2199,4.8132,0.083542
7.1695,4.8822,0.17434
6.1354,4.9495,0.26816
5.095,5.0528,0.35936
4.0486,5.1355,0.46271
2.9802,5.2377,0.5829
1.9914,5.3848,0.76833
1.0361,5.5227,0.93591
0.11661,5.6546,1.1049
-0.75686,5.8032,1.2604
-1.6193,5.9353,1.3927
-2.447,6.0708,1.5002
-3.2535,6.2321,1.5531
-4.0621,6.4068,1.5574
-4.9112,6.5771,1.8017
-5.7694,6.729,2.0929
-6.6253,6.8892,2.4265
-7.4637,7.0271,2.8284
-8.2773,7.1427,3.3005
-9.0583,7.2367,3.8042
-9.817,7.33,4.3005
-10.575,7.4032,4.7944
-11.173,7.6401,5.0065
-11.754,7.7964,5.1401
-12.377,7.8083,5.1831
-13.048,7.8826,5.1707
-13.737,7.9766,5.1027
-14.46,8.1186,5.0318
-15.187,8.2758,5.0372
-15.915,8.4055,5.1076
-16.443,8.3253,5.3744
-16.987,8.3619,5.4869
-17.527,8.3459,5.5358
-18.073,8.3689,5.5971
-18.616,8.4217,5.6962
-19.13,8.4939,5.8745
-19.674,8.5701,6.0809
-20.196,8.6426,6.3291
-20.552,8.5926,6.3044
-20.888,8.528,6.2617
-21.201,8.4861,6.1871
-21.511,8.4404,6.0877
-21.792,8.4124,5.9905
-22.06,8.3764,5.8869
-22.327,8.3331,5.7833
-22.569,8.2969,5.6851
-22.64,8.2477,5.6036
-22.688,8.2048,5.5177
-22.717,8.1665,5.4042
-22.736,8.1289,5.3001
-22.734,8.0659,5.1993
-22.722,8.015,5.0795
-22.697,7.9387,4.9463
-22.611,7.8953,4.8274
-22.51,7.8953,4.6533
-22.404,7.9146,4.4733
-22.302,7.9246,4.2984
-22.203,7.896,4.1261
-22.14,7.8406,3.9463
-22.054,7.7431,3.7969
-21.959,7.8173,3.7475
-21.796,7.7684,3.6679
-21.563,7.825,3.4943
-21.301,7.8183,3.337
-21.071,7.848,3.2006
-20.84,7.8729,3.0871
-20.583,7.9003,3.0234
-20.297,7.9549,2.9956
-19.989,7.9978,3.0248
-19.651,8.0478,3.0861
-19.32,8.0418,3.0716
-18.998,7.9953,3.0281
-18.659,7.9433,2.9865
-18.342,7.8787,2.8982
-17.98,7.7765,2.8874
-17.616,7.6753,2.8899
-17.264,7.5926,2.9128
-16.874,7.5263,2.9008
-16.092,7.5823,2.8941
-15.293,7.682,2.7745
-14.526,7.7671,2.5914
-13.76,7.7504,2.4163
-13.02,7.7199,2.2607
-12.304,7.6689,2.1371
-11.617,7.6079,2.0641
-10.974,7.5352,2.0305
-10.018,7.3606,2.2592
-8.9781,7.1806,2.5061
-7.8503,6.9971,2.7802
-6.7045,6.794,3.0517
-5.5072,6.562,3.2876
-4.2798,6.3348,3.4801
-3.0115,6.0832,3.6034
-1.728,5.7862,3.6224
-0.56818,5.5924,3.6729
0.53611,5.4283,3.7357
1.5791,5.2778,3.801
2.5668,5.1262,3.8449
3.5035,4.9572,3.8674
4.3925,4.7633,3.8568
5.2512,4.5219,3.7977
6.0701,4.263,3.692
6.9569,4.005,3.8666
7.875,3.7434,4.0397
8.8355,3.4881,4.2266
9.8338,3.2446,4.4331
10.839,2.9592,4.6227
11.863,2.7011,4.7628
12.851,2.4802,4.8647
13.835,2.2882,4.9668
14.64,2.0973,4.9189
15.416,1.9008,4.8507
16.182,1.7124,4.7542
16.928,1.5248,4.6269
17.673,1.329,4.4762
18.404,1.1421,4.2959
19.153,0.92279,4.0982
19.901,0.74022,3.8609
20.784,0.60967,3.689
21.693,0.51244,3.473
22.61,0.4173,3.2872
23.539,0.34627,3.0815
24.49,0.39855,2.9499
25.483,0.39344,2.7191
26.5,0.4324,2.4427
27.526,0.52389,2.154
28.733,0.67306,2.1565
29.965,0.84917,2.1691
31.231,0.94681,2.1578
32.541,0.99109,2.101
33.87,1.1151,2.0488
35.223,1.2875,1.8903
36.593,1.3556,1.6899
37.979,1.352,1.5181
39.175,1.259,1.2627
40.355,1.1504,0.9939
41.516,1.0632,0.6943
42.647,0.95839,0.35382
43.748,0.84463,-0.014318
44.823,0.71514,-0.39278
45.869,0.5569,-0.75755
46.886,0.41841,-1.1207
47.583,0.063842,-1.4702
48.268,-0.26947,-1.7376
48.943,-0.58755,-1.9592
49.626,-0.86625,-2.1484
50.312,-1.1266,-2.304
51.005,-1.4192,-2.4412
51.694,-1.7216,-2.5831
52.379,-2.0097,-2.73
52.974,-2.3125,-3.0536
53.536,-2.5872,-3.3146
54.078,-2.8315,-3.5281
54.599,-3.0742,-3.7011
55.116,-3.3117,-3.8259
55.641,-3.5354,-3.895
56.178,-3.7669,-3.9372
56.711,-4.0586,-3.9439
57.266,-4.2433,-3.9249
57.798,-4.4273,-3.9696
58.311,-4.5799,-4.0701
58.807,-4.7547,-4.1931
59.299,-4.8934,-4.3649
59.781,-5.0186,-4.5553
60.25,-5.1265,-4.7425
60.711,-5.236,-4.903
60.928,-5.3591,-4.9215
61.132,-5.4611,-4.9242
61.317,-5.5339,-4.9112
61.481,-5.6116,-4.88
61.626,-5.6564,-4.8505
61.746,-5.7046,-4.8117
61.858,-5.7509,-4.7547
61.963,-5.7941,-4.6575
61.957,-5.5997,-4.455
61.936,-5.3982,-4.2678
61.891,-5.1843,-4.1115
61.826,-4.9562,-3.9983
61.751,-4.7433,-3.9026
61.667,-4.5398,-3.8074
61.579,-4.3331,-3.6986
61.478,-4.1947,-3.5744
61.366,-4.085,-3.5041
61.259,-3.9731,-3.4418
61.164,-3.8592,-3.3751
61.079,-3.7289,-3.2789
61.015,-3.5919,-3.1354
60.964,-3.4589,-2.9716
60.917,-3.3313,-2.8116
60.864,-3.1917,-2.6952
60.694,-3.1517,-2.5194
60.521,-3.1287,-2.3451
60.342,-3.1523,-2.1652
60.154,-3.2123,-1.9841
59.946,-3.1681,-1.7953
59.731,-3.1111,-1.6442
59.507,-3.1563,-1.5115
59.274,-3.1704,-1.3856
58.95,-3.1049,-1.2162
58.63,-2.9082,-1.0558
58.297,-2.728,-0.86316
57.943,-2.7022,-0.71037
57.584,-2.6657,-0.59932
57.165,-2.5993,-0.38456
56.782,-2.5542,-0.20972
56.382,-2.4569,-0.093957
55.917,-2.1397,-0.043349
55.454,-1.8059,0.01724
54.987,-1.6446,0.18712
54.518,-1.4196,0.36175
54.055,-1.215,0.5302
53.605,-0.98403,0.72228
53.17,-0.82103,0.92291
52.771,-0.6835,1.0219
52.214,-0.35813,1.0512
51.65,-0.076802,1.0673
51.069,0.2104,1.0632
50.458,0.46981,1.0128
49.812,0.72995,0.92433
49.134,0.98763,0.83861
48.43,1.2445,0.78821
47.702,1.4921,0.76011
46.869,1.6204,0.97434
46.007,1.6891,1.234
45.126,1.7405,1.4395
44.286,1.9342,1.779
43.43,2.1834,2.0132
42.592,2.2594,2.2278
41.701,2.3049,2.4239
40.791,2.3554,2.6067
39.708,2.2184,2.611
38.649,2.0851,2.653
37.6,1.9777,2.7306
36.551,1.9058,2.851
35.535,1.8272,2.8951
34.523,1.76,2.865
33.509,1.6789,2.8535
32.508,1.6148,2.8227
31.683,1.7477,2.8066
30.882,1.8794,2.7608
30.102,2.023,2.6867
29.355,2.1582,2.5958
28.617,2.3243,2.4909
27.888,2.4787,2.3751
27.2,2.5945,2.1462
26.483,2.8006,1.9068
25.728,2.9523,1.9764
25.014,3.1219,2.1324
24.332,3.3278,2.3385
23.678,3.5184,2.5344
23.053,3.7125,2.6975
22.463,3.9067,2.8221
21.909,4.1028,2.9209
21.403,4.2928,3.008
20.804,4.558,2.7411
20.195,4.7978,2.4586
19.576,4.9606,2.1936
18.95,5.0853,2.0047
18.272,5.1988,1.9462
17.593,5.3498,1.9363
16.911,5.5003,1.9705
16.247,5.6441,2.05
15.645,5.7541,2.0264
15.016,5.7725,2.068
14.369,5.8731,2.0455
13.676,5.8961,2.0797
12.967,5.992,2.0473
12.246,6.0362,2.0672
11.484,6.0703,2.1542
10.729,6.1372,2.2924
10.083,6.2702,2.398
9.4535,6.4182,2.4848
8.8482,6.5848,2.5549
8.2574,6.7031,2.6014
7.673,6.847,2.6397
7.0994,6.9764,2.6654
6.5589,7.1753,2.6954
6.0006,7.3179,2.6831
5.4282,7.5804,2.6596
4.8608,7.8653,2.6548
4.3059,8.1493,2.6632
3.764,8.4646,2.6643
3.24,8.7271,2.6683
2.7248,8.9761,2.6665
2.2256,9.2346,2.6537
1.7331,9.4613,2.6465
1.436,9.4854,2.7211
1.1797,9.478,2.8505
0.95254,9.4559,3.0299
0.76827,9.4046,3.2549
0.62646,9.3515,3.501
0.52138,9.2667,3.7494
0.46377,9.1692,3.9928
0.44922,9.0475,4.2259
0.72843,8.9473,4.3246
1.0115,8.7702,4.3559
1.3255,8.7636,4.3359
1.5587,8.6531,4.2614
1.7838,8.5279,4.2001
1.9922,8.5136,4.1426
2.2202,8.4382,4.0878
2.4374,8.4864,4.1855
2.7806,8.3701,4.3845
3.1545,8.2425,4.5496
3.5588,8.1022,4.684
4.0114,7.9621,4.8036
4.5067,7.8154,4.9179
5.0398,7.6776,5.0377
5.6072,7.5611,5.1643
6.1553,7.3749,5.0915
6.496,7.2701,5.0031
6.7962,7.1558,4.9452
7.0823,6.9997,4.9142
7.3335,6.8311,4.9149
7.548,6.6632,4.949
7.7305,6.4747,5.0149
7.8846,6.2745,5.1125
8.0088,6.0949,5.2321
7.9457,5.9609,5.1986
7.8824,5.8751,5.1639
7.8161,5.8046,5.1324
7.7545,5.7474,5.0838
7.6958,5.6808,5.0065
7.6498,5.6273,4.8952
7.647,5.5707,4.7869
7.6708,5.5007,4.7491
7.7442,5.5875,4.6249
7.7976,5.6829,4.4998
7.8496,5.7344,4.3588
7.8847,5.7802,4.209
7.9186,5.8588,4.0693
7.9332,5.8967,3.9307
7.9363,5.9124,3.8058
7.9411,5.9416,3.7013
8.0069,5.9282,3.7552
8.0372,5.8899,3.7231
8.0437,5.8576,3.6724
8.0315,5.7678,3.6418
8.0705,5.769,3.5865
8.0873,5.7288,3.5177
8.1475,5.7116,3.5043
8.1935,5.7756,3.546
8.275,5.8166,3.5664
8.3002,5.9068,3.5592
8.3246,6.0011,3.5637
8.3787,6.0719,3.6748
8.4104,6.1682,3.7728
8.4555,6.2166,3.7866
8.5256,6.1489,3.839
8.5934,6.1818,3.8478
8.7003,6.1795,4.0705
8.8018,6.288,4.2708
8.8931,6.3403,4.3926
9.0048,6.4369,4.5845
9.1247,6.5347,4.8285
9.2542,6.5266,5.1128
9.4128,6.5878,5.4525
9.5716,6.6456,5.8602
9.6069,6.6872,6.3628
9.5956,6.7201,6.7757
9.5441,6.7344,7.1312
9.4653,6.7576,7.4659
9.3879,6.8049,7.8037
9.3129,6.8319,8.233
9.2615,6.8813,8.7764
9.2275,6.9535,9.4124
9.1396,7.0961,10.122
8.9841,7.2324,10.758
8.7468,7.3711,11.326
8.4369,7.4994,11.901
8.0743,7.62,12.582
7.6698,7.727,13.399
7.2171,7.8162,14.319
6.7283,7.881,15.319
6.3937,7.8071,16.524
6.0959,7.7519,17.701
5.8414,7.7055,18.899
5.6141,7.7055,20.122
5.4433,7.7466,21.385
5.3218,7.8273,22.719
5.2505,7.9415,24.132
5.2005,8.0698,25.622
5.2157,8.2224,27.134
5.2223,8.3298,28.683
5.2142,8.3868,30.281
5.1987,8.3992,31.938
5.1854,8.3785,33.645
5.1754,8.326,35.391
5.1572,8.2357,37.145
5.1478,8.1462,38.903
5.3649,7.9817,40.555
5.5871,7.8091,42.163
5.798,7.6252,43.733
5.9997,7.4212,45.274
6.2108,7.246,46.758
6.3922,7.0643,48.182
6.5456,6.8848,49.583
6.6722,6.7041,50.933
6.799,6.4823,52.393
6.9291,6.2601,53.839
7.0537,6.0352,55.237
7.1679,5.8214,56.561
7.2629,5.6024,57.785
7.356,5.3778,58.936
7.4583,5.1465,60.053
7.5598,4.9156,61.124
7.6646,4.7956,61.611
7.7484,4.6894,62.011
7.8217,4.5943,62.336
7.8925,4.5083,62.615
7.9686,4.4284,62.886
8.0487,4.3535,63.167
8.1225,4.2991,63.477
8.2143,4.2271,63.827
8.2656,4.117,63.968
8.3084,4.0067,64.096
8.3362,3.9046,64.19
8.3444,3.8041,64.235
8.3321,3.7164,64.247
8.3023,3.652,64.193
8.269,3.5802,64.058
8.2313,3.5175,63.824
8.1961,3.6571,62.605
8.1826,3.8028,61.419
8.1901,3.9488,60.3
8.2051,4.1015,59.23
8.2082,4.2743,58.158
8.1974,4.4509,57.066
8.1511,4.6513,55.916
8.0682,4.8636,54.67
7.8501,5.0946,52.426
7.6347,5.3123,50.09
7.4196,5.5263,47.678
7.2059,5.7304,45.194
6.9963,5.9234,42.666
6.7967,6.0981,40.106
6.6029,6.2582,37.55
6.4144,6.4001,35.034
6.2753,6.4563,33.278
6.1358,6.4811,31.51
6.0001,6.4746,29.703
5.8569,6.4428,27.835
5.7117,6.3992,25.884
5.5574,6.3421,23.885
5.3964,6.2857,21.797
5.2368,6.2219,19.629
5.1729,5.8993,17.49
5.1541,5.5685,15.516
5.1797,5.2519,13.721
5.2346,4.9433,12.017
5.3122,4.6588,10.494
5.3981,4.3967,9.1326
5.4891,4.1528,7.8834
5.5693,3.9092,6.6942
5.51,3.4725,5.0056
5.4697,3.019,3.2615
5.4655,2.5558,1.5267
5.4778,2.1144,-0.14809
5.4912,1.7069,-1.7709
5.5137,1.3472,-3.3269
5.5294,1.0254,-4.7965
5.5405,0.73774,-6.1902
5.4193,0.60514,-7.3989
5.2909,0.46227,-8.6645
5.1612,0.30635,-9.9761
5.0222,0.15018,-11.304
4.8786,-0.012598,-12.609
4.7388,-0.16817,-13.869
4.6044,-0.30631,-15.086
4.4746,-0.41941,-16.269
4.3718,-0.46102,-17.374
4.2859,-0.51176,-18.436
4.2136,-0.57245,-19.443
4.1607,-0.64124,-20.402
4.1187,-0.71746,-21.345
4.0823,-0.8167,-22.279
4.0446,-0.91549,-23.234
4.0057,-1.0163,-24.229
3.9559,-0.99531,-25.268
3.893,-0.97248,-26.335
3.8213,-0.951,-27.441
3.7413,-0.9344,-28.54
3.6591,-0.91252,-29.646
3.5695,-0.90388,-30.769
3.4638,-0.91523,-31.921
3.3518,-0.93621,-33.106
3.1374,-1.0551,-34.51
2.8965,-1.175,-35.898
2.6374,-1.2817,-37.216
2.3646,-1.366,-38.487
2.0936,-1.4417,-39.659
1.8162,-1.5161,-40.749
1.5325,-1.5932,-41.787
1.2463,-1.6619,-42.801
1.0744,-1.7931,-43.986
0.92604,-1.9313,-45.173
0.79268,-2.0686,-46.365
0.67101,-2.2095,-47.552
0.56083,-2.346,-48.727
0.4562,-2.4742,-49.888
0.33763,-2.6078,-51.051
0.20977,-2.7254,-52.192
0.20392,-2.7521,-53.129
0.20485,-2.772,-54.076
0.21661,-2.7634,-55.03
0.21293,-2.7526,-55.963
0.20961,-2.7287,-56.845
0.20842,-2.6932,-57.666
0.20317,-2.6414,-58.419
0.19587,-2.5752,-59.112
0.21007,-2.5655,-59.44
0.23372,-2.5689,-59.76
0.26342,-2.5751,-60.057
0.30055,-2.5949,-60.329
0.34024,-2.6218,-60.572
0.38417,-2.6587,-60.785
0.42185,-2.7135,-60.99
0.45916,-2.7761,-61.192
0.40419,-2.7845,-61.107
0.33781,-2.777,-60.918
0.2609,-2.7582,-60.656
0.18404,-2.7373,-60.359
0.11149,-2.7242,-60.06
0.044801,-2.7199,-59.776
-0.0096092,-2.7303,-59.518
-0.043462,-2.7503,-59.295
0.012759,-2.7125,-58.848
0.060771,-2.6476,-58.292
0.098542,-2.5553,-57.584
0.13715,-2.4358,-56.814
0.15624,-2.2892,-55.89
0.17083,-2.1084,-54.798
0.1784,-1.8962,-53.526
0.19815,-1.6517,-52.052
0.3069,-1.3781,-49.718
0.40579,-1.1511,-47.436
0.4782,-0.97531,-45.274
0.55929,-0.82573,-43.223
0.63998,-0.70719,-41.253
0.71967,-0.6035,-39.328
0.79402,-0.51086,-37.45
0.85309,-0.42097,-35.632
0.78732,-0.34707,-34.149
0.74185,-0.23559,-32.567
0.72469,-0.085395,-30.868
0.73018,0.099544,-29.116
0.77234,0.3121,-27.26
0.8317,0.5563,-25.279
0.94211,0.83249,-23.152
1.122,1.1432,-20.874
1.3035,1.2486,-19.301
1.4895,1.3443,-17.724
1.6872,1.4295,-16.115
1.8989,1.5015,-14.483
2.116,1.5671,-12.848
2.3298,1.6247,-11.214
2.5374,1.676,-9.5723
2.7457,1.7233,-7.902
2.9823,1.8855,-5.8762
3.2405,2.0155,-3.8177
3.5091,2.1334,-1.7256
3.7928,2.208,0.38461
4.0821,2.2674,2.4912
4.3812,2.3098,4.5698
4.6657,2.3501,6.4914
4.9013,2.2957,8.3239
5.1305,2.3511,10.097
5.3535,2.427,11.935
5.5856,2.4837,13.868
5.827,2.5242,15.901
6.0599,2.5341,17.997
6.2701,2.498,20.099
6.4456,2.4167,22.14
6.5824,2.3019,24.063
6.4642,2.2109,25.151
6.3426,2.1517,26.329
6.2294,2.1174,27.629
6.1341,2.1043,28.982
6.049,2.0926,30.422
5.9679,2.0814,31.895
5.8963,2.0496,33.35
5.8352,1.995,34.783
5.9383,1.8452,35.811
6.0149,1.7103,36.774
6.0671,1.5896,37.704
6.0989,1.478,38.635
6.1232,1.3722,39.583
6.1409,1.2718,40.564
6.1555,1.1824,41.57
6.164,1.0999,42.578
6.1734,0.97682,43.6
6.165,0.8507,44.601
6.1346,0.70658,45.57
6.0898,0.55537,46.54
6.0404,0.40644,47.561
5.9971,0.26807,48.641
5.9478,0.13261,49.764
5.8898,-0.0047654,50.881
5.8745,0.0046971,51.381
5.868,0.023701,51.798
5.8818,0.056108,52.158
5.9148,0.096671,52.471
5.9668,0.14154,52.76
6.0248,0.19349,53.002
6.0944,0.25231,53.22
6.1771,0.32357,53.442
6.1465,0.3568,53.567
6.1244,0.37925,53.698
6.1072,0.39657,53.829
6.0846,0.41368,53.922
6.0544,0.42946,53.985
6.0115,0.4352,53.982
5.9515,0.43621,53.918
5.8853,0.42675,53.792
5.7639,0.44552,52.924
5.624,0.4732,51.947
5.4687,0.50869,50.847
5.3088,0.56544,49.658
5.1668,0.64232,48.442
5.0152,0.71786,47.189
4.8758,0.80167,45.923
4.7397,0.90518,44.654
4.4988,1.1622,42.722
4.2227,1.4223,40.705
3.9273,1.6764,38.517
3.5997,1.9175,36.181
3.2455,2.1398,33.71
2.8751,2.3441,31.126
2.4972,2.5411,28.471
2.119,2.7202,25.817
1.8659,2.9626,23.829
1.6017,3.1867,21.835
1.3389,3.3895,19.833
1.08,3.5694,17.823
0.82007,3.729,15.793
0.56414,3.8549,13.715
0.31828,3.9414,11.603
0.09337,3.9809,9.4821
-0.10159,3.7504,7.9127
-0.28609,3.5363,6.4035
-0.45095,3.3422,4.96
-0.56835,3.1814,3.6172
-0.63621,3.0019,2.3856
-0.6896,2.8438,1.247
-0.74335,2.7248,0.15411
-0.80046,2.603,-0.90589
-0.63582,2.2788,-2.0968
-0.43372,1.9741,-3.233
-0.19841,1.7037,-4.316
0.044514,1.4777,-5.3607
0.26591,1.281,-6.4009
0.45286,1.1075,-7.4303
0.63608,0.97806,-8.4553
0.7998,0.8635,-9.4653
0.81942,0.84982,-10.509
0.84187,0.84368,-11.547
0.8727,0.84241,-12.592
0.90299,0.841,-13.639
0.93291,0.82388,-14.702
0.95368,0.79209,-15.796
0.94815,0.74535,-16.932
0.91419,0.68419,-18.084
0.6683,0.78505,-18.845
0.4078,0.90464,-19.638
0.14932,1.0303,-20.486
-0.1007,1.1559,-21.383
-0.32282,1.2871,-22.313
-0.50732,1.4215,-23.266
-0.64973,1.5599,-24.227
-0.76592,1.685,-25.213
-0.66649,1.6556,-26.369
-0.57421,1.6135,-27.5
-0.50251,1.5699,-28.588
-0.44526,1.5353,-29.609
-0.40578,1.5255,-30.553
-0.38077,1.5346,-31.41
-0.36669,1.554,-32.231
-0.36274,1.5822,-32.991
-0.25004,1.461,-33.725
-0.11094,1.3105,-34.517
0.059964,1.1297,-35.362
0.26386,0.93422,-36.229
0.48744,0.72813,-37.133
0.74971,0.51799,-38.064
1.047,0.29591,-39.017
1.3654,0.062555,-39.996
1.6263,-0.18475,-40.975
1.8738,-0.39672,-41.832
2.1072,-0.55946,-42.547
2.3043,-0.65886,-43.154
2.4435,-0.71073,-43.705
2.5296,-0.73931,-44.253
2.5945,-0.76206,-44.809
2.6229,-0.79006,-45.373
2.5883,-0.89941,-45.924
2.5658,-1.0265,-46.464
2.5542,-1.1662,-46.985
2.5456,-1.3131,-47.486
2.5281,-1.4669,-47.979
2.5048,-1.6198,-48.46
2.4908,-1.7727,-48.879
2.4949,-1.9352,-49.206
2.4715,-1.9538,-48.748
2.4514,-1.9647,-48.249
2.4284,-1.959,-47.708
2.4103,-1.9318,-47.149
2.4013,-1.8913,-46.559
2.3982,-1.8483,-45.952
2.4021,-1.807,-45.351
2.4173,-1.7686,-44.774
2.4325,-1.6971,-43.901
2.453,-1.6114,-42.954
2.4854,-1.5093,-41.892
2.5227,-1.376,-40.692
2.5619,-1.2113,-39.346
2.5745,-1.0051,-37.939
2.5435,-0.79444,-36.486
2.4774,-0.54016,-35.066
2.4952,-0.31643,-33.33
2.5288,-0.092718,-31.559
2.5632,0.12448,-29.789
2.6026,0.33605,-28.049
2.6391,0.53378,-26.385
2.6607,0.69586,-24.804
2.6782,0.8273,-23.283
2.695,0.92522,-21.776
2.7441,1.0256,-19.954
2.8024,1.1369,-18.075
2.8831,1.2441,-16.172
2.9773,1.3491,-14.249
3.077,1.444,-12.329
3.1876,1.5246,-10.451
3.3059,1.5904,-8.6415
3.4323,1.6266,-6.9012
3.6364,1.6588,-5.5201
3.8471,1.6975,-4.1289
4.0645,1.7523,-2.7475
4.2839,1.8132,-1.3976
4.4933,1.8864,-0.080125
4.691,1.9834,1.203
4.8885,2.1394,2.4373
5.0553,2.3453,3.4588
5.0608,2.5665,4.4433
5.0343,2.7754,5.3192
4.9904,2.9002,6.1216
4.9285,3.0065,6.8613
4.8523,3.0871,7.5464
4.7589,3.1801,8.1987
4.6598,3.2607,8.8224
4.5569,3.3451,9.4287
4.4417,3.5854,10.153
4.334,3.8329,10.902
4.2332,4.0818,11.666
4.1433,4.3297,12.422
4.0566,4.5759,13.158
3.97,4.8212,13.886
3.8879,5.0731,14.617
3.8209,5.3242,15.365
3.8334,5.4037,15.84
3.8357,5.4531,16.285
3.8195,5.4911,16.696
3.7815,5.5175,17.066
3.7217,5.5411,17.414
3.6505,5.5712,17.746
3.5731,5.609,18.074
3.5035,5.6441,18.382
3.4421,5.6307,18.332
3.3901,5.6081,18.27
3.3522,5.5689,18.214
3.3209,5.5253,18.159
3.2916,5.4796,18.105
3.2633,5.4337,18.028
3.2333,5.3756,17.929
3.2062,5.3094,17.804
3.1236,5.2244,17.578
3.023,5.152,17.319
2.9161,5.0817,17.046
2.8091,5.0165,16.75
2.7019,4.9584,16.439
2.5976,4.91,16.11
2.4974,4.8611,15.758
2.3989,4.8245,15.381
2.3354,4.8793,14.992
2.275,4.9299,14.584
2.2178,4.9777,14.176
2.162,5.0354,13.77
2.1136,5.0951,13.367
2.072,5.1565,12.988
2.0424,5.2215,12.633
2.0237,5.2862,12.297
1.9965,5.3062,12.06
1.968,5.308,11.829
1.9317,5.3008,11.599
1.8908,5.2783,11.373
1.8508,5.2645,11.175
1.8144,5.2565,11.023
1.7789,5.2563,10.912
1.7363,5.2669,10.83
1.676,5.2847,10.691
1.6167,5.3117,10.534
1.5588,5.3483,10.354
1.5062,5.3836,10.163
1.4547,5.4274,9.9635
1.4091,5.4679,9.7561
1.3734,5.503,9.5519
1.349,5.5454,9.3607
1.3441,5.5624,9.171
1.3397,5.5848,9.0058
1.3394,5.6076,8.8546
1.3424,5.633,8.7001
1.3389,5.6603,8.5399
1.3272,5.6818,8.3669
1.3119,5.6995,8.1853
1.2935,5.7146,8.0154
1.2547,5.7313,7.9011
1.2188,5.7548,7.7764
1.1762,5.7686,7.6383
1.1354,5.7767,7.4889
1.0911,5.7789,7.3342
1.0418,5.7848,7.1561
1.0008,5.7933,6.9845
0.96011,5.8057,6.832
0.94868,5.859,6.6867
0.93118,5.9181,6.5349
0.9043,5.9822,6.3549
0.88203,6.0543,6.1848
0.85827,6.1108,5.9944
0.83762,6.1643,5.7999
0.82111,6.1988,5.6089
0.81021,6.2433,5.4237
0.83732,6.2512,5.3135
0.86924,6.263,5.2016
0.90247,6.27,5.0838
0.95085,6.241,4.9726
0.995,6.2091,4.8569
1.0434,6.2,4.7559
1.0959,6.1602,4.6745
1.135,6.1503,4.6002
1.1655,6.1494,4.4794
1.1921,6.161,4.3534
1.1996,6.1579,4.2219
1.238,6.1663,4.0841
1.2808,6.1963,3.9465
1.3364,6.1868,3.8238
1.3858,6.1787,3.7012
1.4364,6.1628,3.5911
1.4953,6.1265,3.5416
1.5501,6.1151,3.4606
1.6165,6.1037,3.3741
1.6779,6.081,3.2782
1.7436,6.0521,3.1814
1.8129,6.0391,3.0804
1.8912,6.0111,3.0128
1.9718,6.0097,2.9525
2.009,5.9793,2.8965
2.0567,5.9722,2.85
2.1058,5.9487,2.8087
2.1531,5.9172,2.7777
2.2061,5.9059,2.7511
2.2637,5.9105,2.714
2.3263,5.9481,2.6714
2.3929,5.9525,2.6506
2.4894,6.0812,2.4416
2.5728,6.1919,2.2334
2.6717,6.3329,2.0273
2.7565,6.4962,1.7889
2.8534,6.6859,1.573
2.9347,6.88,1.3654
3.0146,7.098,1.1608
3.0868,7.3314,0.98865
3.1327,7.699,0.83737
3.1708,8.0838,0.68903
3.2141,8.49,0.53348
3.2438,8.895,0.36408
3.268,9.3178,0.18913
3.2923,9.7542,0.0074959
3.3231,10.2,-0.18684
3.3544,10.67,-0.38704
3.4941,11.352,-0.44316
3.6368,12.018,-0.4971
3.7998,12.688,-0.56412
3.9725,13.36,-0.66412
4.1461,14.033,-0.79709
4.3275,14.716,-0.95868
4.5032,15.395,-1.1308
4.6863,16.067,-1.3088
