-16.6363636363636,9,76.8181818181818
-16.4545454545455,8.81818181818182,77.0909090909091
-15.9090909090909,8.72727272727273,77.0909090909091
-15.4545454545455,8.36363636363636,77.2727272727273
-14.8181818181818,8.63636363636364,77.5454545454545
-14.4545454545455,8.54545454545454,77.5454545454545
-14.2727272727273,8.27272727272727,77.5454545454545
-13.6363636363636,8,77.8181818181818
-10.8181818181818,6.81818181818182,78.3636363636364
-10.9090909090909,6.72727272727273,78.2727272727273
-10.7272727272727,6.45454545454545,78.2727272727273
-9.81818181818182,6.27272727272727,78.3636363636364
-9.72727272727273,6.36363636363636,78.2727272727273
-9.63636363636364,6.63636363636364,78.3636363636364
-9.09090909090909,6.45454545454545,78.6363636363636
-8.90909090909091,6.36363636363636,78.5454545454545
-6.18181818181818,5.63636363636364,78.7272727272727
-5.90909090909091,5.63636363636364,78.7272727272727
-5.45454545454545,5.27272727272727,78.6363636363636
-5.36363636363636,5.36363636363636,78.6363636363636
-5.09090909090909,5.36363636363636,78.5454545454545
-4.72727272727273,5.45454545454545,79
-4.09090909090909,5.18181818181818,78.7272727272727
-4.09090909090909,5.09090909090909,78.8181818181818
-1.09090909090909,4.45454545454546,78.8181818181818
-0.727272727272727,4.45454545454546,79
-0.727272727272727,4.09090909090909,78.8181818181818
-0.181818181818182,4,79
0.181818181818182,4.27272727272727,78.6363636363636
0.454545454545455,3.81818181818182,78.7272727272727
0.454545454545455,4,78.6363636363636
0.818181818181818,3.90909090909091,78.8181818181818
2.81818181818182,3.45454545454545,78.6363636363636
2.90909090909091,3.45454545454545,78.5454545454545
2.63636363636364,3,78.9090909090909
2.90909090909091,3.09090909090909,78.5454545454545
2.90909090909091,3.18181818181818,78.7272727272727
2.81818181818182,3,78.8181818181818
3.09090909090909,3.27272727272727,78.8181818181818
2.90909090909091,3.09090909090909,78.7272727272727
2.81818181818182,2.45454545454545,78.7272727272727
2.81818181818182,2.36363636363636,78.6363636363636
2.63636363636364,2.45454545454545,78.6363636363636
2.63636363636364,2.09090909090909,78.5454545454545
2.27272727272727,2.09090909090909,78.3636363636364
2.36363636363636,2.18181818181818,78.5454545454545
2.18181818181818,2.27272727272727,78.4545454545455
2.27272727272727,2.18181818181818,78.8181818181818
1.81818181818182,2.36363636363636,78.6363636363636
1.72727272727273,2.36363636363636,78.8181818181818
2.18181818181818,2.36363636363636,78.8181818181818
1.72727272727273,2.63636363636364,78.6363636363636
1.27272727272727,2.27272727272727,78.6363636363636
1.63636363636364,2.45454545454545,78.9090909090909
1.54545454545455,2.36363636363636,78.9090909090909
1.54545454545455,2.36363636363636,78.7272727272727
1.09090909090909,2.63636363636364,78.8181818181818
0.909090909090909,2.09090909090909,78.9090909090909
0.818181818181818,2.36363636363636,78.8181818181818
0.818181818181818,2.45454545454545,78.7272727272727
1,2.45454545454545,78.7272727272727
0.545454545454546,2.72727272727273,78.6363636363636
0.727272727272727,2.72727272727273,78.7272727272727
0.636363636363636,2.90909090909091,78.8181818181818
0.181818181818182,2.72727272727273,79
0.181818181818182,2.81818181818182,78.9090909090909
-0.272727272727273,2.81818181818182,78.5454545454545
-0.272727272727273,2.81818181818182,78.7272727272727
0,2.90909090909091,78.7272727272727
-0.0909090909090909,3,78.8181818181818
-0.272727272727273,2.72727272727273,78.7272727272727
-0.454545454545455,2.63636363636364,79
-1.45454545454545,3.45454545454545,78.6363636363636
-1.81818181818182,3.27272727272727,78.7272727272727
-2,3.18181818181818,78.6363636363636
-1.90909090909091,3.36363636363636,78.9090909090909
-2.18181818181818,3.54545454545455,78.6363636363636
-2.81818181818182,3.36363636363636,78.8181818181818
-2.54545454545455,3.45454545454545,78.6363636363636
-3,3.36363636363636,78.8181818181818
-5.45454545454545,4.27272727272727,78.4545454545455
-5.27272727272727,4.45454545454546,78.5454545454545
-5.63636363636364,4.54545454545455,78.6363636363636
-6,4.72727272727273,78.5454545454545
-6.09090909090909,4.63636363636364,78.9090909090909
-6.45454545454545,5,78.6363636363636
-7,4.90909090909091,78.3636363636364
-7.09090909090909,5,78.4545454545455
-10,5.27272727272727,78.3636363636364
-10.1818181818182,5.18181818181818,77.8181818181818
-11.1818181818182,5.27272727272727,78
-11.5454545454545,5.36363636363636,77.9090909090909
-11.9090909090909,4.72727272727273,77.7272727272727
-12.5454545454545,5.36363636363636,77.7272727272727
-12.6363636363636,5.36363636363636,77.5454545454545
-13.0909090909091,5.27272727272727,77.8181818181818
-16.7272727272727,5.90909090909091,76.6363636363636
-17.8181818181818,6.27272727272727,76.6363636363636
-18.0909090909091,6,76.4545454545455
-18.1818181818182,6,76.4545454545455
-18.7272727272727,5.90909090909091,76.3636363636364
-19.2727272727273,6,76.0909090909091
-19.5454545454545,6.18181818181818,76.2727272727273
-19.9090909090909,6.18181818181818,75.7272727272727
-23.6363636363636,6.90909090909091,74.8181818181818
-23.7272727272727,7.45454545454545,74.4545454545455
-24.1818181818182,7.54545454545455,74.3636363636364
-24.7272727272727,7.63636363636364,74.3636363636364
-25.0909090909091,7.72727272727273,74.2727272727273
-25.1818181818182,7.63636363636364,73.9090909090909
-25.6363636363636,7.90909090909091,74
-26.0909090909091,7.90909090909091,74
-29.7272727272727,8.54545454545454,72.2727272727273
-30.2727272727273,8.36363636363636,71.9090909090909
-30.5454545454545,8.54545454545454,71.6363636363636
-30.8181818181818,8.27272727272727,71.6363636363636
-31.1818181818182,8.36363636363636,71.2727272727273
-31.8181818181818,8.54545454545454,71
-32,8.72727272727273,71.0909090909091
-32.4545454545455,8.45454545454546,70.7272727272727
-35.7272727272727,10,68.2727272727273
-36.6363636363636,10.0909090909091,68
-36.6363636363636,10.1818181818182,67.9090909090909
-37.1818181818182,10.5454545454545,67.8181818181818
-37.5454545454545,10.6363636363636,67.1818181818182
-38,10.7272727272727,66.8181818181818
-38.2727272727273,11.0909090909091,67
-38.5454545454545,10.6363636363636,66.4545454545455
-41.8181818181818,11.1818181818182,63.8181818181818
-42.1818181818182,11.2727272727273,63.9090909090909
-42.6363636363636,11.6363636363636,63.3636363636364
-42.8181818181818,11.4545454545455,62.8181818181818
-43.4545454545455,11.7272727272727,62.7272727272727
-43.5454545454545,12.0909090909091,62.5454545454545
-43.8181818181818,12.2727272727273,62
-44.0909090909091,12.0909090909091,61.6363636363636
-46.8181818181818,13.8181818181818,58.6363636363636
-46.8181818181818,13.9090909090909,58.6363636363636
-47.2727272727273,14.0909090909091,58.1818181818182
-47.3636363636364,14.1818181818182,57.6363636363636
-48,14.5454545454545,57.3636363636364
-48.1818181818182,14.4545454545455,57.1818181818182
-48.4545454545455,14.5454545454545,56.9090909090909
-48.7272727272727,14.3636363636364,56.4545454545455
-51,13.4545454545455,53.6363636363636
-50.7272727272727,13.5454545454545,53
-51.0909090909091,13.6363636363636,53
-51.4545454545455,13.2727272727273,52.5454545454546
-51.9090909090909,13.3636363636364,52.0909090909091
-51.7272727272727,13.3636363636364,52.1818181818182
-52.2727272727273,12.9090909090909,51.2727272727273
-52.5454545454546,12.8181818181818,51
-54,12.3636363636364,47.8181818181818
-54.1818181818182,12,47.3636363636364
-54.5454545454545,12.0909090909091,47.3636363636364
-54.6363636363636,12.1818181818182,46.9090909090909
-54.5454545454545,12.1818181818182,46.6363636363636
-54.8181818181818,12.0909090909091,46.4545454545455
-55,12,46.3636363636364
-55.1818181818182,12,46.1818181818182
-55.8181818181818,12,44.1818181818182
-55.7272727272727,12.0909090909091,43.9090909090909
-55.7272727272727,12,43.7272727272727
-56,11.8181818181818,43.4545454545455
-55.9090909090909,11.9090909090909,43.5454545454545
-56,12.0909090909091,43.5454545454545
-56.0909090909091,11.8181818181818,43.5454545454545
-56.4545454545455,12.2727272727273,43.1818181818182
-56.5454545454545,11.8181818181818,42.7272727272727
-56.0909090909091,12.0909090909091,42.6363636363636
-56.3636363636364,12,42.8181818181818
-56.4545454545455,11.7272727272727,42.7272727272727
-56.2727272727273,12,42.8181818181818
-56.3636363636364,11.9090909090909,42.6363636363636
-56,11.8181818181818,42.5454545454545
-56.4545454545455,12,42.6363636363636
-55.9090909090909,12.0909090909091,43.0909090909091
-55.9090909090909,12.0909090909091,43.2727272727273
-56.2727272727273,12.0909090909091,43.2727272727273
-56.0909090909091,12.4545454545455,43.1818181818182
-56.1818181818182,12.3636363636364,43.1818181818182
-56.0909090909091,12.2727272727273,43.2727272727273
-56.0909090909091,12.1818181818182,43.3636363636364
-56.0909090909091,12,43.1818181818182
-56.0909090909091,12.0909090909091,43.2727272727273
-56,12.1818181818182,43.5454545454545
-55.9090909090909,12.1818181818182,43.5454545454545
-56,12.3636363636364,43.3636363636364
-56.1818181818182,12.2727272727273,43.6363636363636
-56,12,43.6363636363636
-56,12.1818181818182,43.7272727272727
-56.1818181818182,12.0909090909091,43.8181818181818
-56.0909090909091,12.3636363636364,43.7272727272727
-55.9090909090909,12.1818181818182,43.7272727272727
-55.6363636363636,12.0909090909091,43.6363636363636
-55.9090909090909,12.2727272727273,43.8181818181818
-56.0909090909091,12.1818181818182,44
-55.6363636363636,12.3636363636364,43.9090909090909
-56,12.2727272727273,43.8181818181818
-55.8181818181818,12.2727272727273,43.8181818181818
-56.0909090909091,12.6363636363636,43.9090909090909
-55.6363636363636,12.5454545454545,43.9090909090909
-55.8181818181818,12.1818181818182,44.1818181818182
-55.9090909090909,12.1818181818182,44.1818181818182
-55.8181818181818,12.3636363636364,44
-56,12.4545454545455,44
-55.7272727272727,12.4545454545455,44.2727272727273
-55.8181818181818,12.6363636363636,44
-55.8181818181818,12.5454545454545,44.2727272727273
-55.6363636363636,12.1818181818182,44.5454545454545
-55.6363636363636,12.5454545454545,44.6363636363636
-55.6363636363636,12.1818181818182,44.4545454545455
-55.5454545454545,12.3636363636364,44.6363636363636
-55.4545454545455,12.2727272727273,44.8181818181818
-55.5454545454545,12.4545454545455,44.6363636363636
-55.1818181818182,12.2727272727273,44.8181818181818
-55.1818181818182,11.9090909090909,46
-55.2727272727273,12.3636363636364,45.9090909090909
-55,12.1818181818182,46
-54.8181818181818,12.0909090909091,46.2727272727273
-54.8181818181818,12.1818181818182,46.6363636363636
-54.8181818181818,12.5454545454545,46.6363636363636
-54.6363636363636,12.2727272727273,46.5454545454545
-54.8181818181818,12.0909090909091,46.7272727272727
-53.8181818181818,12.7272727272727,48.7272727272727
-53.7272727272727,12.5454545454545,49.1818181818182
-53.4545454545455,12.6363636363636,49
-53.2727272727273,12.5454545454545,49.4545454545455
-53.1818181818182,12.5454545454545,49.8181818181818
-53.0909090909091,12.9090909090909,50
-53.0909090909091,12.5454545454545,50.3636363636364
-52.8181818181818,13,50.4545454545455
-51.4545454545455,13.0909090909091,52.5454545454546
-51.0909090909091,13.1818181818182,53.3636363636364
-50.7272727272727,13.0909090909091,53.6363636363636
-50.2727272727273,13.0909090909091,54.1818181818182
-50.4545454545455,13.0909090909091,54.4545454545455
-50,13.3636363636364,54.5454545454545
-50,13.1818181818182,54.9090909090909
-49.5454545454545,13.2727272727273,55.2727272727273
-47.2727272727273,14.2727272727273,58.1818181818182
-46.8181818181818,14.1818181818182,58.6363636363636
-46.4545454545455,14.6363636363636,58.9090909090909
-46,14.8181818181818,59.2727272727273
-46.0909090909091,14.8181818181818,59.6363636363636
-45.6363636363636,15.0909090909091,60.1818181818182
-45.2727272727273,15,60.3636363636364
-45.1818181818182,15.2727272727273,60.3636363636364
-41.8181818181818,16.3636363636364,63.2727272727273
-41.4545454545455,15.9090909090909,63.6363636363636
-41.3636363636364,16.1818181818182,63.9090909090909
-41,16.4545454545455,64.1818181818182
-40.5454545454545,16.2727272727273,64.4545454545455
-40.5454545454545,16.3636363636364,64.8181818181818
-39.8181818181818,16.3636363636364,65
-39.8181818181818,16.4545454545455,65.1818181818182
-36.7272727272727,16.5454545454545,67.3636363636364
-35.8181818181818,16.5454545454545,67.6363636363636
-36.0909090909091,16.5454545454545,67.6363636363636
-35.7272727272727,16.5454545454545,68.1818181818182
-35.0909090909091,16.5454545454545,68.2727272727273
-35.0909090909091,16.4545454545455,68.4545454545455
-34.3636363636364,16.5454545454545,68.8181818181818
-33.7272727272727,16.9090909090909,69.1818181818182
-30.8181818181818,17.1818181818182,70.9090909090909
-30.6363636363636,17.0909090909091,71.0909090909091
-30.3636363636364,17.0909090909091,71.4545454545455
-29.4545454545455,17,71.4545454545455
-29.2727272727273,16.9090909090909,71.8181818181818
-28.7272727272727,16.9090909090909,71.9090909090909
-28.1818181818182,16.5454545454545,72
-27.7272727272727,16.3636363636364,72.5454545454545
-24,17.0909090909091,74.0909090909091
-23.8181818181818,16.8181818181818,73.9090909090909
-23.1818181818182,16.6363636363636,74.1818181818182
-22.8181818181818,16.7272727272727,74.5454545454545
-22.7272727272727,16.6363636363636,74.4545454545455
-22.1818181818182,16.6363636363636,74.7272727272727
-22.0909090909091,16.6363636363636,75.0909090909091
-21.6363636363636,16.6363636363636,75.0909090909091
-19.3636363636364,15.6363636363636,76
-19,15.7272727272727,75.5454545454545
-18.5454545454545,15.5454545454545,75.8181818181818
-18.7272727272727,15.4545454545455,76
-18.5454545454545,15.1818181818182,76
-18.4545454545455,15.0909090909091,76.0909090909091
-17.9090909090909,14.8181818181818,76.1818181818182
-17.9090909090909,14.7272727272727,76.2727272727273
-16.5454545454545,14.0909090909091,76.9090909090909
-16.5454545454545,13.3636363636364,76.5454545454545
-16.1818181818182,13.7272727272727,76.9090909090909
-16.2727272727273,13.6363636363636,76.4545454545455
-16.4545454545455,13.6363636363636,76.6363636363636
-16.3636363636364,13.7272727272727,76.2727272727273
-16.2727272727273,13.4545454545455,76.7272727272727
-16.1818181818182,13.5454545454545,76.7272727272727
-16.5454545454545,12.9090909090909,76.6363636363636
-16.7272727272727,13,76.6363636363636
-16.5454545454545,13.1818181818182,76.9090909090909
-16.6363636363636,13,76.9090909090909
-16.8181818181818,13.1818181818182,76.8181818181818
-16.7272727272727,12.9090909090909,76.8181818181818
-16.7272727272727,13,76.8181818181818
-17.2727272727273,13.0909090909091,76.6363636363636
-17.0909090909091,13,76.5454545454545
-16.7272727272727,13.2727272727273,76.8181818181818
-17.2727272727273,13.3636363636364,76.7272727272727
-17,13.4545454545455,76.4545454545455
-17.1818181818182,13.5454545454545,76.5454545454545
-17.1818181818182,13.2727272727273,76.5454545454545
-17.0909090909091,13.4545454545455,76.7272727272727
-17,13.4545454545455,76.7272727272727
-18,13.9090909090909,76.1818181818182
-18.2727272727273,13.9090909090909,76.1818181818182
-17.9090909090909,13.8181818181818,76.6363636363636
-18.0909090909091,13.7272727272727,76.4545454545455
-18.2727272727273,13.5454545454545,76.3636363636364
-18,13.9090909090909,76.1818181818182
-18,13.9090909090909,76.0909090909091
-18.1818181818182,14,76
-18.9090909090909,14,75.9090909090909
-18.8181818181818,14.1818181818182,75.9090909090909
-19.0909090909091,13.8181818181818,76
-18.9090909090909,14,76.1818181818182
-19.1818181818182,14.2727272727273,75.8181818181818
-19.0909090909091,13.8181818181818,75.7272727272727
-19.1818181818182,13.8181818181818,76.0909090909091
-19.1818181818182,13.9090909090909,75.7272727272727
-19.6363636363636,13.7272727272727,76
-19.8181818181818,14,75.9090909090909
-19.6363636363636,13.7272727272727,75.7272727272727
-19.6363636363636,13.8181818181818,75.9090909090909
-19.7272727272727,14.1818181818182,75.9090909090909
-19.5454545454545,14.0909090909091,75.7272727272727
-19.7272727272727,14,75.8181818181818
-19.5454545454545,14,75.4545454545455
-20.1818181818182,14,75.9090909090909
-19.9090909090909,13.9090909090909,75.7272727272727
-20.2727272727273,14.4545454545455,75.5454545454545
-19.9090909090909,14,75.5454545454545
-19.8181818181818,14.1818181818182,75.5454545454545
-20,14,75.7272727272727
-20.2727272727273,13.9090909090909,75.5454545454545
-20,14,75.7272727272727
-20.5454545454545,13.8181818181818,75.5454545454545
-20.5454545454545,14.3636363636364,75.4545454545455
-20.6363636363636,14,75.6363636363636
-20.8181818181818,14.0909090909091,75.3636363636364
-20.7272727272727,13.9090909090909,75.4545454545455
-20.7272727272727,13.9090909090909,75.6363636363636
-20.7272727272727,13.6363636363636,75.4545454545455
-20.9090909090909,13.8181818181818,75.7272727272727
-20.8181818181818,13.6363636363636,75.4545454545455
-21,14.1818181818182,75.3636363636364
-20.7272727272727,14.0909090909091,75.2727272727273
-20.4545454545455,14.0909090909091,75.6363636363636
-20.6363636363636,14,75.5454545454545
-20.8181818181818,14.2727272727273,75.6363636363636
-21,14,75.3636363636364
-20.5454545454545,14.0909090909091,75.5454545454545
-20.8181818181818,14.2727272727273,75.4545454545455
-20.7272727272727,14.2727272727273,75.1818181818182
-20.8181818181818,13.9090909090909,75.5454545454545
-20.6363636363636,14.3636363636364,75.2727272727273
-20.8181818181818,14.0909090909091,75.3636363636364
-20.7272727272727,14.0909090909091,75.4545454545455
-20.5454545454545,13.9090909090909,75.3636363636364
-20.6363636363636,14.2727272727273,75.3636363636364
-20.8181818181818,14.2727272727273,75.6363636363636
-20.8181818181818,14.3636363636364,75.5454545454545
-20.8181818181818,14.3636363636364,75.5454545454545
-20.9090909090909,14.5454545454545,75.1818181818182
-20.6363636363636,14.4545454545455,75.4545454545455
-20.9090909090909,14.4545454545455,75.2727272727273
-20.6363636363636,14.5454545454545,75.4545454545455
-20.9090909090909,14.5454545454545,75.2727272727273
-21.1818181818182,14.6363636363636,75.3636363636364
-21,14.5454545454545,75.2727272727273
-21.0909090909091,14.5454545454545,75.0909090909091
-21.2727272727273,14.6363636363636,75.3636363636364
-21.0909090909091,14.7272727272727,75.0909090909091
-21.1818181818182,14.8181818181818,75.2727272727273
-21.0909090909091,14.3636363636364,75.1818181818182
-21.3636363636364,14.5454545454545,75
-21.6363636363636,14.6363636363636,75
-21.6363636363636,14.6363636363636,75.1818181818182
-21.9090909090909,14.7272727272727,75.2727272727273
-21.5454545454545,14.5454545454545,74.9090909090909
-21.8181818181818,14.5454545454545,75.1818181818182
-21.9090909090909,14.8181818181818,75.1818181818182
-21.9090909090909,14.5454545454545,75
-22,14.6363636363636,75.0909090909091
-22,14.7272727272727,74.8181818181818
-22.3636363636364,14.8181818181818,74.8181818181818
-22.2727272727273,15,74.8181818181818
-22.2727272727273,14.9090909090909,74.7272727272727
-22.3636363636364,14.9090909090909,74.7272727272727
-22.3636363636364,14.9090909090909,74.8181818181818
-22.6363636363636,14.6363636363636,74.7272727272727
-22.6363636363636,14.6363636363636,74.7272727272727
-22.7272727272727,14.1818181818182,74.5454545454545
-22.9090909090909,14.1818181818182,74.5454545454545
-22.8181818181818,14.4545454545455,74.4545454545455
-23,14.3636363636364,74.7272727272727
-22.9090909090909,14.0909090909091,74.6363636363636
-23,14,74.7272727272727
-23.0909090909091,14.3636363636364,74.7272727272727
-22.9090909090909,14.3636363636364,74.6363636363636
-23.0909090909091,14.0909090909091,74.7272727272727
-22.9090909090909,14,74.7272727272727
-23.3636363636364,14.0909090909091,74.6363636363636
-23,14.0909090909091,74.8181818181818
-22.9090909090909,14.2727272727273,74.7272727272727
-22.9090909090909,14.2727272727273,74.5454545454545
-23.1818181818182,14.3636363636364,74.5454545454545
-23.1818181818182,14.3636363636364,74.7272727272727
-23.3636363636364,14.2727272727273,74.7272727272727
-23,14.3636363636364,74.3636363636364
-23.3636363636364,14.4545454545455,74.8181818181818
-23.2727272727273,14.4545454545455,74.5454545454545
-23.3636363636364,14.3636363636364,74.4545454545455
-23.3636363636364,14.3636363636364,74.7272727272727
-23.4545454545455,14.7272727272727,74.4545454545455
-23.5454545454545,14.4545454545455,74.6363636363636
-24.0909090909091,13.2727272727273,74.0909090909091
-24.4545454545455,13.1818181818182,74
-24.7272727272727,13,74.3636363636364
-24.1818181818182,13.1818181818182,74.2727272727273
-25,12.7272727272727,74.2727272727273
-25,12.7272727272727,74.0909090909091
-24.7272727272727,12.2727272727273,74.1818181818182
-25.1818181818182,12.1818181818182,74.1818181818182
-26.0909090909091,11.3636363636364,73.6363636363636
-26.0909090909091,11.6363636363636,73.7272727272727
-26.3636363636364,11.5454545454545,73.5454545454545
-26.3636363636364,11.2727272727273,73.4545454545455
-26.5454545454545,11.2727272727273,73.2727272727273
-26.8181818181818,11.0909090909091,73.4545454545455
-26.7272727272727,10.7272727272727,73.3636363636364
-26.7272727272727,10.4545454545455,73.1818181818182
-27.7272727272727,8.72727272727273,73.0909090909091
-27.8181818181818,8.63636363636364,73.0909090909091
-27.5454545454545,8.27272727272727,73.0909090909091
-27.9090909090909,8.09090909090909,73.0909090909091
-27.6363636363636,8,72.9090909090909
-28.1818181818182,7.45454545454545,72.7272727272727
-28.5454545454545,7.27272727272727,72.6363636363636
-28.4545454545455,7.18181818181818,72.6363636363636
-29.2727272727273,6.09090909090909,72.3636363636364
-29.1818181818182,5.63636363636364,72.3636363636364
-29.1818181818182,5.72727272727273,72.1818181818182
-29.3636363636364,5.36363636363636,72.1818181818182
-29.0909090909091,5.45454545454545,72.0909090909091
-29.4545454545455,5.36363636363636,72.0909090909091
-29.3636363636364,5.45454545454545,72
-29.2727272727273,5,72
-29.9090909090909,3.36363636363636,71.6363636363636
-30.1818181818182,3,71.9090909090909
-29.9090909090909,3,71.6363636363636
-30,2.81818181818182,71.3636363636364
-30.2727272727273,2.90909090909091,71.6363636363636
-30.0909090909091,2.63636363636364,71.6363636363636
-30.1818181818182,2.36363636363636,71.2727272727273
-30.1818181818182,2.45454545454545,71.4545454545455
-30.7272727272727,1.36363636363636,71.2727272727273
-30.6363636363636,1.18181818181818,71.1818181818182
-30.6363636363636,1,71.3636363636364
-30.4545454545455,0.818181818181818,71.2727272727273
-30.5454545454545,0.818181818181818,70.9090909090909
-30.7272727272727,0.545454545454546,71.2727272727273
-30.7272727272727,0.727272727272727,71
-30.8181818181818,0.545454545454546,71
-30.7272727272727,-1,70.8181818181818
-30.6363636363636,-0.727272727272727,71
-30.8181818181818,-1,70.9090909090909
-30.8181818181818,-0.818181818181818,70.9090909090909
-30.6363636363636,-0.727272727272727,70.8181818181818
-30.6363636363636,-0.909090909090909,70.9090909090909
-30.6363636363636,-1.27272727272727,70.8181818181818
-30.6363636363636,-1.36363636363636,71
-30.4545454545455,-2.09090909090909,71
-30.7272727272727,-2.09090909090909,70.9090909090909
-30.1818181818182,-2.63636363636364,70.9090909090909
-30.4545454545455,-2.18181818181818,70.8181818181818
-30.3636363636364,-2.27272727272727,70.4545454545455
-30.5454545454545,-2.90909090909091,70.9090909090909
-30.6363636363636,-2.81818181818182,70.7272727272727
-30.6363636363636,-3,70.7272727272727
-30.4545454545455,-4,70.9090909090909
-30.5454545454545,-4,70.7272727272727
-30.4545454545455,-4.09090909090909,70.5454545454545
-30.0909090909091,-4.09090909090909,70.4545454545455
-30.1818181818182,-4.36363636363636,70.5454545454545
-30.3636363636364,-4.54545454545455,70.5454545454545
-30.5454545454545,-4.36363636363636,70.7272727272727
-30.3636363636364,-4.36363636363636,70.5454545454545
-30.2727272727273,-5.36363636363636,70.8181818181818
-30.2727272727273,-5.54545454545455,70.2727272727273
-30.3636363636364,-5.54545454545455,70.2727272727273
-30.1818181818182,-5.72727272727273,70.2727272727273
-30.2727272727273,-5.63636363636364,70.5454545454545
-30.1818181818182,-5.54545454545455,70.2727272727273
-30.2727272727273,-6,70.4545454545455
-30.3636363636364,-5.90909090909091,70.3636363636364
-30.1818181818182,-6.45454545454545,70.1818181818182
-30.2727272727273,-6.72727272727273,70.3636363636364
-30.1818181818182,-6.81818181818182,70.3636363636364
-30.1818181818182,-6.54545454545455,70.3636363636364
-30,-6.72727272727273,70.3636363636364
-30.0909090909091,-6.63636363636364,70.2727272727273
-30,-6.63636363636364,70.4545454545455
-30.1818181818182,-6.72727272727273,70.4545454545455
-30.1818181818182,-6.72727272727273,70.4545454545455
-29.8181818181818,-6.63636363636364,70.0909090909091
-30.1818181818182,-6.90909090909091,70.2727272727273
-30.2727272727273,-6.72727272727273,70.3636363636364
-30.0909090909091,-6.81818181818182,70.1818181818182
-30.2727272727273,-6.81818181818182,70.2727272727273
-30.2727272727273,-6.54545454545455,70.2727272727273
-30.2727272727273,-6.81818181818182,70.2727272727273
-30.3636363636364,-6.81818181818182,70.1818181818182
-30.2727272727273,-6.63636363636364,70.1818181818182
-30.3636363636364,-7.18181818181818,70.1818181818182
-30.3636363636364,-6.90909090909091,70.2727272727273
-30.4545454545455,-7,69.9090909090909
-30.5454545454545,-7,70
-30.6363636363636,-6.72727272727273,70.1818181818182
-30.4545454545455,-7,70.0909090909091
-30.9090909090909,-6.63636363636364,70
-30.8181818181818,-6.72727272727273,69.9090909090909
-30.9090909090909,-6.54545454545455,70
-31.1818181818182,-6.63636363636364,69.6363636363636
-30.9090909090909,-6.72727272727273,69.8181818181818
-31.0909090909091,-6.18181818181818,69.8181818181818
-31.1818181818182,-6.36363636363636,69.8181818181818
-31.1818181818182,-6.27272727272727,69.6363636363636
-32.3636363636364,-5.36363636363636,69.0909090909091
-32.5454545454545,-5.45454545454545,69.3636363636364
-32.5454545454545,-5,69.1818181818182
-32.5454545454545,-4.72727272727273,69.4545454545455
-32.6363636363636,-4.63636363636364,69.2727272727273
-32.8181818181818,-4.54545454545455,69.4545454545455
-32.8181818181818,-4.09090909090909,69.2727272727273
-32.8181818181818,-4,69.3636363636364
-33.4545454545455,-1.27272727272727,69.6363636363636
-33.2727272727273,-1.09090909090909,69.6363636363636
-33.0909090909091,-1.09090909090909,69.8181818181818
-33.0909090909091,-0.727272727272727,69.7272727272727
-33.0909090909091,-0.727272727272727,69.5454545454545
-33.1818181818182,-0.727272727272727,69.7272727272727
-33.0909090909091,-0.545454545454546,69.6363636363636
-33.2727272727273,-0.272727272727273,69.4545454545455
-34.0909090909091,0.636363636363636,69.3636363636364
-34,0.727272727272727,69.2727272727273
-34.4545454545455,1.54545454545455,69.0909090909091
-34.3636363636364,1.27272727272727,69.0909090909091
-34.5454545454545,1.72727272727273,69.3636363636364
-34.2727272727273,2.27272727272727,69.3636363636364
-34.1818181818182,2.27272727272727,69.4545454545455
-34.1818181818182,2.72727272727273,69.4545454545455
-33.9090909090909,6.45454545454545,70
-34.0909090909091,7,69.8181818181818
-33.9090909090909,7.27272727272727,70.1818181818182
-34,7.81818181818182,69.9090909090909
-33.5454545454545,8.09090909090909,69.6363636363636
-33.5454545454545,8.63636363636364,69.9090909090909
-33.6363636363636,9.09090909090909,70.0909090909091
-33.3636363636364,9.72727272727273,70.3636363636364
-32.8181818181818,13.4545454545455,70.0909090909091
-32.8181818181818,13.7272727272727,70.2727272727273
-32.9090909090909,13.7272727272727,70.1818181818182
-32.8181818181818,14.1818181818182,70.2727272727273
-33,14.4545454545455,70.2727272727273
-32.6363636363636,15.1818181818182,70.1818181818182
-32.5454545454545,15.5454545454545,70.4545454545455
-32.5454545454545,15.9090909090909,70.1818181818182
-31.8181818181818,18.7272727272727,70.2727272727273
-31.6363636363636,19.2727272727273,70.2727272727273
-31.3636363636364,19.3636363636364,70.2727272727273
-31.3636363636364,20,70.5454545454545
-30.7272727272727,20.2727272727273,70.4545454545455
-30.6363636363636,20.4545454545455,70.5454545454545
-30.5454545454545,21,70.7272727272727
-29.8181818181818,21.3636363636364,70.6363636363636
-27.9090909090909,24.3636363636364,71
-27.5454545454545,24.4545454545455,71.0909090909091
-27.2727272727273,25,71.3636363636364
-26.6363636363636,25.0909090909091,71.3636363636364
-26.6363636363636,25.3636363636364,71.2727272727273
-26.0909090909091,25.5454545454545,71.7272727272727
-25.8181818181818,26,71.3636363636364
-25.8181818181818,26.1818181818182,71.5454545454545
-23.3636363636364,28.3636363636364,71.6363636363636
-23,28.4545454545455,71.6363636363636
-22.7272727272727,28.3636363636364,71.9090909090909
-22.8181818181818,28.6363636363636,72
-22.4545454545455,28.6363636363636,71.9090909090909
-22.6363636363636,28.7272727272727,71.9090909090909
-21.9090909090909,29.0909090909091,72.2727272727273
-22.0909090909091,29.0909090909091,72.0909090909091
-20.0909090909091,29.8181818181818,72.3636363636364
-20.1818181818182,29.9090909090909,72.2727272727273
-20.0909090909091,29.8181818181818,72.6363636363636
-20.1818181818182,30.0909090909091,72.5454545454545
-19.9090909090909,29.9090909090909,72.3636363636364
-19.7272727272727,29.9090909090909,72.4545454545455
-19.3636363636364,29.9090909090909,72.5454545454545
-19.2727272727273,30.0909090909091,72.6363636363636
-18.0909090909091,29.4545454545455,73.2727272727273
-18.1818181818182,29.5454545454545,73.3636363636364
-18.0909090909091,29,73.1818181818182
-17.7272727272727,29.2727272727273,73.4545454545455
-17.5454545454545,29.1818181818182,73.2727272727273
-17.3636363636364,29.1818181818182,73.1818181818182
-17.4545454545455,29.1818181818182,73.6363636363636
-17.2727272727273,29.2727272727273,73.5454545454545
-15.8181818181818,29.9090909090909,73.6363636363636
-15.8181818181818,29.9090909090909,73.8181818181818
-15.9090909090909,29.9090909090909,73.6363636363636
-15.7272727272727,29.9090909090909,73.8181818181818
-15.6363636363636,29.9090909090909,73.7272727272727
-15.6363636363636,30,73.9090909090909
-15.3636363636364,30.0909090909091,74
-15.3636363636364,30.0909090909091,73.7272727272727
-15.1818181818182,30.0909090909091,73.8181818181818
-15.1818181818182,30.0909090909091,73.8181818181818
-15,30.4545454545455,74
-14.7272727272727,30.3636363636364,73.9090909090909
-14.9090909090909,30.4545454545455,73.9090909090909
-15.1818181818182,30.0909090909091,74.0909090909091
-14.7272727272727,30.0909090909091,73.8181818181818
-14.8181818181818,30.1818181818182,73.6363636363636
-14.3636363636364,30.3636363636364,74
-14.0909090909091,30.2727272727273,73.9090909090909
-13.9090909090909,30.2727272727273,74.0909090909091
-14.1818181818182,30.2727272727273,74.3636363636364
-13.9090909090909,30.4545454545455,74.0909090909091
-14.0909090909091,30.4545454545455,74.0909090909091
-14.1818181818182,30.5454545454545,74.1818181818182
-14.0909090909091,30.5454545454545,74.0909090909091
-14.1818181818182,30.4545454545455,73.9090909090909
-14.0909090909091,30.1818181818182,74
-14.2727272727273,30.1818181818182,73.9090909090909
-14.0909090909091,30.0909090909091,73.8181818181818
-14,30.1818181818182,74
-14.0909090909091,30.0909090909091,74.1818181818182
-14.1818181818182,30.3636363636364,74
-14.3636363636364,30.4545454545455,74.1818181818182
-14.7272727272727,29.8181818181818,73.6363636363636
-14.6363636363636,30,73.9090909090909
-14.6363636363636,30,73.9090909090909
-14.8181818181818,30.0909090909091,74.0909090909091
-14.9090909090909,30.1818181818182,74.1818181818182
-14.7272727272727,30.0909090909091,74.1818181818182
-15,30.0909090909091,74
-15,30,74.0909090909091
-16,29.6363636363636,74
-16.0909090909091,29.8181818181818,73.7272727272727
-16.1818181818182,29.3636363636364,73.9090909090909
-16.4545454545455,29.5454545454545,73.7272727272727
-16.6363636363636,29.5454545454545,73.8181818181818
-16.4545454545455,29.6363636363636,73.8181818181818
-16.7272727272727,29.4545454545455,73.6363636363636
-16.8181818181818,29.2727272727273,73.6363636363636
-18.3636363636364,29.2727272727273,73.2727272727273
-18.2727272727273,29.0909090909091,73.0909090909091
-18.8181818181818,29.4545454545455,73.0909090909091
-18.8181818181818,29.3636363636364,73.1818181818182
-19,29.2727272727273,73.0909090909091
-19.0909090909091,29.2727272727273,72.8181818181818
-19.3636363636364,29.0909090909091,72.9090909090909
-19.5454545454545,29,72.7272727272727
-21.7272727272727,28.2727272727273,72.3636363636364
-22,28.3636363636364,72.2727272727273
-22.2727272727273,28.5454545454545,72.1818181818182
-22.2727272727273,28.3636363636364,72.0909090909091
-22.7272727272727,28.5454545454545,72.2727272727273
-22.6363636363636,28.1818181818182,72.0909090909091
-22.9090909090909,28.4545454545455,71.9090909090909
-23.2727272727273,28.3636363636364,71.8181818181818
-24.8181818181818,28,71.2727272727273
-24.9090909090909,28,71.2727272727273
-25.0909090909091,28,71.1818181818182
-25.4545454545455,27.5454545454545,71
-25.7272727272727,27.7272727272727,71.1818181818182
-25.7272727272727,27.3636363636364,70.7272727272727
-26.1818181818182,27.6363636363636,71
-26.2727272727273,27.3636363636364,71.0909090909091
-28.5454545454545,25.7272727272727,70.0909090909091
-29.1818181818182,25.5454545454545,69.9090909090909
-29.2727272727273,25.4545454545455,70.2727272727273
-29,25.2727272727273,70.0909090909091
-29.6363636363636,24.8181818181818,70
-29.2727272727273,25,70
-29.9090909090909,24.1818181818182,70
-29.7272727272727,24.1818181818182,70
-32,22.4545454545455,69.6363636363636
-31.7272727272727,22.3636363636364,69.4545454545455
-32.2727272727273,21.7272727272727,69.5454545454545
-32.3636363636364,21.2727272727273,69.4545454545455
-32.6363636363636,21.4545454545455,69.2727272727273
-32.7272727272727,21.2727272727273,69.2727272727273
-32.7272727272727,20.9090909090909,69.1818181818182
-32.7272727272727,20.7272727272727,69.1818181818182
-33.1818181818182,18.5454545454545,69.0909090909091
-33.4545454545455,17.9090909090909,69.3636363636364
-33.5454545454545,17.1818181818182,69.3636363636364
-33.8181818181818,17.0909090909091,69.5454545454545
-34.0909090909091,16.8181818181818,69.2727272727273
-33.7272727272727,16.5454545454545,69.2727272727273
-33.9090909090909,16.0909090909091,69.1818181818182
-34.1818181818182,16.3636363636364,69.2727272727273
-34.8181818181818,14.1818181818182,69.0909090909091
-34.9090909090909,13.5454545454545,68.8181818181818
-35.0909090909091,13.4545454545455,68.8181818181818
-35.0909090909091,13.1818181818182,68.6363636363636
-35.1818181818182,13,68.8181818181818
-35.1818181818182,12.8181818181818,68.7272727272727
-35.2727272727273,12.4545454545455,68.8181818181818
-35.6363636363636,12.2727272727273,69
-36.4545454545455,9.81818181818182,68.3636363636364
-36.2727272727273,9.90909090909091,68.1818181818182
-36.4545454545455,9.45454545454546,68.3636363636364
-36.5454545454545,9.36363636363637,68.3636363636364
-36.4545454545455,9.18181818181818,68.0909090909091
-36.4545454545455,9,68.2727272727273
-36.6363636363636,8.72727272727273,68.0909090909091
-36.5454545454545,8.54545454545454,68.0909090909091
-36.4545454545455,6.63636363636364,67.9090909090909
-36.7272727272727,6.45454545454545,68.0909090909091
-37,6.18181818181818,67.6363636363636
-36.6363636363636,5.90909090909091,67.9090909090909
-36.9090909090909,6.09090909090909,68.0909090909091
-36.8181818181818,6.18181818181818,68
-36.8181818181818,6.18181818181818,67.8181818181818
-36.8181818181818,6.18181818181818,68
-36.5454545454545,5.18181818181818,68.0909090909091
-36.4545454545455,5.36363636363636,68.1818181818182
-36.3636363636364,5.45454545454545,68.1818181818182
-36.2727272727273,5.09090909090909,68.1818181818182
-36.5454545454545,5.18181818181818,68
-36.4545454545455,4.81818181818182,68.2727272727273
-36.4545454545455,4.81818181818182,68.0909090909091
-36.3636363636364,4.45454545454546,68.1818181818182
-36,3.72727272727273,68.6363636363636
-35.5454545454545,3.54545454545455,68.6363636363636
-35.6363636363636,3.63636363636364,68.8181818181818
-35.8181818181818,3.27272727272727,68.4545454545455
-35.5454545454545,3.27272727272727,68.8181818181818
-35.4545454545455,3.18181818181818,68.7272727272727
-35.3636363636364,3.27272727272727,68.6363636363636
-35.4545454545455,3.27272727272727,69
-34.9090909090909,3.27272727272727,68.9090909090909
-34.9090909090909,3.27272727272727,69.2727272727273
-34.6363636363636,3.18181818181818,69.1818181818182
-34.9090909090909,3.18181818181818,69.3636363636364
-34.4545454545455,3.09090909090909,69.0909090909091
-34.9090909090909,3.09090909090909,69.2727272727273
-34.7272727272727,2.90909090909091,69.0909090909091
-34.4545454545455,2.90909090909091,69.2727272727273
-34.1818181818182,2.81818181818182,69.6363636363636
-33.9090909090909,2.54545454545455,69.4545454545455
-34,2.90909090909091,69.4545454545455
-34,2.63636363636364,69.6363636363636
-34.0909090909091,2.27272727272727,69.8181818181818
-34,2.54545454545455,69.5454545454545
-34.0909090909091,2.36363636363636,70
-34.2727272727273,2.72727272727273,69.7272727272727
-34,2.54545454545455,69.6363636363636
-34.1818181818182,2.54545454545455,69.5454545454545
-34,2.54545454545455,69.9090909090909
-34.2727272727273,2.81818181818182,69.5454545454545
-33.9090909090909,2.54545454545455,69.7272727272727
-34.0909090909091,2.63636363636364,69.8181818181818
-34,2.45454545454545,69.4545454545455
-34.2727272727273,2.54545454545455,69.4545454545455
-34,2.36363636363636,69.5454545454545
-34,1.90909090909091,69.3636363636364
-33.9090909090909,2.45454545454545,69.2727272727273
-33.9090909090909,2.27272727272727,69.7272727272727
-34.0909090909091,2.27272727272727,69.6363636363636
-34.0909090909091,2.09090909090909,69.4545454545455
-34.0909090909091,2.36363636363636,69.6363636363636
-34,2.27272727272727,69.6363636363636
-34.1818181818182,3.09090909090909,69.6363636363636
-34.2727272727273,3.18181818181818,69.5454545454545
-34.1818181818182,3.09090909090909,69.5454545454545
-34.0909090909091,3,69.5454545454545
-34.4545454545455,3,69.6363636363636
-34.0909090909091,3.09090909090909,69.6363636363636
-34.3636363636364,3.45454545454545,69.6363636363636
-34.3636363636364,3.18181818181818,69.4545454545455
-34.1818181818182,4.09090909090909,69.5454545454545
-34.5454545454545,4.18181818181818,69.3636363636364
-34.2727272727273,3.90909090909091,69.6363636363636
-34.6363636363636,4.09090909090909,69.4545454545455
-34.4545454545455,4.54545454545455,69.1818181818182
-34.7272727272727,4.45454545454546,69.2727272727273
-34.5454545454545,4.72727272727273,69.5454545454545
-34.7272727272727,4.72727272727273,69.5454545454545
-34.0909090909091,6,69.7272727272727
-34.0909090909091,6.27272727272727,69.7272727272727
-34.4545454545455,6.90909090909091,69.7272727272727
-34,6.90909090909091,69.6363636363636
-34.1818181818182,7.45454545454545,69.8181818181818
-34,7.72727272727273,69.8181818181818
-34.2727272727273,8.09090909090909,70.0909090909091
-34.1818181818182,8.54545454545454,70
-33.6363636363636,11,70.2727272727273
-33.5454545454545,11.1818181818182,70
-33.1818181818182,11.3636363636364,70
-33.4545454545455,11.8181818181818,70.2727272727273
-33.1818181818182,12,69.9090909090909
-33.1818181818182,12.3636363636364,70.0909090909091
-33,12.5454545454545,69.8181818181818
-33,12.9090909090909,70.0909090909091
-32,14.4545454545455,70.6363636363636
-31.9090909090909,14.6363636363636,70.7272727272727
-32,15.2727272727273,70.5454545454545
-31.6363636363636,15.4545454545455,70.6363636363636
-31.6363636363636,15.7272727272727,70.6363636363636
-31.3636363636364,16,70.9090909090909
-31.3636363636364,16.1818181818182,70.9090909090909
-31.4545454545455,17,70.8181818181818
-30,19.1818181818182,71.0909090909091
-30.1818181818182,19.1818181818182,70.9090909090909
-30.2727272727273,19.4545454545455,70.9090909090909
-29.7272727272727,19.4545454545455,71.1818181818182
-29.7272727272727,19.8181818181818,71.2727272727273
-29.3636363636364,19.8181818181818,71.2727272727273
-29.4545454545455,20,71.0909090909091
-29.2727272727273,20.1818181818182,71.4545454545455
-28.4545454545455,21,71.6363636363636
-28.2727272727273,21.1818181818182,71.5454545454545
-28.3636363636364,21.2727272727273,71.7272727272727
-28.1818181818182,21.5454545454545,71.5454545454545
-28,21.6363636363636,71.9090909090909
-28.0909090909091,21.7272727272727,71.6363636363636
-27.9090909090909,21.6363636363636,71.5454545454545
-27.9090909090909,22,72
-27.1818181818182,22.7272727272727,71.7272727272727
-27.0909090909091,23.0909090909091,71.7272727272727
-27.0909090909091,23.4545454545455,71.8181818181818
-26.8181818181818,23.2727272727273,71.7272727272727
-26.9090909090909,23.9090909090909,71.7272727272727
-26.8181818181818,23.9090909090909,71.8181818181818
-26.7272727272727,23.8181818181818,71.7272727272727
-26.1818181818182,24.3636363636364,71.9090909090909
-24.5454545454545,25.9090909090909,72.1818181818182
-24.1818181818182,25.9090909090909,72.0909090909091
-24.1818181818182,25.9090909090909,72.3636363636364
-23.7272727272727,25.9090909090909,72.1818181818182
-23.7272727272727,26.5454545454545,72.1818181818182
-23.8181818181818,26.6363636363636,72.5454545454545
-23.2727272727273,26.8181818181818,72.6363636363636
-23.1818181818182,26.6363636363636,72.6363636363636
-20.5454545454545,26.5454545454545,73.3636363636364
-20.0909090909091,26.3636363636364,73.5454545454545
-20.1818181818182,26.3636363636364,73.7272727272727
-20,26.3636363636364,73.9090909090909
-19.3636363636364,26.6363636363636,74
-19.3636363636364,26.1818181818182,73.9090909090909
-19.2727272727273,26.5454545454545,74.2727272727273
-18.6363636363636,26.5454545454545,74.1818181818182
-17,26.2727272727273,74.8181818181818
-16.6363636363636,25.9090909090909,75.0909090909091
-16.5454545454545,25.9090909090909,74.7272727272727
-16.2727272727273,26,74.9090909090909
-15.8181818181818,26.0909090909091,75.0909090909091
-15.8181818181818,25.7272727272727,75
-15.4545454545455,26,75.0909090909091
-15.3636363636364,25.6363636363636,75.2727272727273
-13.9090909090909,26.1818181818182,75.3636363636364
-13.7272727272727,25.7272727272727,75.3636363636364
-13.5454545454545,25.9090909090909,75.6363636363636
-13.4545454545455,25.9090909090909,75.6363636363636
-13,25.9090909090909,75.5454545454545
-12.8181818181818,25.9090909090909,75.9090909090909
-12.5454545454545,25.6363636363636,75.8181818181818
-12.4545454545455,25.7272727272727,76
-11.4545454545455,25.5454545454545,76.1818181818182
-11.1818181818182,25.4545454545455,76
-11.1818181818182,25.7272727272727,76.1818181818182
-11.0909090909091,25.4545454545455,76.2727272727273
-10.8181818181818,25.1818181818182,76.4545454545455
-10.9090909090909,25.5454545454545,76.4545454545455
-10.8181818181818,25.6363636363636,76.1818181818182
-10.6363636363636,25.7272727272727,76.2727272727273
-11,26.0909090909091,76.1818181818182
-11,26.2727272727273,76.1818181818182
-10.9090909090909,25.9090909090909,75.9090909090909
-11.3636363636364,26.0909090909091,75.9090909090909
-10.9090909090909,26,76
-11.4545454545455,25.9090909090909,75.8181818181818
-11.2727272727273,26.0909090909091,76
-11.4545454545455,25.8181818181818,75.8181818181818
-11.8181818181818,25.9090909090909,75.9090909090909
-12.1818181818182,26,75.9090909090909
-11.9090909090909,25.8181818181818,76.1818181818182
-12.0909090909091,25.8181818181818,76.0909090909091
-12.1818181818182,25.6363636363636,75.8181818181818
-12.2727272727273,26.0909090909091,75.9090909090909
-12.3636363636364,26,75.8181818181818
-12.4545454545455,25.7272727272727,75.9090909090909
-12.7272727272727,26.0909090909091,75.8181818181818
-12.8181818181818,26.1818181818182,75.3636363636364
-12.3636363636364,25.9090909090909,75.5454545454545
-12.3636363636364,25.9090909090909,75.5454545454545
-13,25.9090909090909,75.7272727272727
-12.9090909090909,26,76
-13,25.9090909090909,75.5454545454545
-12.8181818181818,26,75.7272727272727
-13.4545454545455,26.1818181818182,75.8181818181818
-13.3636363636364,26.0909090909091,75.5454545454545
-13.4545454545455,26.1818181818182,75.0909090909091
-13.6363636363636,26.0909090909091,75.5454545454545
-13.4545454545455,26.1818181818182,75.4545454545455
-13.9090909090909,26,75.4545454545455
-14.0909090909091,26.3636363636364,75.2727272727273
-14.2727272727273,26.0909090909091,75.3636363636364
-15.7272727272727,26.4545454545455,74.9090909090909
-15.7272727272727,26.4545454545455,74.8181818181818
-15.8181818181818,26.4545454545455,74.9090909090909
-16.2727272727273,26.3636363636364,74.6363636363636
-16.6363636363636,26.1818181818182,74.7272727272727
-16.6363636363636,26.4545454545455,74.9090909090909
-16.6363636363636,26.4545454545455,74.7272727272727
-17,26.5454545454545,74.3636363636364
-18.4545454545455,26.1818181818182,74.3636363636364
-19,26.1818181818182,74.2727272727273
-18.6363636363636,26.1818181818182,74.1818181818182
-19.0909090909091,26.2727272727273,74.1818181818182
-19.4545454545455,26,74.0909090909091
-19.5454545454545,25.7272727272727,74.0909090909091
-19.7272727272727,26.0909090909091,74
-20.2727272727273,26.0909090909091,74.0909090909091
-22.5454545454545,25.7272727272727,73.1818181818182
-22.4545454545455,25.5454545454545,73.0909090909091
-22.5454545454545,25.3636363636364,73.0909090909091
-22.7272727272727,25.5454545454545,72.8181818181818
-23.0909090909091,25.6363636363636,72.8181818181818
-23.3636363636364,25.3636363636364,72.7272727272727
-23.4545454545455,25.5454545454545,72.8181818181818
-23.7272727272727,25.5454545454545,72.5454545454545
-24.7272727272727,24.8181818181818,72.1818181818182
-24.9090909090909,24.9090909090909,72.4545454545455
-25.0909090909091,24.2727272727273,72
-25.2727272727273,24.2727272727273,72.2727272727273
-25.2727272727273,23.8181818181818,72.3636363636364
-25.6363636363636,24.0909090909091,72.3636363636364
-25.6363636363636,23.7272727272727,72.2727272727273
-25.6363636363636,23.5454545454545,71.9090909090909
-27.2727272727273,21.9090909090909,72.0909090909091
-27.2727272727273,21.7272727272727,71.7272727272727
-27.6363636363636,21.4545454545455,72
-27.8181818181818,21.1818181818182,71.9090909090909
-27.9090909090909,20.8181818181818,71.8181818181818
-28.0909090909091,20.7272727272727,71.9090909090909
-28.2727272727273,20.0909090909091,71.9090909090909
-28.2727272727273,20.2727272727273,71.8181818181818
-29.2727272727273,17.9090909090909,71.8181818181818
-29.3636363636364,17.9090909090909,71.6363636363636
-29.6363636363636,18,71.7272727272727
-29.8181818181818,17.7272727272727,71.5454545454545
-30,17.5454545454545,71.7272727272727
-30,17.5454545454545,71.7272727272727
-30.0909090909091,17.2727272727273,71.3636363636364
-30.4545454545455,17.2727272727273,71.3636363636364
-31.4545454545455,16.0909090909091,70.9090909090909
-31.6363636363636,15.9090909090909,70.9090909090909
-31.7272727272727,15.6363636363636,70.7272727272727
-31.9090909090909,15.3636363636364,70.6363636363636
-31.9090909090909,15.3636363636364,70.8181818181818
-32,15.0909090909091,70.6363636363636
-32.1818181818182,15,70.7272727272727
-32,14.8181818181818,70.4545454545455
-33.2727272727273,13.6363636363636,70.0909090909091
-33,13.4545454545455,70.2727272727273
-33.2727272727273,13,70.1818181818182
-33.2727272727273,12.9090909090909,70.0909090909091
-33.3636363636364,12.8181818181818,70.1818181818182
-33.4545454545455,12.5454545454545,70
-33.6363636363636,12.3636363636364,70
-33.5454545454545,12.2727272727273,70
-34.1818181818182,11.1818181818182,69.5454545454545
-34.6363636363636,10.9090909090909,69.5454545454545
-34.4545454545455,10.9090909090909,69.6363636363636
-34.3636363636364,10.5454545454545,69.5454545454545
-34.7272727272727,10.1818181818182,69.4545454545455
-34.8181818181818,10.5454545454545,69.5454545454545
-35,10.0909090909091,69.3636363636364
-35,10.1818181818182,69.8181818181818
-35.8181818181818,8.54545454545454,68.6363636363636
-35.8181818181818,8.27272727272727,68.9090909090909
-35.8181818181818,8.09090909090909,68.8181818181818
-35.9090909090909,7.90909090909091,68.8181818181818
-35.9090909090909,7.72727272727273,68.7272727272727
-36.0909090909091,7.45454545454545,68.5454545454545
-36,7.27272727272727,68.5454545454545
-36.2727272727273,7,68.3636363636364
-36.5454545454545,6.09090909090909,68.2727272727273
-36.3636363636364,6,68.4545454545455
-36.4545454545455,5.72727272727273,68.4545454545455
-36.2727272727273,6.09090909090909,68.3636363636364
-36.3636363636364,5.90909090909091,68.5454545454545
-36,5.63636363636364,68.2727272727273
-36.2727272727273,5.81818181818182,68.4545454545455
-36.0909090909091,6.27272727272727,68.3636363636364
-35.8181818181818,6.63636363636364,68.8181818181818
-36,6.72727272727273,68.8181818181818
-35.7272727272727,6.90909090909091,68.8181818181818
-35.9090909090909,6.81818181818182,68.7272727272727
-35.8181818181818,7.27272727272727,69
-35.9090909090909,7.18181818181818,68.6363636363636
-35.7272727272727,7.45454545454545,68.9090909090909
-35.6363636363636,7.09090909090909,68.9090909090909
-35.4545454545455,8.54545454545454,68.9090909090909
-35.5454545454545,8.36363636363636,69
-35.4545454545455,8.63636363636364,68.8181818181818
-35.4545454545455,9,69
-35.4545454545455,8.72727272727273,69.1818181818182
-35.3636363636364,9,69.0909090909091
-35.2727272727273,9.18181818181818,69.1818181818182
-35.0909090909091,9,69.2727272727273
-34.9090909090909,10.1818181818182,69.3636363636364
-34.7272727272727,10.2727272727273,69.4545454545455
-34.9090909090909,10.2727272727273,69.4545454545455
-35,10.5454545454545,69.1818181818182
-34.4545454545455,10.6363636363636,69.5454545454545
-34.5454545454545,10.9090909090909,69.5454545454545
-34.5454545454545,11,69.4545454545455
-34.4545454545455,11.1818181818182,69.6363636363636
-34.1818181818182,11.9090909090909,70.0909090909091
-33.8181818181818,11.5454545454545,70.0909090909091
-33.8181818181818,11.5454545454545,69.9090909090909
-33.6363636363636,11.6363636363636,69.6363636363636
-33.6363636363636,11.6363636363636,69.9090909090909
-33.9090909090909,11.6363636363636,70.0909090909091
-34,12.0909090909091,69.9090909090909
-33.9090909090909,11.8181818181818,69.8181818181818
-34.0909090909091,11.7272727272727,69.7272727272727
-34.2727272727273,11.6363636363636,69.6363636363636
-34.1818181818182,12,69.6363636363636
-34.1818181818182,11.6363636363636,69.7272727272727
-34,11.9090909090909,69.6363636363636
-34.1818181818182,11.7272727272727,69.7272727272727
-34,11.7272727272727,69.5454545454545
-34.1818181818182,11.9090909090909,69.9090909090909
-34,12,69.7272727272727
-33.8181818181818,11.8181818181818,69.7272727272727
-34,11.9090909090909,69.8181818181818
-34,12.0909090909091,69.6363636363636
-34,11.9090909090909,70
-34,12,69.7272727272727
-34,11.7272727272727,69.9090909090909
-34,12.1818181818182,69.8181818181818
-34.1818181818182,12.1818181818182,69.6363636363636
-33.9090909090909,11.7272727272727,69.8181818181818
-34.1818181818182,11.9090909090909,69.7272727272727
-34,12,69.7272727272727
-34.0909090909091,12.0909090909091,69.5454545454545
-33.9090909090909,12,69.8181818181818
-34.0909090909091,12.2727272727273,69.7272727272727
-34.0909090909091,12.0909090909091,69.6363636363636
-33.9090909090909,12.2727272727273,69.9090909090909
-34.0909090909091,12.4545454545455,69.8181818181818
-33.8181818181818,12.3636363636364,69.8181818181818
-33.9090909090909,12.7272727272727,69.5454545454545
-34,13,69.6363636363636
-34,13.3636363636364,69.8181818181818
-34.0909090909091,13.4545454545455,69.5454545454545
-34,13.8181818181818,69.7272727272727
-34.1818181818182,16.6363636363636,69.3636363636364
-34.1818181818182,16.7272727272727,69.2727272727273
-34.3636363636364,17.0909090909091,69
-34.3636363636364,16.9090909090909,69
-34.3636363636364,17.0909090909091,69.0909090909091
-34.3636363636364,17.2727272727273,69.0909090909091
-34.4545454545455,17.5454545454545,68.9090909090909
-34.3636363636364,17.8181818181818,69.0909090909091
-34.8181818181818,20.6363636363636,68.3636363636364
-34.6363636363636,21.0909090909091,68.0909090909091
-34.9090909090909,21.0909090909091,67.9090909090909
-34.8181818181818,21.7272727272727,67.7272727272727
-34.8181818181818,21.4545454545455,67.8181818181818
-34.7272727272727,21.8181818181818,67.6363636363636
-35,21.9090909090909,67.6363636363636
-34.8181818181818,22.5454545454545,67.2727272727273
-34.9090909090909,25.6363636363636,66.2727272727273
-35.0909090909091,26.1818181818182,66.2727272727273
-34.8181818181818,26.5454545454545,66.1818181818182
-34.7272727272727,27.0909090909091,66.2727272727273
-35.1818181818182,27.8181818181818,65.9090909090909
-35,28,65.6363636363636
-34.8181818181818,28.7272727272727,65.4545454545455
-34.9090909090909,29.1818181818182,65
-35.4545454545455,33.3636363636364,62.6363636363636
-35.3636363636364,34.3636363636364,61.8181818181818
-35.6363636363636,34.6363636363636,61.5454545454545
-35.7272727272727,35.1818181818182,61.4545454545455
-35.4545454545455,35.7272727272727,61.2727272727273
-35.7272727272727,36.3636363636364,60.8181818181818
-35.7272727272727,36.8181818181818,60.4545454545455
-35.6363636363636,37.4545454545455,59.8181818181818
-34.7272727272727,42.2727272727273,56.2727272727273
-34.6363636363636,42.8181818181818,56.0909090909091
-34.4545454545455,43.2727272727273,55.7272727272727
-34.3636363636364,43.8181818181818,55.2727272727273
-34.7272727272727,44.0909090909091,54.8181818181818
-34.4545454545455,44.5454545454545,54.0909090909091
-34.2727272727273,45.4545454545455,53.7272727272727
-34.2727272727273,45.3636363636364,53.3636363636364
-33.4545454545455,48.4545454545455,49.9090909090909
-33.1818181818182,48.8181818181818,49.4545454545455
-33.1818181818182,49,49.1818181818182
-33.3636363636364,49.3636363636364,48.6363636363636
-33.1818181818182,49.5454545454545,48.3636363636364
-33.1818181818182,50,47.9090909090909
-33.0909090909091,50.1818181818182,47.7272727272727
-32.8181818181818,50.5454545454545,47.2727272727273
-32.0909090909091,52.0909090909091,45.2727272727273
-32.0909090909091,52.1818181818182,45.1818181818182
-32,52.1818181818182,45.1818181818182
-31.8181818181818,52,44.8181818181818
-31.8181818181818,52.1818181818182,44.7272727272727
-31.8181818181818,52.3636363636364,44.6363636363636
-32,52.2727272727273,44.7272727272727
-31.7272727272727,52.4545454545455,44.3636363636364
-31.3636363636364,53.3636363636364,43.5454545454545
-31.1818181818182,53.1818181818182,43.4545454545455
-31,53.1818181818182,43.3636363636364
-31,53.2727272727273,43.4545454545455
-31.2727272727273,53.2727272727273,43.2727272727273
-30.8181818181818,53.5454545454545,43.4545454545455
-30.9090909090909,53.3636363636364,43.3636363636364
-31.0909090909091,53.5454545454545,43.3636363636364
-30.9090909090909,52.8181818181818,45.3636363636364
-30.9090909090909,52.4545454545455,45.9090909090909
-31,52.0909090909091,46.3636363636364
-31.1818181818182,51.7272727272727,46.5454545454545
-31,51.8181818181818,47.0909090909091
-31.1818181818182,51.5454545454545,47.0909090909091
-31.4545454545455,51.1818181818182,47.5454545454545
-31.1818181818182,50.9090909090909,47.8181818181818
-32.2727272727273,47.9090909090909,52.2727272727273
-32.2727272727273,47.5454545454545,53.0909090909091
-32.0909090909091,47.2727272727273,53.4545454545455
-32.4545454545455,45.8181818181818,55
-32.3636363636364,45.3636363636364,55.4545454545455
-32.6363636363636,44.7272727272727,56.0909090909091
-32.3636363636364,44.2727272727273,56.5454545454545
-32.6363636363636,43.9090909090909,57.1818181818182
-33,38.6363636363636,61.5454545454545
-32.8181818181818,38.0909090909091,61.8181818181818
-32.7272727272727,37.4545454545455,62.1818181818182
-32.9090909090909,36.9090909090909,62.3636363636364
-33.0909090909091,36.3636363636364,62.5454545454545
-33,35.9090909090909,63.0909090909091
-32.7272727272727,35.2727272727273,63.5454545454545
-33,34.7272727272727,64.0909090909091
-32.4545454545455,26.5454545454545,67.6363636363636
-32.0909090909091,26.1818181818182,68.1818181818182
-32.1818181818182,25.4545454545455,68.6363636363636
-31.7272727272727,24.4545454545455,69.1818181818182
-31.6363636363636,23.8181818181818,69.0909090909091
-31.7272727272727,23.6363636363636,69.2727272727273
-31.7272727272727,23.1818181818182,69.4545454545455
-31.5454545454545,22.9090909090909,69.3636363636364
-30.1818181818182,17.8181818181818,71.2727272727273
-29.7272727272727,17.1818181818182,71.6363636363636
-30,16.5454545454545,71.6363636363636
-29.9090909090909,15.9090909090909,71.8181818181818
-29.8181818181818,14.6363636363636,72
-29.6363636363636,14.2727272727273,72.0909090909091
-29.3636363636364,13.2727272727273,72.4545454545455
-29.3636363636364,12.8181818181818,72.5454545454545
-29,7.81818181818182,72.4545454545455
-28.9090909090909,7.27272727272727,72.4545454545455
-29,6.72727272727273,72.3636363636364
-28.9090909090909,6.09090909090909,72.3636363636364
-28.9090909090909,5.36363636363636,72.3636363636364
-28.7272727272727,4.81818181818182,72.3636363636364
-28.9090909090909,4.81818181818182,72.3636363636364
-29,4,72.2727272727273
-29.0909090909091,-0.818181818181818,71.7272727272727
-28.9090909090909,-1.27272727272727,71.6363636363636
-29.0909090909091,-1.63636363636364,71.5454545454545
-29,-2.27272727272727,71.4545454545455
-28.9090909090909,-2.63636363636364,71.2727272727273
-29.0909090909091,-3.18181818181818,71.3636363636364
-28.7272727272727,-4,71.0909090909091
-28.6363636363636,-4.09090909090909,70.9090909090909
-28.9090909090909,-8.45454545454546,69.6363636363636
-28.7272727272727,-8.72727272727273,69.6363636363636
-28.9090909090909,-9.27272727272727,69.9090909090909
-28.9090909090909,-9.72727272727273,69.2727272727273
-29,-10.4545454545455,69.1818181818182
-29,-11,68.8181818181818
-28.6363636363636,-11.6363636363636,68.6363636363636
-29.0909090909091,-11.9090909090909,68.2727272727273
-29.0909090909091,-16.5454545454545,66.2727272727273
-28.7272727272727,-17.1818181818182,66
-29.1818181818182,-17.4545454545455,65.8181818181818
-28.7272727272727,-18,65.3636363636364
-29.0909090909091,-18.8181818181818,65.0909090909091
-28.9090909090909,-19.3636363636364,64.6363636363636
-29,-19.7272727272727,64.5454545454545
-29.1818181818182,-20.0909090909091,64.1818181818182
-29,-23.4545454545455,61.6363636363636
-28.8181818181818,-24,61.4545454545455
-28.9090909090909,-24.4545454545455,61.0909090909091
-28.8181818181818,-24.6363636363636,61
-28.8181818181818,-25.4545454545455,60.0909090909091
-29,-25.8181818181818,59.9090909090909
-28.9090909090909,-26.0909090909091,59.7272727272727
-28.8181818181818,-26.6363636363636,59.3636363636364
-28.9090909090909,-28.8181818181818,56.7272727272727
-29.0909090909091,-29.1818181818182,56.7272727272727
-28.8181818181818,-29.4545454545455,56.1818181818182
-28.4545454545455,-29.4545454545455,55.9090909090909
-28.7272727272727,-29.9090909090909,55.5454545454545
-28.9090909090909,-30.3636363636364,55.3636363636364
-29.0909090909091,-30.3636363636364,55.0909090909091
-29.0909090909091,-30.4545454545455,54.8181818181818
-29.2727272727273,-31.4545454545455,53.2727272727273
-29.3636363636364,-31.3636363636364,53.4545454545455
-29.1818181818182,-31.5454545454545,53.1818181818182
-29.5454545454545,-31.6363636363636,53.0909090909091
-29.1818181818182,-31.8181818181818,52.9090909090909
-29.2727272727273,-31.8181818181818,53.0909090909091
-29.4545454545455,-31.7272727272727,52.9090909090909
-29.2727272727273,-31.9090909090909,52.5454545454546
-29.3636363636364,-32.4545454545455,52.4545454545455
-29.3636363636364,-32.1818181818182,52.4545454545455
-29.4545454545455,-32,52.6363636363636
-29.3636363636364,-32.0909090909091,52.5454545454546
-29.2727272727273,-32,52.6363636363636
-29.2727272727273,-31.8181818181818,52.7272727272727
-29.1818181818182,-32,52.8181818181818
-29.3636363636364,-32,52.7272727272727
-29.4545454545455,-31.3636363636364,53.4545454545455
-29.3636363636364,-31.2727272727273,53.6363636363636
-29.6363636363636,-31.0909090909091,53.7272727272727
-29.6363636363636,-30.8181818181818,54.0909090909091
-29.6363636363636,-30.8181818181818,54.0909090909091
-29.7272727272727,-30.2727272727273,54.6363636363636
-30.0909090909091,-29.8181818181818,54.8181818181818
-30.0909090909091,-29.4545454545455,55.4545454545455
-31,-23.7272727272727,60.4545454545455
-30.9090909090909,-22.7272727272727,61
-31.1818181818182,-22.4545454545455,61.2727272727273
-31.0909090909091,-21.9090909090909,61.6363636363636
-31.0909090909091,-21.1818181818182,62
-31.0909090909091,-20.6363636363636,62.3636363636364
-31.1818181818182,-20.4545454545455,62.8181818181818
-31.1818181818182,-19.6363636363636,63
-31.3636363636364,-15.4545454545455,65.7272727272727
-31.3636363636364,-14.7272727272727,65.9090909090909
-31.5454545454545,-14.3636363636364,65.8181818181818
-31.3636363636364,-13.2727272727273,66.4545454545455
-31.7272727272727,-12.8181818181818,66.5454545454545
-31.7272727272727,-11.9090909090909,66.7272727272727
-32,-11.5454545454545,67.2727272727273
-31.6363636363636,-10.4545454545455,67.3636363636364
-32.4545454545455,-3.90909090909091,69.0909090909091
-32.6363636363636,-3.18181818181818,69.1818181818182
-32.5454545454545,-2.18181818181818,69.5454545454545
-32.5454545454545,-1.72727272727273,69.6363636363636
-32.5454545454545,-1.54545454545455,69.6363636363636
-32.7272727272727,-0.545454545454546,69.7272727272727
-32.4545454545455,0.272727272727273,69.9090909090909
-32.6363636363636,0.818181818181818,70.0909090909091
-32.6363636363636,6.63636363636364,70.5454545454545
-32.7272727272727,7.45454545454545,70.4545454545455
-32.9090909090909,8.54545454545454,70.5454545454545
-32.7272727272727,10.1818181818182,70.2727272727273
-32.8181818181818,11,70.5454545454545
-32.7272727272727,11.7272727272727,70.3636363636364
-32.7272727272727,12.4545454545455,70.4545454545455
-32.6363636363636,13.2727272727273,70.5454545454545
-32.3636363636364,20.5454545454545,69.6363636363636
-32.4545454545455,21.0909090909091,69.0909090909091
-32.3636363636364,22.1818181818182,69.2727272727273
-32.2727272727273,23.0909090909091,69
-32.3636363636364,23.8181818181818,68.6363636363636
-32.1818181818182,24.8181818181818,68.4545454545455
-32.0909090909091,25.2727272727273,68.3636363636364
-32.1818181818182,26.1818181818182,68
-31.4545454545455,31.5454545454545,66.1818181818182
-30.9090909090909,32.1818181818182,66
-31.3636363636364,32.6363636363636,65.8181818181818
-31.4545454545455,33.1818181818182,65.7272727272727
-31.5454545454545,33.7272727272727,65.3636363636364
-31.0909090909091,34.0909090909091,64.8181818181818
-31.1818181818182,34.6363636363636,65
-31.3636363636364,35.0909090909091,64.5454545454545
-30.6363636363636,39.1818181818182,62.2727272727273
-30.6363636363636,39.4545454545455,61.5454545454545
-30.4545454545455,40.0909090909091,61.7272727272727
-30.3636363636364,40.2727272727273,61.3636363636364
-30.3636363636364,40.8181818181818,61.2727272727273
-30.5454545454545,40.8181818181818,61
-30.5454545454545,41.5454545454545,60.8181818181818
-30.3636363636364,41.8181818181818,60.3636363636364
-29.8181818181818,44.6363636363636,58
-30.0909090909091,45,57.7272727272727
-29.5454545454545,45.0909090909091,57.7272727272727
-29.6363636363636,45.2727272727273,57.5454545454545
-29.7272727272727,45.6363636363636,57
-29.8181818181818,46,56.7272727272727
-29.7272727272727,46.2727272727273,56.4545454545455
-29.6363636363636,46.7272727272727,56.4545454545455
-29.2727272727273,48.5454545454545,53.7272727272727
-29.3636363636364,48.7272727272727,53.8181818181818
-29.3636363636364,48.6363636363636,53.6363636363636
-29.1818181818182,48.9090909090909,53.4545454545455
-29.1818181818182,49.1818181818182,53.3636363636364
-29.1818181818182,49.1818181818182,53
-28.9090909090909,49,53.0909090909091
-29.2727272727273,49.2727272727273,53.2727272727273
-29.5454545454545,49.7272727272727,52.1818181818182
-29.3636363636364,49.9090909090909,52.0909090909091
-29.3636363636364,49.9090909090909,51.8181818181818
-29.6363636363636,49.7272727272727,52.1818181818182
-29.4545454545455,49.9090909090909,52.2727272727273
-29.3636363636364,50.0909090909091,51.9090909090909
-29.2727272727273,49.9090909090909,52
-29.2727272727273,50,52.2727272727273
-29.4545454545455,48.5454545454545,53.6363636363636
-29.3636363636364,48.8181818181818,53.9090909090909
-29.1818181818182,48.3636363636364,54
-29.2727272727273,48.2727272727273,54.6363636363636
-29.4545454545455,48.1818181818182,54.8181818181818
-29.2727272727273,47.8181818181818,55.2727272727273
-29.4545454545455,47.0909090909091,55.3636363636364
-29.3636363636364,47.2727272727273,56
-30.1818181818182,43.0909090909091,59.3636363636364
-30.2727272727273,42.7272727272727,59.8181818181818
-30.5454545454545,42,60.0909090909091
-30.6363636363636,41.4545454545455,60.8181818181818
-30.5454545454545,40.5454545454545,61.3636363636364
-30.7272727272727,39.0909090909091,62.5454545454545
-30.9090909090909,38.3636363636364,62.9090909090909
-30.9090909090909,37.5454545454545,63.3636363636364
-31.7272727272727,30.0909090909091,66.8181818181818
-31.9090909090909,29.5454545454545,66.8181818181818
-32.0909090909091,28.9090909090909,67.5454545454545
-32,28.1818181818182,67.3636363636364
-32.1818181818182,27.2727272727273,67.8181818181818
-32.0909090909091,26.7272727272727,67.8181818181818
-32.1818181818182,26,68.1818181818182
-32.1818181818182,25.2727272727273,68.1818181818182
-31.6363636363636,18.0909090909091,70.6363636363636
-31.5454545454545,17.5454545454545,70.6363636363636
-31.4545454545455,17,70.5454545454545
-31.5454545454545,16.6363636363636,70.5454545454545
-31.2727272727273,16.1818181818182,70.8181818181818
-31.5454545454545,15.7272727272727,70.7272727272727
-31.5454545454545,15.3636363636364,70.9090909090909
-31.4545454545455,14.6363636363636,71
-30.7272727272727,10.0909090909091,71.6363636363636
-30.5454545454545,9.54545454545455,71.6363636363636
-30.7272727272727,9.36363636363637,71.7272727272727
-30.2727272727273,8.81818181818182,71.8181818181818
-30.3636363636364,8.72727272727273,71.7272727272727
-30.1818181818182,8.27272727272727,71.8181818181818
-30.4545454545455,8.09090909090909,71.6363636363636
-30.2727272727273,7.45454545454545,71.7272727272727
-30,2.18181818181818,71.5454545454545
-30.1818181818182,2,71.4545454545455
-30,1.45454545454545,71.5454545454545
-30.3636363636364,1.09090909090909,71.2727272727273
-30.1818181818182,0.545454545454546,71.0909090909091
-29.9090909090909,-0,71.0909090909091
-30.1818181818182,-0.363636363636364,70.8181818181818
-30.3636363636364,-0.727272727272727,70.8181818181818
-30.4545454545455,-5,69.9090909090909
-30.3636363636364,-5.45454545454545,69.6363636363636
-30.4545454545455,-5.72727272727273,69.5454545454545
-30.5454545454545,-6.27272727272727,69.3636363636364
-30.7272727272727,-6.63636363636364,69
-30.8181818181818,-7.18181818181818,69.0909090909091
-30.9090909090909,-7.54545454545455,69
-30.8181818181818,-8,68.7272727272727
-31.3636363636364,-11.3636363636364,67
-31.1818181818182,-11.9090909090909,67.1818181818182
-31.2727272727273,-12.1818181818182,66.7272727272727
-31.0909090909091,-13.0909090909091,66.4545454545455
-30.9090909090909,-13.4545454545455,66.5454545454545
-31.3636363636364,-13.7272727272727,66.0909090909091
-31.4545454545455,-14.2727272727273,66.0909090909091
-31.6363636363636,-14.1818181818182,66.0909090909091
-31.5454545454545,-16.2727272727273,64.7272727272727
-31.4545454545455,-16.7272727272727,64.2727272727273
-31.3636363636364,-17,64.6363636363636
-31.0909090909091,-17.2727272727273,64.5454545454545
-31.3636363636364,-18,64.2727272727273
-30.9090909090909,-18.3636363636364,64.0909090909091
-31,-18.6363636363636,64
-31.1818181818182,-18.9090909090909,63.8181818181818
-30.0909090909091,-21.9090909090909,62.2727272727273
-30,-22.2727272727273,62.0909090909091
-29.7272727272727,-22.1818181818182,62.3636363636364
-29.8181818181818,-22.7272727272727,61.6363636363636
-30,-22.7272727272727,61.7272727272727
-29.9090909090909,-22.8181818181818,61.7272727272727
-29.8181818181818,-22.9090909090909,61.6363636363636
-29.8181818181818,-23.3636363636364,61.2727272727273
-29.7272727272727,-24.7272727272727,60
-29.5454545454545,-25.1818181818182,59.8181818181818
-29.9090909090909,-25.0909090909091,59.8181818181818
-29.6363636363636,-25.0909090909091,59.6363636363636
-29.6363636363636,-25.4545454545455,59.5454545454545
-29.5454545454545,-25.5454545454545,59.2727272727273
-29.7272727272727,-25.9090909090909,59.5454545454545
-29.6363636363636,-26.0909090909091,59.0909090909091
-29.4545454545455,-25.7272727272727,59.6363636363636
-29.2727272727273,-25.4545454545455,59.7272727272727
-29.3636363636364,-25.4545454545455,59.6363636363636
-29.4545454545455,-25.6363636363636,59.9090909090909
-29.6363636363636,-25.1818181818182,59.8181818181818
-29.2727272727273,-24.9090909090909,60.0909090909091
-29.2727272727273,-25,60.3636363636364
-29.6363636363636,-24.7272727272727,60.2727272727273
-29.6363636363636,-22.9090909090909,61.5454545454545
-29.4545454545455,-22.6363636363636,62.0909090909091
-29.5454545454545,-21.9090909090909,62.4545454545455
-29.4545454545455,-21.7272727272727,62.3636363636364
-29.8181818181818,-21.2727272727273,62.8181818181818
-30,-20.8181818181818,63.0909090909091
-29.9090909090909,-20.4545454545455,63.4545454545455
-29.9090909090909,-19.9090909090909,63.6363636363636
-30.9090909090909,-15.1818181818182,65.7272727272727
-30.7272727272727,-14.7272727272727,66.0909090909091
-30.9090909090909,-14.2727272727273,66.0909090909091
-31,-13.3636363636364,66.6363636363636
-31,-13,66.7272727272727
-31.0909090909091,-12.4545454545455,66.9090909090909
-31.2727272727273,-12.0909090909091,67.1818181818182
-31.3636363636364,-11,67.3636363636364
-31.1818181818182,-6.36363636363636,69
-31.2727272727273,-5.36363636363636,69.1818181818182
-31.5454545454545,-5,69.4545454545455
-31.1818181818182,-4.36363636363636,69.6363636363636
-31.3636363636364,-3.63636363636364,69.7272727272727
-31.4545454545455,-2.81818181818182,69.9090909090909
-31.7272727272727,-2,70
-31.2727272727273,-1.36363636363636,70.2727272727273
-31.4545454545455,3.81818181818182,71.2727272727273
-31.2727272727273,4,71
-31.5454545454545,4.54545454545455,70.9090909090909
-31.6363636363636,5.27272727272727,70.8181818181818
-31.1818181818182,5.81818181818182,71
-31.5454545454545,6.27272727272727,71.0909090909091
-31.3636363636364,6.63636363636364,71.2727272727273
-31.4545454545455,7.09090909090909,71
-31.9090909090909,10.8181818181818,70.8181818181818
-31.9090909090909,11.0909090909091,71
-32,11.4545454545455,70.6363636363636
-31.9090909090909,11.6363636363636,70.6363636363636
-32.2727272727273,12,70.8181818181818
-32.4545454545455,12.0909090909091,71
-32.0909090909091,12.2727272727273,70.7272727272727
-32.0909090909091,13.0909090909091,70.9090909090909
-32.5454545454545,15,70.4545454545455
-32.5454545454545,15.5454545454545,70.1818181818182
-32.6363636363636,15.5454545454545,70.1818181818182
-32.7272727272727,15.9090909090909,70.0909090909091
-33,16.0909090909091,69.8181818181818
-33,16.6363636363636,69.9090909090909
-32.9090909090909,16.9090909090909,69.8181818181818
-32.9090909090909,17.1818181818182,69.7272727272727
-33.6363636363636,20.1818181818182,68.7272727272727
-33.6363636363636,20.3636363636364,68.6363636363636
-33.5454545454545,20.3636363636364,68.5454545454545
-33.8181818181818,20.7272727272727,68.7272727272727
-33.7272727272727,20.8181818181818,68.5454545454545
-33.3636363636364,21.0909090909091,68.3636363636364
-33.8181818181818,21.2727272727273,68.3636363636364
-33.6363636363636,21.1818181818182,68.2727272727273
-34,22.2727272727273,68.3636363636364
-33.7272727272727,22.0909090909091,68.2727272727273
-33.4545454545455,22.1818181818182,68.2727272727273
-33.9090909090909,22.3636363636364,68.1818181818182
-33.4545454545455,22.2727272727273,68.1818181818182
-33.4545454545455,22.3636363636364,68.3636363636364
-33.6363636363636,22.0909090909091,68.1818181818182
-33.4545454545455,22.2727272727273,68.4545454545455
-33.2727272727273,22.0909090909091,68.4545454545455
-33.1818181818182,22,68.5454545454545
-33.2727272727273,22.0909090909091,68.6363636363636
-33,21.7272727272727,68.9090909090909
-33,21.9090909090909,68.6363636363636
-32.9090909090909,21.5454545454545,68.7272727272727
-33.0909090909091,21.4545454545455,69.0909090909091
-33.0909090909091,21.6363636363636,68.6363636363636
-32.9090909090909,20.4545454545455,68.9090909090909
-33.1818181818182,20.5454545454545,69
-33,20.5454545454545,69.0909090909091
-33.1818181818182,20.3636363636364,69.1818181818182
-33.5454545454545,20.1818181818182,69.2727272727273
-33.2727272727273,20.0909090909091,69.2727272727273
-33.2727272727273,20,69.3636363636364
-33.1818181818182,19.8181818181818,69.0909090909091
-33.4545454545455,19.1818181818182,69.0909090909091
-33.5454545454545,19.1818181818182,69.2727272727273
-33.4545454545455,19.3636363636364,69
-33.7272727272727,19.2727272727273,69.1818181818182
-33.3636363636364,19.1818181818182,69.3636363636364
-33.2727272727273,19.0909090909091,69.0909090909091
-33.3636363636364,19.1818181818182,69.1818181818182
-33.3636363636364,19.3636363636364,69.2727272727273
-33.1818181818182,19.1818181818182,69.1818181818182
-33.3636363636364,19.2727272727273,69.1818181818182
-33.1818181818182,19.0909090909091,69.0909090909091
-33.5454545454545,19,69.0909090909091
-33.2727272727273,18.8181818181818,69.3636363636364
-33.2727272727273,19.1818181818182,69.1818181818182
-33.4545454545455,19.0909090909091,69.2727272727273
-33.3636363636364,18.9090909090909,69.2727272727273
-33.5454545454545,18.5454545454545,69.2727272727273
-33.3636363636364,18.3636363636364,69.4545454545455
-33.7272727272727,18.6363636363636,69.2727272727273
-33.5454545454545,18.4545454545455,69.4545454545455
-33.8181818181818,18.6363636363636,69.0909090909091
-33.5454545454545,18.5454545454545,69.0909090909091
-33.2727272727273,18.3636363636364,69.0909090909091
-33.6363636363636,18.7272727272727,68.9090909090909
-33.8181818181818,18.5454545454545,69.1818181818182
-33.6363636363636,18.3636363636364,69.1818181818182
-33.6363636363636,18.2727272727273,69.2727272727273
-33.9090909090909,18.3636363636364,69.1818181818182
-33.6363636363636,18.3636363636364,69.1818181818182
-33.5454545454545,18.5454545454545,69.4545454545455
-33.3636363636364,18.2727272727273,69.1818181818182
-33.6363636363636,18.2727272727273,69.2727272727273
-33.8181818181818,18,69
-33.8181818181818,17.8181818181818,68.9090909090909
-33.8181818181818,18,69.3636363636364
-33.8181818181818,18.0909090909091,69.1818181818182
-33.8181818181818,18,69
-34,17.8181818181818,69.1818181818182
-34,18.0909090909091,69.1818181818182
-33.9090909090909,17.7272727272727,68.7272727272727
-33.9090909090909,17.7272727272727,69
-34,17.5454545454545,69.0909090909091
-33.8181818181818,17.7272727272727,69.0909090909091
-34,17.7272727272727,69
-33.9090909090909,17.8181818181818,69.0909090909091
-34,17.5454545454545,69
-33.9090909090909,17.9090909090909,69
-34.0909090909091,17.7272727272727,69.1818181818182
-33.8181818181818,17.9090909090909,69.1818181818182
-34,17.5454545454545,69
-34,17.8181818181818,69.0909090909091
-33.6363636363636,17.7272727272727,69.0909090909091
-34,17.4545454545455,69
-34.0909090909091,17.9090909090909,69.1818181818182
-33.8181818181818,17.6363636363636,68.9090909090909
-34.0909090909091,17.5454545454545,69.1818181818182
-34.0909090909091,18,69.0909090909091
-33.8181818181818,17.4545454545455,69
-34.2727272727273,17.7272727272727,69.1818181818182
-34,17.4545454545455,69.0909090909091
-33.9090909090909,17.4545454545455,69.1818181818182
-34.0909090909091,17.6363636363636,68.9090909090909
-34.1818181818182,17.4545454545455,69.1818181818182
-34.1818181818182,17.5454545454545,69
-34.0909090909091,17.6363636363636,69
-34.0909090909091,17.6363636363636,69
-34,17.5454545454545,69
-34,17.5454545454545,69.1818181818182
-33.9090909090909,17.7272727272727,68.8181818181818
-34.0909090909091,17.5454545454545,69.0909090909091
-34.4545454545455,17.4545454545455,69.1818181818182
-34.1818181818182,17.6363636363636,68.8181818181818
-34.3636363636364,17.3636363636364,68.7272727272727
-34.7272727272727,17.3636363636364,68.8181818181818
-34.6363636363636,17.0909090909091,68.8181818181818
-34.4545454545455,17.2727272727273,68.7272727272727
-35,17,68.6363636363636
-34.9090909090909,17.0909090909091,68.6363636363636
-34.9090909090909,16.9090909090909,68.7272727272727
-35.0909090909091,16.5454545454545,68.5454545454545
-36.0909090909091,16.1818181818182,68
-36.3636363636364,16,67.8181818181818
-36.6363636363636,15.9090909090909,67.7272727272727
-36.8181818181818,15.8181818181818,67.5454545454545
-36.9090909090909,15.7272727272727,67.3636363636364
-37.0909090909091,15.8181818181818,67.2727272727273
-37.3636363636364,15.4545454545455,67.2727272727273
-37.4545454545455,15.3636363636364,67
-39.0909090909091,14.7272727272727,65.8181818181818
-39.5454545454545,14.8181818181818,65.5454545454545
-39.7272727272727,15.0909090909091,65.7272727272727
-39.5454545454545,14.9090909090909,65.4545454545455
-39.9090909090909,14.7272727272727,65.2727272727273
-40.3636363636364,14.5454545454545,64.9090909090909
-40.7272727272727,14.3636363636364,64.6363636363636
-41,14.4545454545455,64.6363636363636
