-0.36788,-17.079,6.5723
-0.56926,-18.388,6.3875
-0.74932,-19.21,6.2322
-0.92875,-19.877,6.1249
-1.0355,-20.645,5.9466
-1.1184,-21.446,5.7261
-1.1892,-22.236,5.4284
-1.2915,-23.013,5.1215
-1.677,-23.541,5.1319
-2.0597,-24.062,5.2079
-2.398,-24.584,5.2562
-2.7021,-25.089,5.3113
-3.0016,-25.657,5.3998
-3.2809,-26.227,5.4768
-3.5497,-26.787,5.5413
-3.8222,-27.372,5.5926
-4.0485,-27.974,5.6844
-4.2356,-28.604,5.737
-4.4142,-29.22,5.7757
-4.5742,-29.837,5.77
-4.7466,-30.459,5.7583
-4.9407,-31.097,5.7565
-5.1278,-31.715,5.7548
-5.3068,-32.293,5.768
-5.3411,-32.98,5.6111
-5.4459,-33.593,5.4944
-5.5781,-34.207,5.374
-5.738,-34.821,5.2606
-5.8857,-35.426,5.139
-6.0474,-35.985,5.0703
-6.2068,-36.47,5.0372
-6.3595,-36.965,5.0395
-6.5726,-37.16,5.0446
-6.7643,-37.319,5.0322
-6.9579,-37.475,5.0274
-7.1393,-37.587,5.0225
-7.3202,-37.663,5.0285
-7.4918,-37.73,5.0387
-7.6429,-37.753,5.0314
-7.7748,-37.751,5.0103
-7.8713,-37.554,5.0281
-7.9346,-37.367,5.0319
-8.0164,-37.205,5.073
-8.1073,-37.011,5.1537
-8.185,-36.789,5.2626
-8.2472,-36.572,5.3781
-8.3217,-36.384,5.5375
-8.3869,-36.197,5.696
-8.4677,-36.065,5.7675
-8.5761,-35.938,5.8684
-8.6861,-35.784,5.9567
-8.8036,-35.628,6.0498
-8.9171,-35.468,6.1322
-9.041,-35.301,6.2383
-9.1331,-35.146,6.3241
-9.2305,-34.985,6.4238
-9.3158,-34.838,6.5731
-9.3889,-34.687,6.7016
-9.4581,-34.528,6.8316
-9.5232,-34.377,6.9652
-9.585,-34.229,7.0843
-9.6516,-34.087,7.2134
-9.727,-33.944,7.3536
-9.7962,-33.791,7.4947
-9.8129,-33.598,7.5595
-9.8532,-33.394,7.6409
-9.8747,-33.187,7.6882
-9.9023,-32.978,7.7377
-9.9197,-32.754,7.7819
-9.966,-32.521,7.8349
-10.007,-32.292,7.8798
-10.023,-32.068,7.9089
-9.9546,-31.685,7.9766
-9.8853,-31.288,8.0455
-9.8185,-30.886,8.1156
-9.7499,-30.469,8.1842
-9.6824,-30.07,8.2599
-9.604,-29.646,8.323
-9.536,-29.218,8.395
-9.4517,-28.776,8.4545
-9.3953,-28.248,8.6523
-9.3093,-27.703,8.8174
-9.2402,-27.117,9.0142
-9.1602,-26.497,9.205
-9.0656,-25.878,9.3865
-8.9509,-25.253,9.5518
-8.8053,-24.611,9.6633
-8.6612,-23.963,9.7566
-8.4907,-23.071,9.6661
-8.3254,-22.16,9.5942
-8.1381,-21.25,9.5289
-7.9399,-20.324,9.4977
-7.7233,-19.385,9.4811
-7.5112,-18.437,9.5008
-7.294,-17.487,9.5345
-7.0475,-16.528,9.5885
-6.7813,-15.525,9.5847
-6.525,-14.538,9.5954
-6.2654,-13.557,9.6101
-6.0151,-12.55,9.6202
-5.777,-11.561,9.6208
-5.6249,-10.606,9.6758
-5.4958,-9.8008,9.7303
-5.416,-8.8916,9.7656
-5.3301,-7.9358,10.098
-5.2341,-6.9856,10.423
-5.1206,-6.0515,10.738
-4.9965,-5.1143,11.053
-4.8568,-4.1718,11.36
-4.7062,-3.2179,11.646
-4.5451,-2.2383,11.889
-4.3724,-1.2656,12.081
-4.3017,-0.2174,12.103
-4.2278,0.80625,12.133
-4.1644,1.8133,12.187
-4.0975,2.7868,12.271
-4.0227,3.7354,12.377
-3.9298,4.7498,12.514
-3.8088,5.7625,12.661
-3.6515,6.7729,12.836
-3.2286,7.8972,13.174
-2.7918,8.9959,13.512
-2.3563,10.083,13.846
-1.9459,11.18,14.146
-1.5622,12.259,14.394
-1.2211,13.335,14.571
-0.92915,14.384,14.686
-0.69334,15.418,14.748
-0.49093,16.365,15.047
-0.288,17.299,15.363
-0.056297,18.214,15.721
0.21312,19.152,16.12
0.53992,20.068,16.571
0.88713,21.001,17.022
1.2661,21.943,17.488
1.6649,22.896,17.932
1.8763,23.929,18.131
2.0654,24.942,18.335
2.2157,25.964,18.492
2.3655,26.987,18.638
2.47,28.028,18.727
2.5309,29.048,18.752
2.5344,30.06,18.702
2.5373,31.052,18.629
2.5915,32.106,18.348
2.6512,33.164,18.061
2.7349,34.199,17.786
2.8024,35.238,17.489
2.8887,36.26,17.207
2.9756,37.284,16.944
3.0593,38.285,16.69
3.1171,39.289,16.433
3.1808,40.231,16.156
3.2596,41.121,15.876
3.3567,41.954,15.596
3.4814,42.726,15.343
3.6262,43.454,15.106
3.8036,44.146,14.904
4.007,44.835,14.731
4.2253,45.527,14.569
4.3075,46.127,14.405
4.3641,46.667,14.231
4.3994,47.17,14.048
4.4122,47.62,13.878
4.3962,48.057,13.743
4.3419,48.468,13.621
4.2981,48.863,13.539
4.2378,49.22,13.472
4.0915,49.367,13.463
3.9452,49.504,13.43
3.8098,49.617,13.387
3.6823,49.711,13.322
3.5642,49.774,13.231
3.4478,49.82,13.106
3.3502,49.837,12.967
3.2307,49.807,12.78
3.0915,49.738,12.639
2.9496,49.687,12.5
2.8172,49.648,12.374
2.6716,49.61,12.244
2.5269,49.59,12.134
2.3576,49.566,12.02
2.2051,49.546,11.928
2.0332,49.515,11.824
1.8241,49.477,11.622
1.6293,49.426,11.41
1.426,49.38,11.158
1.254,49.332,10.907
1.0987,49.295,10.654
0.9576,49.231,10.396
0.84096,49.169,10.165
0.74053,49.116,9.9606
0.64763,49.157,9.8613
0.56623,49.196,9.7615
0.47702,49.215,9.6438
0.40099,49.216,9.5351
0.32763,49.203,9.4258
0.24038,49.171,9.3063
0.15904,49.144,9.1992
0.056343,49.116,9.0735
-0.042175,49.106,8.9791
-0.13578,49.1,8.8796
-0.22869,49.085,8.7675
-0.32807,49.063,8.6417
-0.41523,49.042,8.5225
-0.50134,49.023,8.4108
-0.58704,49.014,8.3028
-0.66072,48.998,8.2228
-0.78779,48.926,8.0294
-0.91265,48.866,7.8264
-1.0244,48.78,7.6402
-1.1247,48.689,7.472
-1.2488,48.576,7.2805
-1.3594,48.449,7.091
-1.4699,48.306,6.8983
-1.5959,48.136,6.69
-1.7282,47.792,6.6013
-1.8418,47.458,6.5332
-1.948,47.103,6.473
-2.0682,46.736,6.3934
-2.1821,46.342,6.3185
-2.2687,45.966,6.2767
-2.3496,45.58,6.2432
-2.4362,45.177,6.1957
-2.4446,44.546,6.1004
-2.4779,43.901,5.9843
-2.5224,43.256,5.8621
-2.5821,42.594,5.736
-2.6509,41.917,5.6154
-2.738,41.234,5.4884
-2.8255,40.547,5.3771
-2.9145,39.856,5.2789
-2.8533,38.971,5.2557
-2.7987,38.075,5.2123
-2.7029,37.171,5.2003
-2.6201,36.253,5.1656
-2.5152,35.334,5.1535
-2.4005,34.393,5.1528
-2.2803,33.453,5.1649
-2.1635,32.504,5.1967
-2.1324,31.533,5.279
-2.1038,30.543,5.3543
-2.0785,29.535,5.4059
-2.0463,28.498,5.4374
-1.9977,27.441,5.4756
-1.9388,26.376,5.5037
-1.8946,25.289,5.5195
-1.8759,24.198,5.5304
-1.9912,23.27,5.5993
-2.1213,22.371,5.6625
-2.2719,21.479,5.6907
-2.4327,20.576,5.7013
-2.5911,19.627,5.6748
-2.7503,18.657,5.6279
-2.9053,17.663,5.5865
-3.0427,16.659,5.5652
-2.9915,15.719,5.3559
-2.9098,14.762,5.1391
-2.8039,13.795,4.9331
-2.6858,12.825,4.7405
-2.5658,11.839,4.5719
-2.4552,10.853,4.4198
-2.3503,9.8592,4.2919
-2.2432,8.8889,4.2267
-2.1987,7.8828,4.0458
-2.1739,6.8878,3.844
-2.1335,5.8887,3.6167
-2.0869,4.8977,3.3904
-2.0365,3.9109,3.1473
-1.975,2.928,2.9072
-1.9162,1.9294,2.6707
-1.8502,0.90059,2.4561
-1.7322,-0.058427,2.3322
-1.6118,-0.98511,2.1754
-1.4976,-1.887,1.9914
-1.3942,-2.7804,1.7777
-1.2974,-3.635,1.5672
-1.1954,-4.4676,1.3648
-1.0874,-5.2762,1.1768
-0.984,-6.0662,1.002
-0.9309,-6.5218,0.71277
-0.86001,-6.9676,0.39564
-0.76934,-7.3972,0.06115
-0.67059,-7.8238,-0.28702
-0.55751,-8.2354,-0.64371
-0.4265,-8.6451,-0.97703
-0.27898,-9.0509,-1.2792
-0.12179,-9.4549,-1.5332
-0.033496,-9.6642,-1.7755
0.028701,-9.8509,-1.9885
0.084241,-10.004,-2.1545
0.12656,-10.129,-2.3028
0.17162,-10.224,-2.4145
0.19665,-10.303,-2.4934
0.19579,-10.353,-2.5469
0.17496,-10.349,-2.5768
0.089996,-10.257,-2.5402
0.011124,-10.178,-2.5108
-0.064059,-10.1,-2.4749
-0.13491,-10.036,-2.4305
-0.20516,-9.9849,-2.3917
-0.2767,-9.9262,-2.3263
-0.34569,-9.8793,-2.2573
-0.42044,-9.8366,-2.1636
-0.46492,-9.78,-1.9564
-0.5122,-9.7184,-1.7481
-0.55669,-9.6484,-1.5508
-0.61041,-9.58,-1.3405
-0.66961,-9.4961,-1.1339
-0.72832,-9.4063,-0.92453
-0.78514,-9.3041,-0.70828
-0.84378,-9.1838,-0.48814
-0.95021,-8.9892,-0.38024
-1.0467,-8.8189,-0.26097
-1.1359,-8.6555,-0.13394
-1.2168,-8.4848,0.0056866
-1.2848,-8.3261,0.13121
-1.3524,-8.1698,0.26294
-1.4238,-8.0424,0.39489
-1.4995,-7.9054,0.51547
-1.5595,-7.7923,0.62926
-1.6112,-7.6802,0.74233
-1.6514,-7.5719,0.84362
-1.7115,-7.4683,0.93587
-1.7495,-7.3814,1.0265
-1.7848,-7.2971,1.1003
-1.8243,-7.1997,1.1647
-1.8588,-7.1047,1.2224
-1.8664,-7.049,1.3161
-1.873,-6.9951,1.4029
-1.8854,-6.9519,1.4879
-1.9072,-6.8959,1.5745
-1.9485,-6.8279,1.6754
-1.9981,-6.7579,1.7759
-2.0584,-6.6869,1.8791
-2.1291,-6.6105,1.9916
-2.1648,-6.542,2.0319
-2.203,-6.4955,2.0675
-2.244,-6.4426,2.0983
-2.2841,-6.398,2.1391
-2.3231,-6.3545,2.1962
-2.3559,-6.2939,2.2492
-2.3812,-6.2052,2.306
-2.3937,-6.1013,2.3679
-2.4136,-6.0091,2.4293
-2.4363,-5.9188,2.4871
-2.4666,-5.8392,2.5371
-2.4977,-5.7728,2.5913
-2.5361,-5.7227,2.6481
-2.581,-5.6731,2.6921
-2.6306,-5.6298,2.7524
-2.6617,-5.5977,2.8218
-2.6933,-5.5747,2.9117
-2.7267,-5.557,3.0137
-2.7583,-5.5415,3.1013
-2.7994,-5.5268,3.1871
-2.8464,-5.5145,3.2592
-2.8922,-5.4922,3.3314
-2.9228,-5.4742,3.4073
-2.9385,-5.4704,3.4985
-2.9121,-5.4843,3.535
-2.8912,-5.4983,3.5689
-2.877,-5.5068,3.6006
-2.8663,-5.5143,3.6372
-2.8537,-5.5246,3.683
-2.8446,-5.5306,3.7458
-2.8488,-5.5333,3.8178
-2.8696,-5.5269,3.9014
-2.9205,-5.5066,4.0277
-2.9628,-5.4932,4.1456
-3.0051,-5.481,4.2615
-3.0483,-5.4673,4.3737
-3.0883,-5.4549,4.4788
-3.126,-5.4405,4.5777
-3.1661,-5.4193,4.6761
-3.2082,-5.3954,4.7715
-3.2775,-5.3172,4.8395
-3.3475,-5.252,4.9061
-3.421,-5.1833,4.9693
-3.4865,-5.1123,5.0295
-3.556,-5.0139,5.1002
-3.6426,-4.9133,5.1755
-3.7365,-4.7976,5.2341
-3.8222,-4.6857,5.3056
-3.9749,-4.619,5.4161
-4.1394,-4.5517,5.5461
-4.3054,-4.4873,5.6842
-4.4748,-4.4077,5.8287
-4.6459,-4.3414,5.9907
-4.8222,-4.2542,6.1536
-4.992,-4.1826,6.3246
-5.1628,-4.1011,6.4861
-5.2998,-4.0235,6.5527
-5.4362,-3.9415,6.6021
-5.5751,-3.8505,6.6401
-5.7232,-3.7586,6.6852
-5.8724,-3.6578,6.7227
-6.0177,-3.5583,6.7563
-6.1698,-3.4656,6.793
-6.3273,-3.3677,6.8334
-6.4297,-3.3057,6.8238
-6.5328,-3.2512,6.7994
-6.6319,-3.1916,6.7717
-6.7174,-3.142,6.7443
-6.7857,-3.0951,6.7182
-6.8397,-3.0578,6.6959
-6.8779,-3.0209,6.6636
-6.9145,-2.9929,6.6284
-6.9378,-2.9674,6.6769
-6.9668,-2.9459,6.7251
-7.0041,-2.921,6.7561
-7.0514,-2.8984,6.7825
-7.1011,-2.877,6.8257
-7.1483,-2.8444,6.8794
-7.1929,-2.8119,6.9495
-7.2337,-2.7935,7.0383
-7.329,-2.7414,7.1834
-7.4479,-2.6909,7.3384
-7.5777,-2.6547,7.5046
-7.7243,-2.6074,7.6617
-7.8913,-2.5524,7.7944
-8.0935,-2.4952,7.8977
-8.3397,-2.424,7.9499
-8.6286,-2.3273,7.9532
-9.2433,-2.0827,7.8904
-9.8516,-1.831,7.8352
-10.445,-1.5758,7.7825
-11.025,-1.3225,7.7315
-11.591,-1.0578,7.6717
-12.146,-0.7819,7.6231
-12.69,-0.49015,7.6013
-13.215,-0.19325,7.6009
-13.748,0.08251,7.6419
-14.281,0.34516,7.6821
-14.826,0.59264,7.7081
-15.38,0.83014,7.7164
-15.939,1.054,7.6943
-16.502,1.2703,7.639
-17.062,1.4754,7.5567
-17.633,1.6981,7.4338
-18.182,1.9906,7.2173
-18.705,2.273,6.9913
-19.221,2.5668,6.7712
-19.738,2.8773,6.5539
-20.239,3.1846,6.339
-20.735,3.5078,6.1163
-21.227,3.8185,5.909
-21.716,4.1434,5.7368
-22.247,4.3781,5.7108
-22.771,4.589,5.6718
-23.28,4.792,5.6354
-23.767,4.9809,5.5959
-24.228,5.1521,5.5312
-24.668,5.3178,5.4258
-25.086,5.4797,5.2978
-25.49,5.6506,5.1508
-25.887,5.865,4.9306
-26.283,6.0987,4.7464
-26.687,6.3349,4.5808
-27.096,6.5745,4.4441
-27.5,6.8004,4.3408
-27.9,7.024,4.2522
-28.297,7.2558,4.1863
-28.672,7.4517,4.1571
-29.018,7.5306,4.0719
-29.331,7.6016,3.9921
-29.634,7.6669,3.9042
-29.925,7.738,3.8158
-30.179,7.8864,3.8101
-30.46,7.9785,3.705
-30.71,8.0629,3.5995
-30.97,8.1253,3.4993
-31.281,8.1886,3.4349
-31.597,8.2467,3.3969
-31.913,8.2982,3.3852
-32.234,8.3403,3.3777
-32.565,8.3826,3.3765
-32.896,8.418,3.3876
-33.226,8.4484,3.4115
-33.547,8.4703,3.4506
-33.884,8.5468,3.344
-34.216,8.6374,3.2511
-34.553,8.7267,3.162
-34.889,8.8377,3.0882
-35.226,8.9699,3.025
-35.57,9.1047,2.9666
-35.907,9.239,2.9163
-36.254,9.3661,2.8764
-36.647,9.4067,2.8701
-37.026,9.4572,2.857
-37.388,9.5296,2.8415
-37.726,9.6082,2.8235
-38.048,9.6922,2.7855
-38.357,9.798,2.7395
-38.661,9.894,2.6837
-38.969,9.9899,2.6162
-39.25,10.03,2.6197
-39.532,10.073,2.6371
-39.826,10.118,2.6604
-40.123,10.172,2.6926
-40.417,10.229,2.7325
-40.701,10.302,2.7707
-40.98,10.37,2.8116
-41.247,10.443,2.8601
-41.405,10.453,2.8444
-41.57,10.454,2.8231
-41.725,10.452,2.8109
-41.865,10.441,2.8157
-41.986,10.433,2.8572
-42.092,10.412,2.9113
-42.177,10.401,2.9824
-42.253,10.383,3.0572
-42.234,10.416,3.1051
-42.209,10.442,3.1512
-42.183,10.471,3.1851
-42.142,10.484,3.2245
-42.097,10.496,3.2734
-42.046,10.497,3.3352
-41.989,10.484,3.4058
-41.926,10.485,3.4838
-41.845,10.474,3.4763
-41.74,10.448,3.4764
-41.623,10.418,3.478
-41.487,10.389,3.4804
-41.331,10.353,3.473
-41.151,10.306,3.467
-40.936,10.261,3.4589
-40.724,10.211,3.4377
-40.303,10.18,3.4217
-39.853,10.143,3.4173
-39.381,10.093,3.416
-38.882,10.047,3.4199
-38.371,10.003,3.3961
-37.823,9.9695,3.3743
-37.251,9.9522,3.3372
-36.645,9.9462,3.2943
-35.88,9.92,3.4368
-35.096,9.8547,3.6145
-34.301,9.7843,3.8149
-33.476,9.6758,4.0516
-32.647,9.5601,4.2887
-31.788,9.4361,4.5779
-30.908,9.2981,4.8867
-30.012,9.1399,5.2173
-29.424,8.9566,5.3681
-28.833,8.7618,5.5209
-28.249,8.5768,5.6394
-27.66,8.3829,5.7184
-27.06,8.2286,5.7762
-26.43,8.0665,5.7847
-25.778,7.9261,5.7498
-25.088,7.8038,5.6705
-24.043,7.7356,5.6718
-22.98,7.6562,5.6877
-21.883,7.5379,5.7417
-20.783,7.4751,5.8141
-19.67,7.305,5.9816
-18.495,7.0688,6.2161
-17.327,6.8285,6.4655
-16.135,6.5522,6.7311
-14.993,6.1903,7.1253
-13.858,5.8331,7.5361
-12.728,5.4605,7.9513
-11.59,5.078,8.3735
-10.45,4.6941,8.7747
-9.3083,4.3068,9.161
-8.163,3.9397,9.5252
-7.0112,3.5985,9.8646
-5.6517,3.3804,10.084
-4.2819,3.1688,10.245
-2.9137,2.9604,10.369
-1.5715,2.7682,10.43
-0.21032,2.5828,10.45
1.1598,2.4014,10.441
2.5481,2.2274,10.437
3.9493,2.0536,10.447
5.4012,1.8735,10.436
6.8292,1.6522,10.444
8.2062,1.3627,10.465
9.5326,0.97237,10.53
10.8,0.50261,10.625
12.032,-0.0056262,10.758
13.242,-0.50429,10.898
14.45,-0.99263,11.067
15.627,-1.4772,11.023
16.779,-1.9674,10.909
17.914,-2.422,10.737
19.045,-2.8786,10.55
20.182,-3.3199,10.406
21.333,-3.7373,10.284
22.491,-4.1332,10.207
23.659,-4.5461,10.139
24.645,-4.8102,9.9257
25.602,-5.0372,9.6724
26.512,-5.2211,9.3892
27.383,-5.3884,9.1112
28.232,-5.5924,8.8541
29.074,-5.7832,8.6254
29.915,-5.953,8.4288
30.776,-6.1131,8.2693
31.529,-6.1937,7.8441
32.258,-6.2723,7.4543
32.976,-6.3527,7.0846
33.683,-6.416,6.7706
34.383,-6.4683,6.4697
35.044,-6.513,6.1993
35.675,-6.5529,5.9041
36.275,-6.59,5.5748
36.753,-6.6881,5.1528
37.221,-6.7738,4.7506
37.683,-6.8508,4.3626
38.152,-6.9415,4.0032
38.627,-7.0421,3.6841
39.107,-7.1512,3.4147
39.591,-7.2795,3.2306
40.101,-7.43,3.0871
40.388,-7.5439,3.0197
40.652,-7.6289,2.961
40.893,-7.6873,2.918
41.112,-7.7155,2.8952
41.309,-7.7435,2.8988
41.493,-7.754,2.8905
41.679,-7.7613,2.8699
41.872,-7.7694,2.8596
42.035,-7.7465,2.8204
42.183,-7.7186,2.8004
42.328,-7.6959,2.7858
42.466,-7.68,2.7768
42.592,-7.6564,2.7675
42.71,-7.6507,2.7534
42.831,-7.6628,2.756
42.971,-7.6861,2.7789
43.118,-7.7331,2.6655
43.24,-7.786,2.5645
43.342,-7.8248,2.4894
43.416,-7.8471,2.4399
43.482,-7.8601,2.395
43.534,-7.856,2.3556
43.566,-7.8349,2.3067
43.58,-7.8098,2.2668
43.526,-7.7634,2.3344
43.492,-7.7238,2.3869
43.478,-7.6808,2.4166
43.472,-7.6414,2.4186
43.466,-7.6024,2.4113
43.454,-7.5662,2.3793
43.431,-7.5219,2.3394
43.393,-7.4799,2.2917
43.22,-7.385,2.2754
43.045,-7.2816,2.2729
42.871,-7.1665,2.3031
42.706,-7.0379,2.3506
42.542,-6.9075,2.4009
42.376,-6.7781,2.4457
42.207,-6.6481,2.4528
42.025,-6.5234,2.4466
41.701,-6.3356,2.4458
41.356,-6.1378,2.438
40.982,-5.94,2.433
40.592,-5.7277,2.43
40.188,-5.5131,2.4508
39.79,-5.2897,2.4854
39.406,-5.0724,2.5406
39.039,-4.8421,2.6354
38.665,-4.5776,2.7172
38.289,-4.3202,2.8193
37.915,-4.0509,2.9247
37.525,-3.7743,3.0247
37.119,-3.5005,3.1034
36.677,-3.2262,3.1921
36.206,-2.9694,3.2507
35.695,-2.7033,3.2616
34.937,-2.3728,3.5083
34.181,-2.0438,3.7572
33.44,-1.7347,4.0137
32.712,-1.4385,4.2955
32.009,-1.1642,4.5875
31.335,-0.90383,4.8946
30.674,-0.66293,5.2131
30.033,-0.41969,5.5219
29.253,-0.21572,5.5998
28.432,0.03288,5.704
27.581,0.30349,5.8047
26.719,0.56731,5.9364
25.845,0.81872,6.0997
24.963,1.0728,6.2868
24.068,1.3426,6.4529
23.162,1.6276,6.5882
22.368,1.9846,6.5125
21.585,2.3231,6.382
20.809,2.6404,6.2107
20.024,2.9609,5.9891
19.224,3.2593,5.7059
18.409,3.5705,5.4101
17.577,3.8872,5.1106
16.743,4.189,4.8705
15.717,4.3966,4.9652
14.693,4.5789,5.0467
13.676,4.7396,5.1289
12.667,4.8884,5.1956
11.669,5.019,5.2515
10.677,5.1264,5.2969
9.6954,5.2104,5.3221
8.7162,5.2835,5.3306
7.6036,5.3177,5.0277
6.4542,5.3502,4.6952
5.2836,5.3848,4.3618
4.0928,5.4561,4.0566
2.9135,5.5462,3.8794
1.7544,5.6508,3.873
0.61129,5.7591,4.0245
-0.51262,5.8836,4.2294
-1.5595,6.0166,4.2699
-2.5906,6.1656,4.2942
-3.6032,6.3013,4.3106
-4.6158,6.459,4.3189
-5.628,6.6109,4.3122
-6.6455,6.7872,4.3097
-7.6681,6.9492,4.3166
-8.6996,7.1288,4.3514
-9.6371,7.3465,4.4667
-10.542,7.5498,4.5576
-11.408,7.7451,4.653
-12.237,7.9493,4.7273
-13.057,8.1357,4.774
-13.856,8.323,4.7848
-14.646,8.5202,4.7411
-15.447,8.7149,4.6549
-16.271,8.8995,4.8292
-17.087,9.0806,5.0532
-17.908,9.267,5.3188
-18.717,9.4183,5.646
-19.507,9.5442,6.0384
-20.278,9.6426,6.4474
-21.045,9.7243,6.8531
-21.8,9.7913,7.2626
-22.39,9.9959,7.4366
-22.989,10.094,7.5794
-23.611,10.16,7.6914
-24.279,10.259,7.7326
-24.964,10.377,7.7149
-25.679,10.52,7.6923
-26.406,10.639,7.7221
-27.153,10.735,7.8125
-27.716,10.71,7.9921
-28.285,10.71,8.1328
-28.842,10.7,8.2507
-29.404,10.708,8.365
-29.962,10.721,8.4951
-30.495,10.743,8.6772
-31.053,10.779,8.8996
-31.589,10.808,9.1743
-31.948,10.761,9.217
-32.286,10.708,9.2425
-32.601,10.664,9.2414
-32.914,10.626,9.2076
-33.199,10.587,9.1858
-33.477,10.548,9.1502
-33.752,10.506,9.1149
-34.009,10.456,9.0868
-34.095,10.403,9.0845
-34.157,10.362,9.0815
-34.201,10.333,9.0458
-34.233,10.309,9.0212
-34.255,10.286,8.9967
-34.265,10.266,8.9514
-34.256,10.239,8.8862
-34.231,10.226,8.8182
-34.149,10.219,8.7184
-34.066,10.207,8.6013
-33.987,10.178,8.4953
-33.924,10.132,8.3879
-33.877,10.086,8.2717
-33.815,10.044,8.174
-33.743,10.062,8.097
-33.667,10.017,8.0061
-33.492,10.009,7.8007
-33.303,9.9899,7.5844
-33.102,9.9826,7.3696
-32.874,9.9796,7.1803
-32.616,9.9836,7.0376
-32.338,10,6.932
-32.029,10.013,6.8848
-31.708,10.025,6.862
-31.426,9.9672,6.8892
-31.144,9.9007,6.9136
-30.866,9.8264,6.9253
-30.598,9.7494,6.9037
-30.323,9.664,6.8751
-30.038,9.5765,6.8267
-29.722,9.4922,6.769
-29.378,9.4159,6.6749
-28.609,9.4145,6.6061
-27.864,9.422,6.5011
-27.127,9.4261,6.3873
-26.413,9.4104,6.2708
-25.739,9.3787,6.1531
-25.102,9.3255,6.0375
-24.489,9.2469,5.9289
-23.891,9.1466,5.8283
-22.86,8.9223,6.0947
-21.774,8.6958,6.3348
-20.625,8.4673,6.5651
-19.472,8.2269,6.775
-18.274,7.9754,6.9515
-17.043,7.7301,7.0917
-15.793,7.4732,7.1566
-14.531,7.2007,7.1605
-13.379,6.9999,7.281
-12.272,6.8172,7.4277
-11.224,6.6396,7.5751
-10.231,6.4597,7.7018
-9.2919,6.2564,7.8087
-8.399,6.0292,7.8746
-7.5378,5.759,7.8883
-6.7184,5.4778,7.8597
-5.8359,5.2236,7.9994
-4.9439,4.9734,8.1193
-4.0193,4.7222,8.2489
-3.0702,4.4717,8.3996
-2.0991,4.2151,8.5789
-1.1212,3.9686,8.7665
-0.14558,3.7267,8.9566
0.83259,3.4964,9.1494
1.6478,3.2702,9.1495
2.4365,3.0473,9.1437
3.2117,2.8329,9.1204
3.9679,2.6171,9.0652
4.7186,2.4022,8.9937
5.4523,2.1892,8.8912
6.1987,1.9633,8.768
6.9424,1.7541,8.6086
7.8105,1.6402,8.4343
8.6878,1.5479,8.2395
9.5819,1.4648,8.0378
10.497,1.4089,7.8246
11.439,1.4088,7.6177
12.41,1.4036,7.3882
13.396,1.4015,7.1604
14.395,1.4056,6.9295
15.651,1.4819,6.8814
16.922,1.5752,6.8197
18.219,1.6164,6.7283
19.536,1.6264,6.599
20.872,1.6497,6.4625
22.228,1.648,6.3123
23.603,1.5806,6.185
24.997,1.4971,6.0919
26.203,1.3355,5.8978
27.399,1.1655,5.6885
28.573,1.004,5.4553
29.721,0.8305,5.1762
30.833,0.65031,4.8765
31.912,0.45591,4.5713
32.968,0.24156,4.2656
33.991,0.019865,3.9698
34.673,-0.30172,3.5869
35.349,-0.61818,3.2394
36.027,-0.92344,2.9333
36.718,-1.2122,2.6499
37.416,-1.4975,2.4023
38.12,-1.8059,2.1614
38.82,-2.1261,1.9164
39.518,-2.4432,1.6724
40.118,-2.6939,1.2757
40.698,-2.9401,0.92833
41.26,-3.1678,0.61578
41.804,-3.4061,0.35576
42.346,-3.6484,0.15142
42.894,-3.8903,-0.0045456
43.459,-4.1519,-0.15167
44.02,-4.4378,-0.26037
44.606,-4.6438,-0.33985
45.171,-4.853,-0.48341
45.721,-5.0491,-0.69016
46.258,-5.2512,-0.93174
46.79,-5.4344,-1.2039
47.31,-5.5979,-1.4867
47.819,-5.7458,-1.7618
48.319,-5.8902,-2.0089
48.572,-6.023,-2.1078
48.818,-6.1341,-2.2047
49.047,-6.2204,-2.2778
49.255,-6.3051,-2.3384
49.448,-6.3688,-2.4001
49.617,-6.4301,-2.4556
49.772,-6.4781,-2.4813
49.901,-6.516,-2.4234
49.964,-6.3442,-2.3214
50.004,-6.1615,-2.2235
50.021,-5.966,-2.1589
50.014,-5.7582,-2.1224
49.993,-5.5545,-2.1018
49.963,-5.3567,-2.0848
49.933,-5.1695,-2.0573
49.889,-5.0266,-2.0292
49.821,-4.911,-2.013
49.76,-4.793,-2.0179
49.71,-4.6728,-2.0088
49.669,-4.5369,-1.9656
49.653,-4.3995,-1.888
49.655,-4.2699,-1.8071
49.661,-4.1491,-1.7279
49.659,-4.0334,-1.6795
49.546,-4.0125,-1.5984
49.423,-3.9925,-1.5029
49.294,-4.0064,-1.4071
49.156,-4.0207,-1.3008
49.011,-3.9955,-1.2024
48.854,-3.9745,-1.1286
48.683,-3.9822,-1.0698
48.499,-3.9672,-1.0157
48.252,-3.8745,-0.93876
47.998,-3.7405,-0.8395
47.734,-3.6015,-0.72708
47.442,-3.4701,-0.59362
47.134,-3.3256,-0.43422
46.816,-3.1653,-0.23208
46.486,-3.0128,-0.017259
46.148,-2.8406,0.19876
45.756,-2.5988,0.33143
45.354,-2.3554,0.44799
44.942,-2.1295,0.54967
44.529,-1.8971,0.65163
44.122,-1.6691,0.74733
43.725,-1.4296,0.85624
43.34,-1.2029,0.99449
42.958,-0.97095,1.1513
42.46,-0.70483,1.2814
41.953,-0.43731,1.4097
41.428,-0.15899,1.5041
40.875,0.11449,1.5574
40.287,0.39483,1.5628
39.668,0.68503,1.583
39.022,0.98544,1.6329
38.353,1.288,1.6991
37.52,1.5164,1.9365
36.681,1.6865,2.1747
35.845,1.847,2.4113
35.014,2.0373,2.6852
34.183,2.2141,2.9638
33.346,2.3309,3.2587
32.497,2.4202,3.5555
31.635,2.5073,3.839
30.602,2.4774,3.8992
29.578,2.4667,3.9599
28.563,2.4757,4.0173
27.557,2.4927,4.0822
26.556,2.5251,4.1267
25.571,2.5585,4.1416
24.594,2.5866,4.1518
23.627,2.6328,4.1334
22.858,2.7832,4.0452
22.11,2.9296,3.9169
21.377,3.0776,3.7542
20.662,3.2207,3.5738
19.961,3.3701,3.3884
19.26,3.5144,3.1939
18.55,3.653,2.9747
17.836,3.8042,2.7459
17.142,3.9766,2.7536
16.495,4.1691,2.8528
15.871,4.3889,2.9872
15.283,4.6009,3.1241
14.727,4.811,3.2356
14.207,5.0179,3.3076
13.724,5.2243,3.3601
13.285,5.4262,3.3933
12.728,5.6698,3.1997
12.167,5.8927,3.0288
11.578,6.0982,2.8676
10.962,6.3043,2.723
10.34,6.4822,2.6273
9.7149,6.674,2.5581
9.0993,6.8575,2.5407
8.4978,7.0315,2.5637
7.8895,7.1559,2.6176
7.2766,7.2628,2.6891
6.6308,7.3935,2.7521
5.9635,7.5075,2.8197
5.2773,7.6444,2.8772
4.5687,7.7752,2.9344
3.8536,7.8953,3.005
3.1246,8.0507,3.103
2.5387,8.2127,3.1488
1.9556,8.3812,3.1582
1.3841,8.5552,3.1424
0.83163,8.7164,3.1184
0.28502,8.8971,3.0831
-0.24694,9.0737,3.0464
-0.78653,9.2873,2.9968
-1.3205,9.4879,2.9321
-1.8543,9.7552,2.8327
-2.3667,10.023,2.7636
-2.8654,10.29,2.7083
-3.3442,10.573,2.6614
-3.807,10.814,2.6086
-4.2587,11.036,2.5585
-4.7021,11.249,2.4992
-5.1362,11.443,2.4403
-5.3311,11.454,2.5267
-5.4951,11.433,2.6514
-5.6387,11.398,2.8195
-5.7377,11.335,3.0334
-5.8052,11.269,3.2587
-5.833,11.174,3.4899
-5.8149,11.069,3.7169
-5.7453,10.948,3.9427
-5.4419,10.873,3.9727
-5.1381,10.795,4.0198
-4.84,10.72,4.0909
-4.5558,10.643,4.163
-4.2834,10.566,4.2374
-4.0315,10.507,4.322
-3.7809,10.442,4.4121
-3.5422,10.392,4.512
-3.1411,10.271,4.6878
-2.7094,10.14,4.8284
-2.2489,10.001,4.9358
-1.7385,9.8572,5.0325
-1.1856,9.7107,5.1231
-0.6015,9.571,5.2112
-0.003409,9.4413,5.2831
0.59848,9.3166,5.3425
0.97618,9.1962,5.3715
1.3204,9.0561,5.4437
1.6463,8.8897,5.533
1.9388,8.7106,5.6609
2.1865,8.524,5.8058
2.4005,8.3226,5.978
2.5828,8.1148,6.1734
2.7312,7.9249,6.385
2.7153,7.8118,6.4656
2.6898,7.7378,6.5367
2.6612,7.6855,6.609
2.6377,7.6537,6.6666
2.6176,7.625,6.6864
2.6064,7.6237,6.6741
2.6138,7.6348,6.6501
2.64,7.6505,6.6255
2.7355,7.7078,6.6122
2.8142,7.7615,6.5892
2.8937,7.7965,6.5559
2.9552,7.8213,6.5117
3.0073,7.843,6.4712
3.0372,7.8478,6.4398
3.0512,7.8432,6.4204
3.0563,7.8361,6.4141
3.0544,7.8086,6.4655
3.0466,7.7817,6.5057
3.0358,7.7609,6.544
3.0287,7.7387,6.5698
3.0168,7.7427,6.5743
3.0117,7.7422,6.5774
3.0097,7.7533,6.5721
3.0164,7.7788,6.5523
3.0343,7.7939,6.598
3.0443,7.8077,6.6515
3.0527,7.8208,6.7087
3.0629,7.8227,6.7818
3.0741,7.8266,6.8614
3.0848,7.8145,6.9347
3.1018,7.79,7.0074
3.1156,7.7776,7.061
3.1867,7.7743,7.2045
3.2639,7.7892,7.38
3.3402,7.8029,7.5871
3.4402,7.8273,7.8474
3.547,7.856,8.1626
3.6643,7.8734,8.5271
3.7909,7.8956,8.9433
3.9336,7.9163,9.4346
3.9746,7.963,9.9588
3.977,8.0046,10.413
3.9424,8.0332,10.814
3.8771,8.0696,11.203
3.8116,8.1156,11.615
3.7499,8.1505,12.09
3.7022,8.205,12.672
3.6651,8.2778,13.331
3.5445,8.4373,13.981
3.3691,8.5854,14.568
3.107,8.7507,15.105
2.7777,8.9041,15.657
2.3895,9.053,16.306
1.9466,9.1969,17.081
1.4525,9.3247,17.956
0.92539,9.4262,18.912
0.55199,9.3699,20.037
0.20557,9.34,21.123
-0.10174,9.3178,22.221
-0.38803,9.3454,23.335
-0.62087,9.4138,24.48
-0.8111,9.5238,25.686
-0.95918,9.6688,26.954
-1.0725,9.8144,28.308
-1.1691,10.047,29.671
-1.2646,10.217,31.063
-1.3754,10.332,32.494
-1.5063,10.416,33.971
-1.6459,10.478,35.486
-1.7875,10.511,37.016
-1.942,10.508,38.532
-2.0819,10.504,40.049
-2.0098,10.448,41.44
-1.9225,10.38,42.796
-1.8554,10.33,44.122
-1.774,10.191,45.345
-1.7048,10.139,46.517
-1.6591,10.082,47.637
-1.6328,10.019,48.735
-1.6374,9.9666,49.767
-1.6217,9.8773,50.964
-1.5911,9.7699,52.145
-1.5585,9.6342,53.249
-1.5635,9.583,54.262
-1.572,9.5004,55.186
-1.5768,9.3986,56.02
-1.5688,9.2949,56.827
-1.5576,9.1914,57.587
-1.538,9.1958,57.794
-1.5323,9.1896,57.908
-1.5425,9.2037,57.933
-1.5499,9.2233,57.929
-1.5549,9.2548,57.907
-1.5508,9.2834,57.905
-1.555,9.3401,57.939
-1.5369,9.3769,58.017
-1.5552,9.3814,57.881
-1.5818,9.3818,57.723
-1.6231,9.3939,57.536
-1.6836,9.3999,57.287
-1.7672,9.4137,56.99
-1.8687,9.4414,56.625
-1.9716,9.4648,56.182
-2.0804,9.4881,55.624
-2.2032,9.6617,54.092
-2.3145,9.8738,52.589
-2.4135,10.109,51.144
-2.503,10.34,49.753
-2.6128,10.599,48.354
-2.7301,10.835,46.944
-2.8919,11.101,45.47
-3.0919,11.357,43.891
-3.4336,11.596,41.301
-3.7683,11.815,38.624
-4.0981,12.021,35.88
-4.4221,12.224,33.083
-4.735,12.407,30.253
-5.0186,12.568,27.432
-5.2859,12.686,24.621
-5.5358,12.794,21.875
-5.7132,12.826,19.92
-5.8798,12.818,17.957
-6.0316,12.775,15.962
-6.1802,12.701,13.912
-6.3178,12.625,11.802
-6.4505,12.521,9.6613
-6.5824,12.435,7.4468
-6.6952,12.341,5.186
-6.572,11.963,3.1934
-6.4276,11.612,1.3161
-6.2468,11.299,-0.38521
-6.0374,10.999,-1.9813
-5.8177,10.73,-3.4109
-5.5954,10.486,-4.6771
-5.373,10.261,-5.832
-5.1642,10.032,-6.9257
-5.0518,9.5711,-8.5119
-4.9278,9.1337,-10.131
-4.794,8.7322,-11.777
-4.6411,8.3463,-13.417
-4.471,7.9736,-15.011
-4.2944,7.6411,-16.534
-4.1256,7.3395,-17.965
-3.9709,7.068,-19.32
-3.962,6.9244,-20.514
-3.9604,6.7596,-21.756
-3.95,6.5766,-23.007
-3.9353,6.3979,-24.242
-3.9187,6.2116,-25.43
-3.9001,6.0332,-26.569
-3.876,5.8751,-27.642
-3.8518,5.7386,-28.661
-3.8126,5.6974,-29.625
-3.7514,5.6524,-30.527
-3.6732,5.6029,-31.362
-3.5762,5.5462,-32.148
-3.4716,5.4772,-32.915
-3.352,5.4028,-33.676
-3.2395,5.3143,-34.452
-3.1244,5.2292,-35.247
-3.0415,5.2702,-36.09
-2.9722,5.3092,-36.963
-2.9091,5.3446,-37.859
-2.8538,5.3757,-38.748
-2.7957,5.4231,-39.634
-2.7469,5.4426,-40.531
-2.7111,5.4341,-41.442
-2.6757,5.4292,-42.378
-2.7333,5.3068,-43.555
-2.8114,5.1927,-44.692
-2.9102,5.0849,-45.735
-3.0229,5.0085,-46.721
-3.1378,4.9525,-47.64
-3.2618,4.8833,-48.456
-3.3984,4.7933,-49.222
-3.5323,4.7411,-49.963
-3.5493,4.6491,-50.87
-3.5427,4.5421,-51.741
-3.5254,4.4361,-52.625
-3.4976,4.3274,-53.505
-3.4641,4.2123,-54.371
-3.4227,4.1254,-55.221
-3.3976,4.0111,-56.051
-3.3839,3.9331,-56.902
-3.26,3.9529,-57.523
-3.1282,3.9815,-58.147
-2.9856,4.0435,-58.767
-2.858,4.1069,-59.368
-2.7269,4.1963,-59.901
-2.5975,4.2799,-60.39
-2.4746,4.3662,-60.821
-2.3496,4.4897,-61.19
-2.2033,4.5631,-61.207
-2.0444,4.6316,-61.209
-1.8801,4.6898,-61.188
-1.7096,4.7121,-61.134
-1.5353,4.7377,-61.052
-1.3552,4.7631,-60.938
-1.1826,4.7586,-60.813
-1.0099,4.7411,-60.671
-0.92695,4.7838,-60.232
-0.85701,4.843,-59.708
-0.79817,4.9071,-59.117
-0.73782,4.9719,-58.478
-0.67507,5.0281,-57.85
-0.60756,5.0719,-57.236
-0.5279,5.1062,-56.643
-0.42887,5.1283,-56.077
-0.23015,5.2053,-55.234
-0.037107,5.3078,-54.278
0.146,5.4341,-53.183
0.33554,5.5966,-52.011
0.50795,5.7749,-50.684
0.68077,5.9914,-49.19
0.85182,6.2322,-47.506
1.0407,6.5165,-45.622
1.3173,6.7613,-42.94
1.5837,6.9567,-40.286
1.8149,7.1173,-37.767
2.0493,7.2541,-35.365
2.2763,7.3428,-33.047
2.4955,7.4146,-30.788
2.699,7.4602,-28.607
2.8883,7.5131,-26.472
2.9578,7.5521,-24.669
3.0522,7.6424,-22.767
3.1717,7.771,-20.784
3.3206,7.9169,-18.735
3.5077,8.0757,-16.583
3.7108,8.2644,-14.332
3.9655,8.4704,-11.941
4.2891,8.6918,-9.4101
4.5516,8.6917,-7.694
4.8183,8.6972,-5.9547
5.0883,8.6815,-4.1953
5.3611,8.6424,-2.4331
5.6327,8.5902,-0.67748
5.8972,8.5245,1.0774
6.1492,8.4537,2.8272
6.3883,8.3798,4.5692
6.6695,8.4421,6.6497
6.9532,8.4532,8.7391
7.2351,8.4392,10.839
7.5146,8.3757,12.937
7.7659,8.2931,14.99
7.9916,8.159,17.003
8.191,7.9984,18.966
8.3602,7.8056,20.877
8.5389,7.7423,22.714
8.714,7.7021,24.611
8.8968,7.6391,26.585
9.0822,7.5656,28.643
9.2424,7.4826,30.731
9.3624,7.3656,32.785
9.4285,7.2237,34.736
9.447,7.0598,36.55
9.2325,6.9441,37.503
9.0184,6.878,38.555
8.8174,6.8396,39.738
8.6325,6.8252,40.959
8.4567,6.8068,42.263
8.2849,6.7837,43.6
8.1149,6.7382,44.902
7.9447,6.6821,46.167
7.9106,6.499,46.963
7.8614,6.3308,47.724
7.7903,6.1875,48.452
7.7014,6.0504,49.17
7.6073,5.9226,49.908
7.5069,5.8033,50.674
7.4042,5.6999,51.46
7.297,5.6031,52.247
7.1862,5.4791,53.057
7.0568,5.351,53.829
6.903,5.2057,54.565
6.7344,5.057,55.299
6.5607,4.92,56.078
6.3946,4.7942,56.918
6.222,4.6681,57.785
6.0407,4.5293,58.633
5.9275,4.5215,58.884
5.8226,4.5284,59.046
5.739,4.5514,59.153
5.6761,4.5818,59.225
5.6336,4.5923,59.266
5.5969,4.6298,59.266
5.5726,4.6712,59.249
5.5631,4.7308,59.248
5.4375,4.7823,59.15
5.32,4.7995,59.053
5.2059,4.823,58.951
5.086,4.849,58.809
4.9574,4.8641,58.624
4.8162,4.8783,58.375
4.6583,4.8785,58.06
4.4931,4.8606,57.67
4.2737,4.8627,56.52
4.0382,4.8776,55.258
3.7914,4.8863,53.876
3.5446,4.9137,52.416
3.3184,4.9655,50.924
3.0846,5.0193,49.396
2.8662,5.0834,47.862
2.6543,5.1527,46.323
2.3363,5.3867,44.096
1.9886,5.6124,41.808
1.6248,5.8284,39.354
1.235,6.0251,36.773
0.82529,6.1933,34.078
0.40728,6.3146,31.297
-0.0072513,6.431,28.485
-0.41587,6.5358,25.685
-0.70284,6.7459,23.57
-0.99452,6.9128,21.461
-1.278,7.0536,19.364
-1.5508,7.1729,17.277
-1.8196,7.277,15.181
-2.0754,7.3386,13.065
-2.3119,7.354,10.954
-2.5234,7.3231,8.853
-2.7024,7.0019,7.3235
-2.8778,6.7115,5.8664
-3.0469,6.4401,4.4753
-3.1984,6.1917,3.1693
-3.3249,5.9515,1.9336
-3.4308,5.7404,0.7437
-3.5143,5.5576,-0.4197
-3.5711,5.3775,-1.5499
-3.3575,4.975,-2.7158
-3.112,4.6124,-3.864
-2.8382,4.2961,-4.9803
-2.558,4.0242,-6.0612
-2.2975,3.781,-7.1295
-2.0652,3.566,-8.1738
-1.8326,3.4012,-9.2061
-1.6166,3.2402,-10.217
-1.5357,3.1758,-11.228
-1.4499,3.119,-12.234
-1.3523,3.0694,-13.244
-1.2505,3.0292,-14.245
-1.1492,2.9638,-15.264
-1.0566,2.8836,-16.321
-0.98498,2.7893,-17.387
-0.93693,2.6777,-18.447
-1.0999,2.7288,-19.098
-1.2733,2.8082,-19.78
-1.4397,2.8951,-20.495
-1.5966,2.9711,-21.245
-1.7181,3.0751,-22.016
-1.7981,3.1872,-22.81
-1.8327,3.299,-23.594
-1.834,3.4182,-24.399
-1.6286,3.3563,-25.344
-1.4283,3.2844,-26.26
-1.2448,3.2229,-27.125
-1.0766,3.1604,-27.909
-0.92171,3.133,-28.611
-0.78125,3.123,-29.231
-0.64901,3.1333,-29.829
-0.52535,3.1522,-30.37
-0.29963,3.0221,-30.851
-0.049851,2.8676,-31.405
0.23145,2.6824,-31.99
0.54352,2.4814,-32.599
0.8727,2.2679,-33.233
1.2373,2.0412,-33.893
1.6352,1.8053,-34.577
2.0522,1.5555,-35.266
2.3972,1.2567,-35.872
2.73,1.0054,-36.371
3.0493,0.79708,-36.75
3.3365,0.66168,-37.052
3.5686,0.56864,-37.299
3.7492,0.4995,-37.545
3.9123,0.4504,-37.803
4.0376,0.39993,-38.071
4.0887,0.28724,-38.306
4.1464,0.1494,-38.532
4.2114,-0.0035482,-38.737
4.2766,-0.16592,-38.924
4.3312,-0.32695,-39.082
4.378,-0.48538,-39.213
4.4345,-0.63407,-39.286
4.4997,-0.81706,-39.27
4.5595,-0.8603,-38.461
4.6219,-0.89678,-37.607
4.6813,-0.91975,-36.719
4.7493,-0.91513,-35.83
4.8277,-0.8947,-34.901
4.9084,-0.89044,-33.978
4.9941,-0.88575,-33.065
5.0887,-0.88259,-32.176
5.1938,-0.83347,-30.959
5.3047,-0.77664,-29.674
5.4283,-0.71162,-28.28
5.5606,-0.61823,-26.755
5.6966,-0.51526,-25.105
5.8137,-0.37373,-23.429
5.8869,-0.21798,-21.73
5.9365,-0.001781,-20.053
6.0676,0.18538,-18.062
6.2076,0.3545,-16.063
6.3405,0.50994,-14.091
6.4722,0.65632,-12.169
6.5918,0.78785,-10.33
6.6823,0.88651,-8.5739
6.7549,0.96509,-6.8913
6.8128,1.0129,-5.2337
6.9036,1.0494,-3.2898
6.9993,1.1015,-1.3007
7.1064,1.1394,0.68866
7.2185,1.1626,2.6732
7.3255,1.1747,4.6334
7.4296,1.1739,6.5157
7.527,1.1646,8.3165
7.6212,1.1093,10.034
7.7838,1.0422,11.349
7.9526,0.97129,12.656
8.1261,0.91953,13.946
8.2979,0.87494,15.185
8.4575,0.8445,16.381
8.6008,0.84155,17.522
8.7312,0.86424,18.613
8.8375,0.90885,19.648
8.773,1.0176,20.563
8.6963,1.1228,21.449
8.606,1.1956,22.305
8.5018,1.2641,23.095
8.3827,1.3223,23.823
8.2405,1.3913,24.497
8.0947,1.4528,25.133
7.9493,1.5216,25.751
7.8256,1.7493,26.471
7.7137,1.9796,27.213
7.6105,2.2088,27.973
7.517,2.4367,28.718
7.4253,2.6646,29.43
7.3301,2.8942,30.141
7.2314,3.1339,30.843
7.1451,3.3674,31.559
7.0724,3.4379,31.946
6.9851,3.4722,32.293
6.8758,3.5022,32.608
6.7485,3.5165,32.881
6.5982,3.5378,33.136
6.4368,3.5708,33.37
6.2645,3.6254,33.591
6.1007,3.6675,33.792
5.9391,3.6529,33.655
5.7821,3.6306,33.495
5.6384,3.5816,33.342
5.5035,3.5255,33.202
5.3669,3.4708,33.048
5.2285,3.4215,32.873
5.0893,3.3554,32.685
4.9544,3.2736,32.461
4.7674,3.1766,32.111
4.5626,3.1097,31.737
4.3578,3.0383,31.356
4.155,2.9714,30.955
3.9562,2.9115,30.546
3.7615,2.863,30.121
3.5763,2.8033,29.668
3.3973,2.7587,29.204
3.2657,2.8048,28.735
3.142,2.8351,28.248
3.0242,2.858,27.773
2.9079,2.8948,27.301
2.8003,2.9307,26.834
2.6997,2.9654,26.394
2.6143,2.9979,25.981
2.5398,3.0289,25.584
2.4409,3.0251,25.288
2.3444,2.9943,24.998
2.2365,2.9615,24.702
2.1252,2.9125,24.425
2.0133,2.8735,24.174
1.9061,2.8396,23.966
1.8009,2.8143,23.782
1.6932,2.7991,23.637
1.5739,2.7918,23.439
1.4557,2.7975,23.222
1.3403,2.8112,22.991
1.2315,2.8222,22.746
1.1228,2.8403,22.499
1.0216,2.853,22.245
0.93121,2.8594,21.996
0.84985,2.8721,21.758
0.7822,2.8554,21.522
0.71616,2.8424,21.306
0.65418,2.8313,21.105
0.5977,2.8198,20.902
0.53253,2.8157,20.688
0.46028,2.8046,20.471
0.38461,2.7913,20.246
0.30433,2.7789,20.033
0.20682,2.7736,19.874
0.10988,2.7738,19.705
0.0092879,2.7656,19.52
-0.09161,2.7566,19.323
-0.19531,2.7417,19.121
-0.30542,2.732,18.9
-0.41218,2.7255,18.687
-0.51994,2.7222,18.499
-0.58632,2.7569,18.314
-0.65711,2.7963,18.117
-0.73683,2.8379,17.894
-0.81656,2.8834,17.688
-0.89643,2.9176,17.458
-0.97816,2.9499,17.227
-1.059,2.9688,16.992
-1.138,2.9892,16.77
-1.1907,2.9696,16.626
-1.2428,2.9489,16.474
-1.2939,2.9215,16.317
-1.3422,2.878,16.156
-1.3893,2.8311,15.991
-1.438,2.7949,15.84
-1.4775,2.7467,15.704
-1.5242,2.7167,15.578
-1.5784,2.7024,15.408
-1.6317,2.6964,15.235
-1.7008,2.6874,15.054
-1.7463,2.6786,14.866
-1.7949,2.6789,14.677
-1.8371,2.6621,14.49
-1.8837,2.649,14.304
-1.931,2.6341,14.129
-1.9697,2.6081,14.003
-2.0087,2.5853,13.863
-2.0447,2.5621,13.71
-2.0802,2.534,13.549
-2.1113,2.5045,13.384
-2.1388,2.4854,13.213
-2.1646,2.4631,13.059
-2.1943,2.4523,12.912
-2.2486,2.4349,12.777
-2.3052,2.4307,12.647
-2.3563,2.4194,12.515
-2.4088,2.4068,12.385
-2.4589,2.4093,12.253
-2.4992,2.4221,12.123
-2.5342,2.4501,12
-2.5539,2.472,11.874
-2.5245,2.6032,11.579
-2.4932,2.7321,11.278
-2.4541,2.8895,10.974
-2.4121,3.0668,10.647
-2.3684,3.2753,10.323
-2.3281,3.4915,10.003
-2.2886,3.7319,9.6832
-2.2478,3.9883,9.3768
-2.2324,4.3788,9.0882
-2.2176,4.7794,8.7944
-2.1988,5.1947,8.4907
-2.1793,5.6104,8.1721
-2.1572,6.0413,7.8457
-2.1264,6.4822,7.5145
-2.086,6.9341,7.1738
-2.0341,7.4052,6.8323
-1.8584,8.068,6.6267
-1.68,8.7116,6.4225
-1.4961,9.3596,6.1976
-1.2987,10.007,5.9461
-1.0998,10.657,5.6657
-0.89371,11.319,5.3575
-0.68624,11.977,5.0473
-0.46631,12.629,4.7381
