-0.25707,-16.107,6.5657
-0.46093,-17.035,6.3647
-0.63779,-17.751,6.1801
-0.80334,-18.44,6.0279
-0.89586,-19.284,5.7911
-0.96881,-20.171,5.5209
-1.0398,-21.047,5.1938
-1.153,-21.904,4.8813
-1.5385,-22.482,4.8967
-1.9023,-23.065,4.937
-2.2089,-23.649,4.921
-2.4785,-24.205,4.9048
-2.7475,-24.834,4.929
-3.0028,-25.461,4.9499
-3.2544,-26.07,4.9729
-3.5147,-26.709,4.9944
-3.7226,-27.335,5.0672
-3.8834,-28.003,5.0812
-4.0334,-28.657,5.0808
-4.1674,-29.316,5.0363
-4.3173,-29.98,4.9921
-4.4886,-30.66,4.9592
-4.6476,-31.31,4.9222
-4.7922,-31.923,4.8918
-4.7945,-32.629,4.6854
-4.8752,-33.26,4.5399
-4.9824,-33.906,4.3916
-5.1141,-34.551,4.2469
-5.2299,-35.188,4.0818
-5.3593,-35.783,3.9733
-5.4841,-36.306,3.8942
-5.6039,-36.848,3.8499
-5.7909,-37.078,3.8217
-5.9505,-37.274,3.7649
-6.1085,-37.472,3.7128
-6.2527,-37.614,3.6577
-6.395,-37.724,3.6106
-6.5268,-37.83,3.5657
-6.6376,-37.886,3.5002
-6.7302,-37.92,3.4205
-6.7938,-37.761,3.3901
-6.824,-37.607,3.3403
-6.8776,-37.481,3.3346
-6.9416,-37.311,3.3754
-6.9889,-37.107,3.4386
-7.0204,-36.905,3.5064
-7.0655,-36.738,3.6223
-7.1015,-36.566,3.7373
-7.1545,-36.45,3.7621
-7.2426,-36.341,3.8311
-7.3347,-36.197,3.8907
-7.4353,-36.061,3.9559
-7.5323,-35.926,4.0124
-7.6384,-35.777,4.092
-7.7128,-35.643,4.1478
-7.7952,-35.5,4.2237
-7.8643,-35.371,4.3484
-7.9208,-35.237,4.454
-7.9749,-35.095,4.5625
-8.0253,-34.962,4.6744
-8.0735,-34.83,4.773
-8.1291,-34.707,4.8848
-8.1944,-34.579,5.0111
-8.2521,-34.439,5.136
-8.2608,-34.258,5.1841
-8.2983,-34.072,5.2599
-8.3181,-33.884,5.2992
-8.3468,-33.691,5.3453
-8.3643,-33.475,5.3882
-8.4089,-33.255,5.4381
-8.4459,-33.041,5.4788
-8.4569,-32.83,5.4983
-8.3901,-32.455,5.5519
-8.3299,-32.066,5.6197
-8.2745,-31.671,5.695
-8.2172,-31.259,5.769
-8.1624,-30.874,5.8504
-8.0963,-30.457,5.9184
-8.0426,-30.032,6.0001
-7.9725,-29.592,6.068
-7.9356,-29.081,6.2744
-7.8732,-28.541,6.4478
-7.8342,-27.958,6.6691
-7.7831,-27.342,6.8839
-7.7174,-26.728,7.0895
-7.6319,-26.108,7.2782
-7.5158,-25.466,7.4084
-7.4068,-24.816,7.532
-7.2795,-23.928,7.4799
-7.1557,-23.014,7.4469
-7.0054,-22.106,7.4118
-6.8424,-21.178,7.4078
-6.6585,-20.235,7.4178
-6.4793,-19.282,7.4643
-6.2918,-18.321,7.521
-6.0719,-17.349,7.5941
-5.828,-16.341,7.5879
-5.6014,-15.351,7.6106
-5.3738,-14.362,7.6467
-5.1557,-13.342,7.6793
-4.9509,-12.345,7.7074
-4.8323,-11.387,7.8089
-4.736,-10.583,7.9069
-4.6839,-9.6538,7.9828
-4.6221,-8.6937,8.3587
-4.5474,-7.7367,8.7157
-4.4521,-6.7994,9.0575
-4.3441,-5.8586,9.4008
-4.2194,-4.9114,9.7382
-4.0819,-3.9491,10.055
-3.9322,-2.957,10.33
-3.77,-1.9748,10.562
-3.7051,-0.92403,10.632
-3.6356,0.10034,10.711
-3.5742,1.1135,10.815
-3.5065,2.0885,10.947
-3.4303,3.0392,11.096
-3.3344,4.066,11.277
-3.2097,5.089,11.461
-3.0464,6.1077,11.678
-2.6142,7.2449,12.032
-2.1618,8.3475,12.401
-1.7041,9.4408,12.781
-1.2644,10.545,13.131
-0.84292,11.622,13.435
-0.45475,12.697,13.682
-0.10958,13.742,13.878
0.18867,14.771,14.031
0.45826,15.698,14.447
0.71711,16.622,14.842
1.0004,17.529,15.264
1.3263,18.463,15.728
1.7141,19.369,16.25
2.1243,20.296,16.769
2.5734,21.23,17.312
3.052,22.176,17.842
3.3428,23.189,18.102
3.6399,24.176,18.41
3.9176,25.166,18.697
4.2088,26.154,18.991
4.4609,27.159,19.235
4.6753,28.141,19.421
4.8342,29.119,19.532
4.9983,30.078,19.629
5.2174,31.092,19.521
5.4272,32.121,19.386
5.6562,33.126,19.258
5.8657,34.139,19.099
6.0936,35.135,18.957
6.3218,36.14,18.834
6.5482,37.116,18.718
6.7502,38.103,18.602
6.9583,39.03,18.472
7.1782,39.893,18.333
7.4065,40.692,18.182
7.6518,41.428,18.046
7.9066,42.126,17.917
8.1872,42.791,17.816
8.4891,43.458,17.74
8.8021,44.131,17.671
8.9708,44.716,17.597
9.1188,45.232,17.517
9.245,45.709,17.431
9.3441,46.127,17.352
9.4069,46.542,17.301
9.4239,46.933,17.257
9.4596,47.306,17.263
9.4664,47.64,17.27
9.3676,47.769,17.323
9.2633,47.893,17.347
9.1703,47.989,17.362
9.0851,48.059,17.354
9.0032,48.1,17.316
8.9198,48.125,17.241
8.853,48.119,17.151
8.7515,48.063,16.998
8.6286,47.975,16.888
8.5061,47.915,16.786
8.4002,47.869,16.707
8.2741,47.827,16.614
8.1522,47.806,16.547
8.002,47.784,16.471
7.8724,47.763,16.421
7.7193,47.729,16.355
7.5221,47.694,16.183
7.3436,47.647,16.007
7.1562,47.604,15.791
7.0027,47.557,15.579
6.8631,47.52,15.36
6.732,47.455,15.13
6.6212,47.396,14.922
6.5201,47.347,14.734
6.4231,47.398,14.644
6.3441,47.445,14.561
6.2584,47.464,14.461
6.1856,47.461,14.37
6.1125,47.446,14.276
6.0165,47.413,14.161
5.9291,47.386,14.062
5.8149,47.361,13.939
5.7086,47.353,13.849
5.6101,47.353,13.759
5.5142,47.339,13.659
5.407,47.317,13.538
5.3085,47.297,13.42
5.2074,47.278,13.305
5.1056,47.275,13.194
5.0167,47.256,13.11
4.8641,47.187,12.905
4.7195,47.131,12.697
4.5832,47.042,12.5
4.4561,46.947,12.319
4.2963,46.831,12.105
4.1553,46.701,11.9
4.0063,46.554,11.684
3.8379,46.38,11.447
3.6545,46.03,11.327
3.476,45.695,11.213
3.3005,45.337,11.1
3.1064,44.969,10.963
2.9176,44.575,10.832
2.7605,44.195,10.738
2.6062,43.804,10.649
2.4434,43.391,10.543
2.3382,42.747,10.372
2.2107,42.093,10.185
2.0747,41.441,9.9948
1.926,40.775,9.8047
1.7714,40.092,9.625
1.5943,39.404,9.4333
1.42,38.71,9.2616
1.2435,38.012,9.1027
1.2057,37.109,9.0083
1.152,36.201,8.8802
1.1401,35.284,8.7829
1.1154,34.355,8.6619
1.115,33.423,8.5659
1.1241,32.467,8.4791
1.1438,31.512,8.4115
1.1618,30.551,8.3655
1.0926,29.583,8.3672
1.0349,28.589,8.3827
0.9743,27.577,8.3754
0.92058,26.533,8.347
0.88631,25.466,8.33
0.86297,24.393,8.3036
0.82545,23.299,8.2649
0.76391,22.203,8.2241
0.57236,21.295,8.2358
0.38406,20.408,8.2746
0.18096,19.524,8.2908
-0.031659,18.626,8.2924
-0.24342,17.678,8.2556
-0.46094,16.714,8.1917
-0.67896,15.728,8.1248
-0.88161,14.727,8.0723
-0.89491,13.796,7.8238
-0.87785,12.843,7.5642
-0.83763,11.874,7.3082
-0.78586,10.905,7.0631
-0.7318,9.9214,6.8434
-0.68604,8.9351,6.6435
-0.64484,7.9399,6.4712
-0.60167,6.971,6.3606
-0.61853,5.9705,6.1312
-0.65254,4.9793,5.8927
-0.67099,3.9844,5.6262
-0.68321,2.9984,5.3641
-0.69066,2.0118,5.0836
-0.68808,1.0288,4.8073
-0.68928,0.031463,4.5326
-0.68336,-1.0004,4.2755
-0.61964,-1.95,4.0885
-0.54952,-2.8719,3.8772
-0.48547,-3.7674,3.6477
-0.43181,-4.6542,3.3868
-0.38475,-5.501,3.1279
-0.3299,-6.326,2.868
-0.26657,-7.1325,2.6196
-0.20714,-7.9228,2.3862
-0.19199,-8.3699,2.049
-0.1559,-8.8117,1.6735
-0.097902,-9.232,1.2717
-0.030703,-9.653,0.85066
0.05265,-10.057,0.4146
0.1556,-10.463,-0.0034582
0.27651,-10.864,-0.39299
0.40802,-11.266,-0.73526
0.47623,-11.467,-1.0652
0.51673,-11.647,-1.3553
0.5497,-11.791,-1.5998
0.57071,-11.907,-1.8287
0.59463,-11.994,-2.0222
0.59791,-12.068,-2.1828
0.57483,-12.109,-2.3155
0.5299,-12.094,-2.4224
0.41847,-11.998,-2.456
0.31664,-11.914,-2.5081
0.21984,-11.827,-2.5598
0.12782,-11.755,-2.6036
0.036409,-11.698,-2.6548
-0.058424,-11.631,-2.674
-0.14906,-11.578,-2.6938
-0.24769,-11.533,-2.6857
-0.31454,-11.47,-2.5663
-0.38569,-11.401,-2.4433
-0.45364,-11.327,-2.3306
-0.53413,-11.255,-2.1988
-0.61956,-11.166,-2.0714
-0.70393,-11.072,-1.9397
-0.78796,-10.963,-1.7981
-0.87507,-10.835,-1.6495
-1.0129,-10.642,-1.6145
-1.1413,-10.472,-1.5694
-1.2623,-10.303,-1.5177
-1.3748,-10.127,-1.4528
-1.4722,-9.9654,-1.4055
-1.5711,-9.8025,-1.3489
-1.6751,-9.6743,-1.2897
-1.7833,-9.5334,-1.2417
-1.8771,-9.4164,-1.196
-1.9627,-9.2976,-1.153
-2.0354,-9.1857,-1.1232
-2.1285,-9.0795,-1.1028
-2.2012,-8.9927,-1.0833
-2.2703,-8.9041,-1.0786
-2.3441,-8.8003,-1.0813
-2.4152,-8.7003,-1.0877
-2.4564,-8.6399,-1.0606
-2.4947,-8.5817,-1.0462
-2.5402,-8.5358,-1.0289
-2.5966,-8.4746,-1.0052
-2.6753,-8.4025,-0.96429
-2.7609,-8.3284,-0.92536
-2.8581,-8.257,-0.88097
-2.9677,-8.1796,-0.8239
-3.0407,-8.11,-0.84239
-3.1162,-8.0622,-0.86701
-3.1954,-8.0063,-0.89731
-3.2742,-7.9578,-0.91484
-3.3525,-7.9105,-0.91755
-3.424,-7.8459,-0.92673
-3.4882,-7.752,-0.93305
-3.5412,-7.6411,-0.93402
-3.5994,-7.5467,-0.93682
-3.6631,-7.4536,-0.94179
-3.734,-7.3719,-0.95064
-3.8065,-7.3046,-0.95358
-3.8872,-7.2547,-0.95339
-3.9726,-7.2014,-0.9678
-4.0623,-7.1544,-0.96291
-4.1318,-7.1191,-0.95533
-4.1968,-7.0918,-0.93179
-4.2693,-7.0729,-0.88804
-4.3402,-7.0547,-0.85733
-4.4216,-7.036,-0.8252
-4.5085,-7.0225,-0.80811
-4.5939,-6.9969,-0.79282
-4.6619,-6.976,-0.77654
-4.7171,-6.9684,-0.74461
-4.7276,-6.9744,-0.76868
-4.7453,-6.9791,-0.79039
-4.769,-6.9791,-0.81295
-4.7976,-6.978,-0.83159
-4.8238,-6.9815,-0.84046
-4.8544,-6.9791,-0.82985
-4.8992,-6.9743,-0.80756
-4.9605,-6.9608,-0.77541
-5.0538,-6.9359,-0.69463
-5.1378,-6.9194,-0.62669
-5.222,-6.9033,-0.55865
-5.3076,-6.8865,-0.49489
-5.3897,-6.869,-0.43808
-5.4686,-6.8504,-0.38653
-5.5506,-6.8231,-0.33339
-5.6351,-6.7971,-0.2828
-5.7534,-6.7196,-0.25582
-5.8715,-6.6549,-0.23327
-5.9931,-6.5856,-0.2126
-6.1096,-6.5139,-0.19368
-6.2311,-6.4104,-0.1609
-6.3719,-6.3087,-0.12265
-6.5183,-6.1911,-0.099708
-6.6605,-6.0814,-0.06411
-6.8591,-6.0187,0.0069315
-7.0712,-5.9587,0.099402
-7.2866,-5.9052,0.19899
-7.5024,-5.8313,0.30676
-7.7232,-5.7767,0.43543
-7.9477,-5.6979,0.56337
-8.1676,-5.6381,0.70208
-8.3874,-5.5651,0.83144
-8.5741,-5.4923,0.86748
-8.7614,-5.4174,0.88485
-8.9518,-5.3313,0.89037
-9.1538,-5.2463,0.90772
-9.355,-5.1517,0.91399
-9.5534,-5.0599,0.91544
-9.7599,-4.9778,0.92253
-9.9702,-4.8863,0.93517
-10.122,-4.8268,0.89806
-10.276,-4.7765,0.84333
-10.425,-4.7178,0.78104
-10.56,-4.6686,0.72045
-10.675,-4.6206,0.65651
-10.777,-4.5822,0.59953
-10.863,-4.5422,0.5276
-10.948,-4.5113,0.45287
-11.018,-4.4818,0.46097
-11.096,-4.455,0.47642
-11.18,-4.4258,0.47437
-11.278,-4.3979,0.4722
-11.38,-4.3722,0.48806
-11.476,-4.333,0.50905
-11.569,-4.2957,0.54714
-11.66,-4.2742,0.60626
-11.802,-4.2237,0.71791
-11.97,-4.1764,0.84756
-12.153,-4.1481,0.9964
-12.35,-4.1064,1.1348
-12.566,-4.059,1.2537
-12.822,-4.0147,1.351
-13.126,-3.9599,1.4037
-13.473,-3.8802,1.4169
-14.171,-3.6945,1.3942
-14.858,-3.4974,1.3571
-15.529,-3.2951,1.3077
-16.188,-3.0901,1.2516
-16.83,-2.8755,1.1863
-17.466,-2.6468,1.1356
-18.089,-2.3991,1.1092
-18.694,-2.149,1.0991
-19.295,-1.9225,1.129
-19.901,-1.7078,1.1637
-20.516,-1.5109,1.1866
-21.141,-1.3235,1.1979
-21.769,-1.1509,1.1796
-22.398,-0.98648,1.1253
-23.031,-0.83411,1.0474
-23.668,-0.65997,0.92622
-24.291,-0.42018,0.71911
-24.894,-0.18793,0.49
-25.488,0.062646,0.26322
-26.081,0.32978,0.038648
-26.663,0.59415,-0.18397
-27.238,0.87263,-0.417
-27.813,1.136,-0.63416
-28.382,1.4175,-0.82344
-28.981,1.5987,-0.85916
-29.574,1.7582,-0.90718
-30.151,1.9145,-0.95367
-30.703,2.059,-1.0075
-31.227,2.1889,-1.0923
-31.733,2.3114,-1.2195
-32.217,2.4359,-1.3655
-32.687,2.5719,-1.5295
-33.15,2.7477,-1.7672
-33.613,2.9478,-1.9639
-34.087,3.1488,-2.1448
-34.565,3.3512,-2.3003
-35.041,3.5385,-2.4206
-35.513,3.7256,-2.5273
-35.977,3.921,-2.615
-36.425,4.0779,-2.6699
-36.822,4.1225,-2.779
-37.188,4.1652,-2.8829
-37.546,4.2032,-2.9976
-37.891,4.2506,-3.1137
-38.189,4.3875,-3.1449
-38.533,4.4374,-3.297
-38.846,4.4888,-3.4412
-39.164,4.5244,-3.5708
-39.522,4.5602,-3.6535
-39.886,4.5918,-3.7128
-40.253,4.6148,-3.7439
-40.625,4.6293,-3.7742
-41.004,4.6446,-3.7981
-41.383,4.6517,-3.807
-41.76,4.6539,-3.8005
-42.129,4.6477,-3.7822
-42.516,4.6979,-3.905
-42.905,4.7594,-4.0166
-43.298,4.8239,-4.1201
-43.692,4.9113,-4.2107
-44.088,5.0187,-4.2956
-44.49,5.127,-4.3689
-44.887,5.2356,-4.4351
-45.293,5.3342,-4.4946
-45.729,5.3436,-4.5087
-46.154,5.3627,-4.5355
-46.562,5.4077,-4.5662
-46.951,5.4592,-4.6028
-47.326,5.5182,-4.6582
-47.686,5.6022,-4.7233
-48.044,5.6748,-4.7995
-48.404,5.7481,-4.8852
-48.73,5.771,-4.8921
-49.06,5.7944,-4.892
-49.404,5.8211,-4.8867
-49.746,5.8611,-4.8688
-50.091,5.9029,-4.8444
-50.424,5.9638,-4.8267
-50.755,6.0156,-4.8079
-51.074,6.0743,-4.7829
-51.276,6.0848,-4.8281
-51.482,6.0854,-4.879
-51.678,6.0852,-4.9204
-51.863,6.0748,-4.9488
-52.027,6.0726,-4.9403
-52.181,6.0543,-4.9244
-52.311,6.0555,-4.8917
-52.432,6.0461,-4.8575
-52.468,6.1017,-4.86
-52.497,6.1522,-4.8608
-52.522,6.2073,-4.8726
-52.534,6.2479,-4.8791
-52.537,6.2901,-4.8793
-52.532,6.3201,-4.8662
-52.526,6.3357,-4.8437
-52.504,6.3712,-4.8096
-52.462,6.397,-4.8613
-52.399,6.4076,-4.9065
-52.325,6.4156,-4.9498
-52.227,6.4317,-4.9939
-52.113,6.4397,-5.0514
-51.98,6.4377,-5.1116
-51.808,6.4487,-5.1746
-51.643,6.4514,-5.2529
-51.269,6.506,-5.3409
-50.87,6.5571,-5.412
-50.454,6.5994,-5.4813
-50.007,6.6531,-5.5447
-49.547,6.7137,-5.6427
-49.055,6.7898,-5.7442
-48.539,6.8835,-5.8631
-47.994,6.9935,-5.9841
-47.282,7.1087,-5.9232
-46.556,7.1834,-5.8338
-45.811,7.2599,-5.7231
-45.038,7.301,-5.5731
-44.251,7.3393,-5.4232
-43.428,7.3763,-5.2144
-42.584,7.4023,-4.9832
-41.725,7.4116,-4.7284
-41.174,7.3457,-4.6542
-40.603,7.2719,-4.5448
-40.03,7.2105,-4.4549
-39.457,7.1384,-4.4065
-38.871,7.1108,-4.3792
-38.262,7.0766,-4.4004
-37.632,7.0704,-4.4662
-36.973,7.0873,-4.5814
-35.974,7.2185,-4.6268
-34.949,7.3448,-4.6628
-33.903,7.4302,-4.6619
-32.835,7.5838,-4.6489
-31.755,7.6211,-4.536
-30.592,7.6087,-4.3438
-29.433,7.5923,-4.1354
-28.249,7.5413,-3.8993
-27.126,7.3996,-3.5412
-25.987,7.2632,-3.1371
-24.845,7.1128,-2.7162
-23.692,6.9521,-2.2763
-22.533,6.7933,-1.8495
-21.368,6.6311,-1.4253
-20.196,6.4888,-1.0109
-19.018,6.3746,-0.61656
-17.68,6.4164,-0.34348
-16.33,6.4618,-0.11606
-14.973,6.5074,0.087378
-13.637,6.5639,0.23654
-12.276,6.6258,0.35369
-10.911,6.69,0.44551
-9.5264,6.7599,0.55188
-8.1275,6.8274,0.68001
-6.6824,6.9026,0.78257
-5.2514,6.924,0.91009
-3.8599,6.8621,1.0555
-2.5012,6.6826,1.2536
-1.188,6.4085,1.4908
0.1057,6.0824,1.7779
1.3804,5.7566,2.0776
2.6553,5.4382,2.4108
3.8431,5.1197,2.5041
5.02,4.7849,2.5456
6.1849,4.484,2.5337
7.3429,4.1727,2.511
8.5099,3.8695,2.5362
9.6849,3.5923,2.5828
10.861,3.3335,2.6737
12.033,3.0448,2.7798
12.962,2.8883,2.7093
13.878,2.7628,2.6147
14.757,2.6714,2.4926
15.606,2.5877,2.3689
16.431,2.4542,2.261
17.248,2.3297,2.1773
18.064,2.2297,2.1239
18.896,2.1313,2.11
19.6,2.1094,1.8088
20.282,2.0794,1.5397
20.95,2.0415,1.2902
21.608,2.0178,1.0951
22.242,2.0033,0.909
22.856,1.9926,0.75813
23.443,1.9811,0.5778
24.003,1.9695,0.35291
24.439,1.8862,0.014594
24.876,1.8123,-0.30908
25.308,1.7467,-0.6243
25.746,1.665,-0.91444
26.187,1.5739,-1.1684
26.639,1.4749,-1.3724
27.1,1.3529,-1.4893
27.562,1.2004,-1.5668
27.788,1.0702,-1.5966
27.991,0.97075,-1.6157
28.176,0.89777,-1.618
28.34,0.85348,-1.5996
28.496,0.80488,-1.5545
28.642,0.77592,-1.53
28.789,0.75232,-1.5246
28.944,0.72306,-1.5102
29.054,0.72742,-1.5374
29.157,0.73417,-1.542
29.252,0.73173,-1.542
29.343,0.72595,-1.5362
29.429,0.72539,-1.532
29.513,0.70327,-1.5328
29.609,0.66396,-1.5172
29.725,0.61273,-1.485
29.804,0.53354,-1.6009
29.865,0.44868,-1.6929
29.912,0.38199,-1.7529
29.935,0.32855,-1.788
29.943,0.28484,-1.8227
29.933,0.25784,-1.8542
29.898,0.24536,-1.8961
29.849,0.235,-1.926
29.764,0.24548,-1.8497
29.691,0.249,-1.8001
29.631,0.25582,-1.7804
29.572,0.25739,-1.7881
29.51,0.25867,-1.8023
29.439,0.25832,-1.8414
29.36,0.26548,-1.8867
29.266,0.27078,-1.9414
29.037,0.3138,-1.9786
28.804,0.37015,-2.0037
28.577,0.43841,-1.9948
28.354,0.52152,-1.9726
28.127,0.60605,-1.9491
27.898,0.69049,-1.9303
27.663,0.77487,-1.9505
27.413,0.85288,-1.9831
27.015,0.979,-2.0282
26.594,1.1155,-2.0792
26.147,1.2487,-2.1243
25.685,1.3985,-2.1728
25.216,1.5513,-2.199
24.754,1.7162,-2.2161
24.302,1.8738,-2.2175
23.867,2.0456,-2.1788
23.41,2.2468,-2.1633
22.956,2.4393,-2.1155
22.495,2.6429,-2.0655
22.013,2.8529,-2.0188
21.509,3.0575,-1.9927
20.976,3.2607,-1.9547
20.396,3.4419,-1.9545
19.762,3.6282,-2.0034
18.937,3.8597,-1.8194
18.104,4.0918,-1.646
17.281,4.3073,-1.4734
16.476,4.5136,-1.2774
15.695,4.6977,-1.0741
14.935,4.8699,-0.85714
14.187,5.0199,-0.62632
13.459,5.1742,-0.40132
12.552,5.2643,-0.42973
11.628,5.3969,-0.40365
10.68,5.5488,-0.37244
9.7221,5.6909,-0.30847
8.744,5.8177,-0.21533
7.755,5.9493,-0.098205
6.7438,6.0968,-0.0049453
5.7329,6.2617,0.06411
4.8694,6.511,-0.063613
3.9953,6.7358,-0.25958
3.1192,6.9386,-0.5006
2.2254,7.1461,-0.7985
1.3056,7.3221,-1.1607
0.37946,7.5133,-1.5291
-0.55557,7.7053,-1.9
-1.4941,7.8784,-2.2116
-2.6128,7.9225,-2.199
-3.7312,7.9481,-2.1986
-4.8344,7.9532,-2.1928
-5.9265,7.9504,-2.2025
-7.0097,7.9278,-2.2236
-8.0859,7.8831,-2.255
-9.1546,7.8144,-2.3059
-10.221,7.7338,-2.3711
-11.42,7.5905,-2.7436
-12.648,7.4405,-3.134
-13.887,7.2905,-3.515
-15.145,7.1776,-3.8709
-16.396,7.0809,-4.0995
-17.637,7.0009,-4.1632
-18.881,6.9221,-4.08
-20.108,6.8636,-3.9408
-21.251,6.8214,-3.9511
-22.367,6.8023,-3.9696
-23.477,6.7669,-3.996
-24.575,6.7582,-4.0232
-25.687,6.7388,-4.07
-26.798,6.7444,-4.1052
-27.92,6.73,-4.126
-29.042,6.7337,-4.1127
-30.064,6.7847,-4.0093
-31.063,6.8289,-3.9398
-32.025,6.8709,-3.8656
-32.95,6.9306,-3.8175
-33.871,6.97,-3.7949
-34.773,7.0147,-3.807
-35.658,7.0726,-3.8659
-36.551,7.1257,-3.9628
-37.445,7.1653,-3.7886
-38.329,7.1997,-3.5543
-39.215,7.2394,-3.2842
-40.093,7.2438,-2.9564
-40.949,7.2251,-2.5593
-41.788,7.1824,-2.142
-42.618,7.1267,-1.7259
-43.426,7.0626,-1.2947
-44.072,7.1663,-1.1006
-44.737,7.151,-0.94608
-45.424,7.1048,-0.8117
-46.142,7.0951,-0.73818
-46.877,7.1004,-0.71795
-47.632,7.1277,-0.69039
-48.399,7.1263,-0.60203
-49.189,7.0982,-0.45602
-49.787,6.9776,-0.23023
-50.385,6.8917,-0.04899
-50.978,6.7928,0.10797
-51.569,6.7131,0.26838
-52.158,6.641,0.44596
-52.721,6.5797,0.67493
-53.309,6.5312,0.94534
-53.878,6.4756,1.2685
-54.266,6.3698,1.3445
-54.628,6.2628,1.408
-54.965,6.1698,1.4487
-55.303,6.081,1.4556
-55.611,5.997,1.4766
-55.915,5.9123,1.482
-56.216,5.8252,1.4867
-56.499,5.7355,1.5004
-56.616,5.6646,1.5239
-56.71,5.6103,1.5454
-56.79,5.5705,1.5308
-56.858,5.5375,1.5287
-56.917,5.5076,1.53
-56.966,5.4838,1.5042
-56.998,5.4557,1.4581
-57.015,5.4456,1.4079
-56.975,5.4475,1.3148
-56.929,5.4436,1.2104
-56.887,5.4174,1.1163
-56.861,5.3714,1.0237
-56.852,5.3254,0.92282
-56.832,5.2847,0.8474
-56.79,5.3148,0.79219
-56.761,5.265,0.71015
-56.632,5.2724,0.50584
-56.492,5.266,0.2887
-56.341,5.2788,0.071129
-56.166,5.2976,-0.1238
-55.966,5.3239,-0.28063
-55.744,5.3653,-0.40688
-55.498,5.4045,-0.47777
-55.238,5.4447,-0.52739
-55.007,5.4116,-0.52832
-54.773,5.3679,-0.51844
-54.538,5.3184,-0.51119
-54.311,5.2655,-0.53635
-54.077,5.205,-0.56439
-53.835,5.1466,-0.61575
-53.567,5.0933,-0.68297
-53.271,5.0519,-0.79122
-52.571,5.1406,-0.91226
-51.894,5.2312,-1.0727
-51.221,5.3183,-1.2334
-50.574,5.3792,-1.3882
-49.963,5.4236,-1.5408
-49.381,5.4427,-1.6854
-48.822,5.435,-1.8221
-48.273,5.4021,-1.9495
-47.291,5.3044,-1.7246
-46.262,5.214,-1.5582
-45.174,5.1308,-1.4184
-44.081,5.0386,-1.2929
-42.941,4.9438,-1.192
-41.762,4.8649,-1.1179
-40.557,4.7799,-1.1128
-39.34,4.6811,-1.161
-38.252,4.6421,-1.0946
-37.202,4.6129,-0.98291
-36.204,4.5816,-0.85482
-35.255,4.5388,-0.73625
-34.351,4.465,-0.63063
-33.492,4.358,-0.56232
-32.659,4.203,-0.53743
-31.863,4.0327,-0.54576
-31.012,3.9016,-0.38299
-30.156,3.7747,-0.25787
-29.269,3.6497,-0.13086
-28.357,3.5297,0.017974
-27.425,3.4036,0.1984
-26.484,3.2921,0.39097
-25.545,3.1835,0.5902
-24.604,3.0864,0.79639
-23.843,2.974,0.80778
-23.102,2.8561,0.83088
-22.368,2.7457,0.84377
-21.655,2.6317,0.82808
-20.946,2.5153,0.79814
-20.254,2.3994,0.73476
-19.55,2.2679,0.6538
-18.849,2.1556,0.53197
-18.046,2.1541,0.3998
-17.235,2.1761,0.23749
-16.409,2.206,0.072869
-15.57,2.2651,-0.10394
-14.701,2.3871,-0.27208
-13.813,2.5009,-0.46919
-12.906,2.6217,-0.66008
-11.984,2.75,-0.8519
-10.815,2.9805,-0.84359
-9.6302,3.2332,-0.86157
-8.4262,3.4313,-0.913
-7.1957,3.6028,-0.99638
-5.9352,3.7909,-1.0788
-4.6499,3.9537,-1.1704
-3.3426,4.0447,-1.2286
-2.0178,4.1197,-1.2428
-0.88095,4.0974,-1.363
0.24755,4.0609,-1.4905
1.3645,4.0299,-1.6352
2.4527,3.9791,-1.8229
3.5102,3.9147,-2.03
4.5402,3.8291,-2.24
5.5387,3.7187,-2.4541
6.5172,3.5997,-2.6595
7.1573,3.3398,-2.961
7.7973,3.0852,-3.2362
8.4358,2.8384,-3.4775
9.0924,2.6118,-3.6991
9.758,2.3896,-3.8881
10.422,2.1384,-4.0743
11.087,1.874,-4.263
11.755,1.6131,-4.4475
12.286,1.4055,-4.7983
12.809,1.2001,-5.0886
13.32,1.0128,-5.3469
13.816,0.81216,-5.5534
14.313,0.60859,-5.7072
14.826,0.40566,-5.815
15.351,0.18108,-5.9189
15.856,-0.079482,-5.9771
16.397,-0.24017,-6.0073
16.915,-0.41412,-6.099
17.417,-0.57809,-6.2587
17.897,-0.75653,-6.4511
18.378,-0.91334,-6.6696
18.848,-1.0528,-6.8993
19.309,-1.1779,-7.1246
19.757,-1.3048,-7.3239
19.952,-1.4462,-7.3889
20.138,-1.5636,-7.4618
20.311,-1.6561,-7.5125
20.458,-1.7504,-7.5531
20.594,-1.823,-7.5924
20.7,-1.8979,-7.6309
20.792,-1.9609,-7.6373
20.856,-2.0162,-7.5572
20.847,-1.8603,-7.4587
20.807,-1.6995,-7.3563
20.74,-1.5281,-7.2853
20.655,-1.3458,-7.2431
20.553,-1.1673,-7.219
20.441,-0.99771,-7.2032
20.333,-0.8344,-7.1799
20.202,-0.72295,-7.1558
20.064,-0.63648,-7.1375
19.931,-0.54841,-7.1483
19.81,-0.45384,-7.1443
19.7,-0.3428,-7.1091
19.613,-0.22751,-7.0434
19.538,-0.11981,-6.9771
19.467,-0.02054,-6.9058
19.399,0.076142,-6.8613
19.209,0.057956,-6.7937
19.017,0.04276,-6.7064
18.819,-0.0039297,-6.6179
18.603,-0.05624,-6.5171
18.393,-0.06251,-6.4279
18.17,-0.074084,-6.3603
17.926,-0.12175,-6.3067
17.672,-0.14251,-6.2598
17.346,-0.092467,-6.1998
17.015,0.0012628,-6.1126
16.667,0.096286,-6.0131
16.285,0.1799,-5.892
15.885,0.27889,-5.7465
15.482,0.39463,-5.5553
15.058,0.49856,-5.354
14.63,0.62516,-5.1485
14.15,0.81471,-5.034
13.659,1.0053,-4.9328
13.151,1.1741,-4.8458
12.648,1.3522,-4.7588
12.149,1.5266,-4.683
11.657,1.7167,-4.5982
11.17,1.8934,-4.4843
10.686,2.0775,-4.3523
10.092,2.2817,-4.2478
9.4802,2.4841,-4.1444
8.8461,2.6989,-4.0718
8.1767,2.902,-4.0369
7.4703,3.1106,-4.0489
6.7376,3.3298,-4.0407
5.9712,3.5582,-4.0097
5.1794,3.7868,-3.9639
4.2639,3.9255,-3.7479
3.3335,4.0051,-3.5372
2.3948,4.0729,-3.3302
1.473,4.1775,-3.0859
0.54557,4.2666,-2.8424
-0.38755,4.2895,-2.5794
-1.3356,4.2842,-2.3135
-2.296,4.276,-2.0572
-3.4076,4.1268,-2.0138
-4.5082,4.0064,-1.971
-5.6023,3.9073,-1.9329
-6.6889,3.8172,-1.8873
-7.7778,3.7452,-1.867
-8.8559,3.6725,-1.8746
-9.9282,3.5952,-1.8827
-10.992,3.5387,-1.9183
-11.842,3.6059,-2.0102
-12.681,3.6691,-2.1507
-13.512,3.7347,-2.3313
-14.329,3.7958,-2.5309
-15.129,3.8655,-2.7324
-15.935,3.9283,-2.9445
-16.754,3.9828,-3.1811
-17.575,4.0525,-3.427
-18.366,4.1379,-3.418
-19.116,4.2525,-3.3267
-19.845,4.4015,-3.2078
-20.545,4.5436,-3.0881
-21.208,4.6903,-2.9925
-21.836,4.8391,-2.9399
-22.427,4.9901,-2.9079
-22.978,5.1404,-2.901
-23.659,5.3181,-3.1282
-24.331,5.4705,-3.3091
-25.028,5.6018,-3.47
-25.751,5.7329,-3.6142
-26.482,5.8355,-3.7087
-27.211,5.9574,-3.7827
-27.935,6.0704,-3.8095
-28.647,6.1768,-3.8001
-29.36,6.2302,-3.763
-30.076,6.2642,-3.6944
-30.815,6.3212,-3.6278
-31.581,6.3563,-3.553
-32.364,6.4167,-3.4892
-33.167,6.4666,-3.4192
-33.984,6.503,-3.3341
-34.811,6.5818,-3.2271
-35.479,6.6808,-3.1667
-36.154,6.7859,-3.1524
-36.825,6.8983,-3.1705
-37.482,6.9966,-3.1948
-38.13,7.1164,-3.229
-38.769,7.2339,-3.2667
-39.414,7.3906,-3.319
-40.059,7.5319,-3.3845
-40.69,7.7385,-3.4774
-41.296,7.951,-3.5411
-41.893,8.1626,-3.5936
-42.468,8.3934,-3.6448
-43.039,8.5769,-3.7094
-43.587,8.7447,-3.7696
-44.128,8.9049,-3.8425
-44.661,9.0417,-3.911
-44.901,9.0262,-3.8274
-45.134,8.9771,-3.7231
-45.345,8.9197,-3.5807
-45.518,8.8373,-3.396
-45.656,8.7592,-3.2027
-45.752,8.6543,-3.0019
-45.795,8.5464,-2.8035
-45.801,8.4273,-2.6048
-45.592,8.3909,-2.6295
-45.37,8.3481,-2.6207
-45.14,8.3103,-2.5755
-44.923,8.2651,-2.5235
-44.717,8.2201,-2.4649
-44.521,8.1923,-2.3906
-44.329,8.1574,-2.3083
-44.141,8.1371,-2.2139
-43.786,8.0621,-2.049
-43.404,7.9817,-1.9269
-43,7.8961,-1.8456
-42.544,7.8137,-1.778
-42.047,7.7327,-1.7175
-41.521,7.6635,-1.6624
-40.987,7.6065,-1.6254
-40.45,7.554,-1.5931
-40.143,7.482,-1.5878
-39.849,7.3855,-1.5203
-39.57,7.2569,-1.4272
-39.315,7.1124,-1.2887
-39.104,6.9593,-1.1308
-38.926,6.7838,-0.94164
-38.778,6.5977,-0.72492
-38.66,6.4283,-0.48646
-38.716,6.3138,-0.36717
-38.788,6.2436,-0.2661
-38.868,6.1939,-0.16594
-38.945,6.1659,-0.082205
-39.022,6.1419,-0.03601
-39.088,6.1478,-0.022291
-39.14,6.1684,-0.026068
-39.174,6.1947,-0.031612
-39.148,6.2712,-0.037397
-39.135,6.3396,-0.047972
-39.125,6.3858,-0.067245
-39.125,6.4213,-0.091068
-39.128,6.4541,-0.10923
-39.155,6.4632,-0.11865
-39.199,6.4621,-0.11648
-39.249,6.4587,-0.10064
-39.303,6.4336,-0.024799
-39.367,6.4095,0.037088
-39.436,6.3908,0.094598
-39.507,6.3696,0.1396
-39.575,6.3805,0.16665
-39.642,6.3843,0.18919
-39.701,6.4014,0.20792
-39.754,6.4339,0.20699
-39.8,6.4543,0.26825
-39.849,6.4753,0.34054
-39.898,6.4921,0.41762
-39.942,6.4973,0.51341
-39.985,6.5053,0.61311
-40.031,6.4965,0.70726
-40.071,6.4744,0.80167
-40.11,6.4678,0.87859
-40.092,6.4767,1.0461
-40.069,6.5057,1.2416
-40.053,6.5308,1.4681
-40.01,6.5698,1.7503
-39.958,6.6131,2.0904
-39.897,6.6444,2.4795
-39.82,6.685,2.9251
-39.727,6.727,3.4463
-39.785,6.7835,3.9776
-39.855,6.8345,4.4662
-39.949,6.8696,4.9156
-40.066,6.9131,5.361
-40.175,6.9666,5.8313
-40.289,7.0042,6.3576
-40.392,7.0666,6.9918
-40.486,7.15,7.7057
-40.719,7.3154,8.3873
-40.977,7.4601,9.0366
-41.303,7.6157,9.6582
-41.686,7.7507,10.301
-42.123,7.8741,11.043
-42.618,7.9909,11.912
-43.151,8.0824,12.886
-43.709,8.1441,13.945
-44.11,8.0614,15.162
-44.493,8.018,16.347
-44.834,7.9915,17.554
-45.158,8.0209,18.783
-45.425,8.0921,20.049
-45.649,8.2117,21.383
-45.834,8.3703,22.776
-45.953,8.5211,24.279
-46.15,8.8029,25.747
-46.3,8.9967,27.261
-46.434,9.1176,28.828
-46.585,9.2106,30.446
-46.746,9.2874,32.108
-46.892,9.3233,33.792
-47.04,9.3215,35.472
-47.162,9.3126,37.163
-47.131,9.3138,38.695
-47.052,9.277,40.216
-47.002,9.2675,41.718
-46.87,9.0999,43.118
-46.795,9.072,44.481
-46.738,9.0386,45.805
-46.691,8.9901,47.112
-46.675,8.9505,48.355
-46.655,8.8926,49.756
-46.603,8.7909,51.139
-46.532,8.6378,52.439
-46.543,8.6355,53.646
-46.532,8.5658,54.778
-46.508,8.4625,55.82
-46.472,8.3637,56.842
-46.433,8.2658,57.82
-46.394,8.2868,58.24
-46.356,8.2725,58.567
-46.342,8.2935,58.8
-46.324,8.318,59.009
-46.308,8.3613,59.196
-46.278,8.3942,59.405
-46.259,8.4602,59.65
-46.218,8.5051,59.935
-46.223,8.5297,60.002
-46.233,8.5413,60.046
-46.259,8.5667,60.062
-46.303,8.5799,60.016
-46.368,8.5976,59.923
-46.451,8.6352,59.767
-46.536,8.6681,59.536
-46.626,8.6971,59.188
-46.702,8.856,57.88
-46.783,9.0875,56.598
-46.86,9.3547,55.373
-46.92,9.5996,54.207
-47.007,9.8863,53.027
-47.092,10.128,51.837
-47.228,10.416,50.58
-47.401,10.693,49.214
-47.707,10.961,46.846
-48.015,11.218,44.386
-48.328,11.467,41.85
-48.642,11.719,39.256
-48.956,11.951,36.612
-49.244,12.152,33.973
-49.525,12.305,31.317
-49.806,12.456,28.711
-50.018,12.524,26.896
-50.233,12.551,25.054
-50.446,12.543,23.165
-50.666,12.503,21.21
-50.887,12.464,19.184
-51.111,12.393,17.118
-51.349,12.348,14.965
-51.574,12.284,12.754
-51.524,11.881,10.846
-51.506,11.529,8.9794
-51.474,11.217,7.2547
-51.421,10.916,5.6193
-51.364,10.641,4.1386
-51.308,10.385,2.8143
-51.252,10.145,1.6002
-51.211,9.9004,0.44509
-51.274,9.4348,-1.1906
-51.322,8.9969,-2.8655
-51.362,8.5928,-4.579
-51.387,8.199,-6.3013
-51.394,7.816,-7.9883
-51.398,7.4724,-9.6227
-51.41,7.1616,-11.176
-51.437,6.8785,-12.666
-51.582,6.7502,-13.975
-51.742,6.5869,-15.344
-51.898,6.3961,-16.729
-52.049,6.2105,-18.104
-52.203,6.0138,-19.448
-52.359,5.8223,-20.757
-52.51,5.6462,-22.012
-52.662,5.4893,-23.221
-52.776,5.4369,-24.363
-52.872,5.3721,-25.451
-52.955,5.2933,-26.48
-53.024,5.2008,-27.466
-53.089,5.0907,-28.439
-53.137,4.9785,-29.408
-53.195,4.8476,-30.39
-53.249,4.7208,-31.394
-53.314,4.7285,-32.429
-53.397,4.73,-33.505
-53.489,4.7231,-34.607
-53.591,4.7088,-35.709
-53.688,4.7137,-36.81
-53.801,4.6814,-37.925
-53.929,4.6226,-39.057
-54.056,4.5683,-40.221
-54.27,4.4041,-41.614
-54.499,4.2516,-42.966
-54.756,4.0915,-44.233
-55.022,3.9686,-45.451
-55.291,3.8612,-46.616
-55.573,3.7299,-47.673
-55.872,3.5675,-48.685
-56.16,3.4575,-49.673
-56.321,3.3105,-50.817
-56.462,3.138,-51.924
-56.593,2.9601,-53.054
-56.714,2.7798,-54.187
-56.83,2.5878,-55.305
-56.933,2.4338,-56.408
-57.057,2.2407,-57.491
-57.186,2.0987,-58.604
-57.203,2.0524,-59.474
-57.214,2.013,-60.349
-57.216,2.0097,-61.221
-57.233,2.0047,-62.08
-57.248,2.0265,-62.87
-57.269,2.0292,-63.625
-57.3,2.0293,-64.323
-57.326,2.0844,-64.957
-57.324,2.0917,-65.235
-57.309,2.0948,-65.499
-57.291,2.0835,-65.738
-57.269,2.0227,-65.942
-57.24,1.9824,-66.121
-57.203,1.9473,-66.268
-57.175,1.8726,-66.407
-57.146,1.7851,-66.528
-57.211,1.7553,-66.35
-57.291,1.741,-66.096
-57.384,1.7282,-65.779
-57.476,1.7196,-65.41
-57.564,1.7045,-65.056
-57.646,1.6759,-64.718
-57.713,1.6458,-64.398
-57.76,1.602,-64.108
-57.72,1.629,-63.543
-57.69,1.6824,-62.875
-57.674,1.7563,-62.077
-57.657,1.8754,-61.203
-57.662,2.0049,-60.175
-57.673,2.1749,-58.986
-57.694,2.367,-57.608
-57.702,2.6168,-56.036
-57.64,2.8307,-53.684
-57.58,3.0147,-51.339
-57.539,3.1777,-49.114
-57.484,3.3301,-46.991
-57.43,3.43,-44.944
-57.375,3.5201,-42.947
-57.329,3.5834,-41.019
-57.293,3.6619,-39.121
-57.384,3.6996,-37.55
-57.453,3.8049,-35.883
-57.499,3.9563,-34.137
-57.524,4.1298,-32.317
-57.513,4.3245,-30.387
-57.488,4.5587,-28.359
-57.413,4.8272,-26.182
-57.27,5.1368,-23.854
-57.14,5.212,-22.336
-56.994,5.3076,-20.768
-56.836,5.3885,-19.155
-56.664,5.4485,-17.525
-56.485,5.4991,-15.883
-56.306,5.5386,-14.225
-56.133,5.5779,-12.566
-55.962,5.6158,-10.904
-55.781,5.8063,-8.9351
-55.578,5.9398,-6.9311
-55.368,6.043,-4.8964
-55.142,6.1005,-2.8435
-54.921,6.1441,-0.8174
-54.704,6.1272,1.1895
-54.496,6.0779,3.1672
-54.306,5.9879,5.1123
-54.145,6.0348,6.9608
-53.979,6.1045,8.8894
-53.798,6.1471,10.911
-53.603,6.1798,13.028
-53.42,6.1975,15.18
-53.259,6.1697,17.314
-53.133,6.1015,19.362
-53.042,5.9947,21.291
-53.205,5.8726,22.359
-53.373,5.8124,23.542
-53.53,5.7798,24.861
-53.674,5.7764,26.219
-53.806,5.7682,27.661
-53.93,5.7582,29.143
-54.044,5.7276,30.598
-54.15,5.6893,32.018
-54.106,5.5638,32.925
-54.075,5.4445,33.837
-54.068,5.3492,34.73
-54.078,5.2522,35.62
-54.095,5.1649,36.535
-54.119,5.0832,37.479
-54.147,5.0195,38.439
-54.181,4.9608,39.401
-54.217,4.8814,40.367
-54.268,4.7861,41.302
-54.337,4.6707,42.209
-54.419,4.5463,43.117
-54.507,4.4341,44.071
-54.588,4.3337,45.085
-54.674,4.2303,46.127
-54.765,4.111,47.154
-54.821,4.1375,47.575
-54.871,4.1859,47.913
-54.903,4.2566,48.198
-54.916,4.3399,48.449
-54.905,4.3995,48.669
-54.894,4.4963,48.848
-54.871,4.5991,49.011
-54.835,4.7206,49.19
-54.913,4.8154,49.263
-54.978,4.8687,49.333
-55.041,4.9332,49.394
-55.11,4.9977,49.417
-55.186,5.0484,49.396
-55.275,5.1002,49.316
-55.379,5.132,49.172
-55.488,5.145,48.954
-55.654,5.1689,47.986
-55.842,5.214,46.906
-56.044,5.251,45.713
-56.253,5.3121,44.442
-56.451,5.4052,43.133
-56.66,5.5032,41.785
-56.859,5.6105,40.429
-57.057,5.7222,39.065
-57.377,5.9822,37.026
-57.729,6.2314,34.926
-58.103,6.4698,32.653
-58.506,6.6885,30.246
-58.934,6.8771,27.717
-59.369,7.0146,25.095
-59.81,7.1549,22.427
-60.256,7.2903,19.75
-60.581,7.5469,17.772
-60.915,7.7459,15.779
-61.244,7.9159,13.784
-61.568,8.0632,11.782
-61.894,8.193,9.7595
-62.209,8.276,7.7047
-62.506,8.3103,5.6479
-62.782,8.2991,3.584
-62.99,7.9993,2.119
-63.204,7.7383,0.70326
-63.42,7.4967,-0.66529
-63.627,7.2767,-1.9616
-63.816,7.0633,-3.1982
-63.991,6.8786,-4.3972
-64.149,6.7246,-5.5778
-64.283,6.5714,-6.7294
-64.121,6.2138,-7.8868
-63.94,5.9081,-9.0652
-63.741,5.6521,-10.23
-63.542,5.4413,-11.364
-63.371,5.2523,-12.486
-63.228,5.0924,-13.584
-63.091,4.9794,-14.673
-62.978,4.862,-15.747
-62.993,4.8363,-16.81
-63.01,4.8108,-17.886
-63.021,4.7928,-18.977
-63.028,4.7813,-20.066
-63.041,4.7375,-21.181
-63.066,4.6774,-22.338
-63.109,4.5978,-23.5
-63.178,4.4978,-24.664
-63.463,4.5465,-25.423
-63.761,4.6226,-26.227
-64.057,4.701,-27.074
-64.349,4.7605,-27.967
-64.605,4.8561,-28.89
-64.825,4.9604,-29.845
-65.004,5.0616,-30.794
-65.148,5.177,-31.77
-65.065,5.121,-32.866
-64.987,5.0592,-33.941
-64.925,5.0076,-34.972
-64.881,4.9502,-35.93
-64.854,4.93,-36.814
-64.848,4.918,-37.626
-64.852,4.9284,-38.421
-64.869,4.941,-39.161
-64.752,4.8259,-39.825
-64.608,4.6889,-40.565
-64.426,4.5242,-41.333
-64.212,4.3465,-42.131
-63.978,4.1549,-42.953
-63.708,3.9567,-43.806
-63.402,3.7562,-44.684
-63.073,3.5434,-45.564
-62.801,3.27,-46.339
-62.545,3.0523,-47.04
-62.315,2.8753,-47.638
-62.126,2.7674,-48.161
-62.002,2.6888,-48.63
-61.934,2.6268,-49.097
-61.884,2.5904,-49.58
-61.869,2.5442,-50.073
-61.904,2.4281,-50.533
-61.93,2.2826,-50.983
-61.946,2.1169,-51.412
-61.959,1.9434,-51.825
-61.978,1.7729,-52.207
-62.004,1.603,-52.57
-62.019,1.4472,-52.883
-62.022,1.2495,-53.109
-62.063,1.1899,-52.539
-62.102,1.1434,-51.923
-62.145,1.1118,-51.278
-62.183,1.1164,-50.633
-62.211,1.1384,-49.938
-62.238,1.1423,-49.251
-62.257,1.1538,-48.569
-62.264,1.1661,-47.901
-62.269,1.2305,-46.894
-62.271,1.304,-45.824
-62.263,1.386,-44.649
-62.252,1.5004,-43.335
-62.245,1.6193,-41.895
-62.268,1.7748,-40.423
-62.335,1.9421,-38.917
-62.433,2.1709,-37.42
-62.446,2.3972,-35.614
-62.446,2.6066,-33.787
-62.447,2.7995,-31.977
-62.444,2.9869,-30.202
-62.442,3.1601,-28.491
-62.452,3.2961,-26.851
-62.463,3.4142,-25.273
-62.475,3.4992,-23.714
-62.462,3.5807,-21.872
-62.438,3.6859,-19.974
-62.394,3.7791,-18.055
-62.338,3.8604,-16.127
-62.278,3.9324,-14.213
-62.209,3.9955,-12.36
-62.129,4.053,-10.566
-62.042,4.06,-8.8403
-61.889,4.0834,-7.5193
-61.731,4.0987,-6.1846
-61.566,4.1373,-4.8523
-61.403,4.1832,-3.5614
-61.251,4.2439,-2.3008
-61.117,4.3235,-1.087
-60.998,4.4266,0.083771
-60.905,4.5399,1.206
-60.992,4.663,2.1922
-61.084,4.7784,3.1552
-61.186,4.8505,4.0948
-61.294,4.9185,4.9762
-61.41,4.9723,5.8021
-61.541,5.0345,6.5781
-61.676,5.0859,7.3204
-61.815,5.1445,8.0478
-61.977,5.3638,8.8743
-62.129,5.5882,9.7269
-62.269,5.8147,10.604
-62.396,6.0429,11.477
-62.52,6.2725,12.318
-62.641,6.5072,13.166
-62.761,6.755,14.001
-62.863,6.9965,14.858
-62.913,7.091,15.356
-62.965,7.1366,15.838
-63.03,7.1705,16.304
-63.113,7.1807,16.735
-63.216,7.1949,17.152
-63.333,7.2221,17.547
-63.46,7.2665,17.933
-63.577,7.2997,18.299
-63.677,7.2764,18.332
-63.773,7.2497,18.342
-63.854,7.2025,18.355
-63.926,7.1507,18.377
-64.002,7.1046,18.385
-64.079,7.0642,18.374
-64.151,7.0012,18.354
-64.222,6.9252,18.297
-64.351,6.821,18.106
-64.499,6.7491,17.901
-64.651,6.6719,17.689
-64.802,6.6039,17.457
-64.953,6.5432,17.216
-65.103,6.4961,16.958
-65.246,6.4377,16.67
-65.388,6.3979,16.368
-65.497,6.4626,16.063
-65.599,6.5062,15.737
-65.695,6.5449,15.42
-65.795,6.5998,15.098
-65.885,6.6522,14.782
-65.97,6.7063,14.492
-66.042,6.7607,14.226
-66.106,6.8167,13.972
-66.181,6.8337,13.821
-66.254,6.82,13.676
-66.341,6.8065,13.518
-66.427,6.7733,13.384
-66.516,6.7551,13.276
-66.603,6.7413,13.206
-66.694,6.7361,13.157
-66.788,6.7394,13.15
-66.897,6.7484,13.089
-67.007,6.7717,13.008
-67.115,6.8048,12.914
-67.217,6.8325,12.805
-67.32,6.8722,12.693
-67.417,6.904,12.571
-67.504,6.9307,12.453
-67.583,6.9685,12.344
-67.642,6.977,12.24
-67.703,6.9907,12.153
-67.76,7.0037,12.082
-67.813,7.0191,12.008
-67.877,7.0383,11.921
-67.947,7.0496,11.834
-68.021,7.0591,11.736
-68.102,7.0691,11.645
-68.202,7.0813,11.608
-68.302,7.1025,11.561
-68.407,7.1132,11.497
-68.512,7.1219,11.421
-68.622,7.1275,11.34
-68.739,7.1389,11.237
-68.852,7.151,11.146
-68.966,7.1659,11.076
-69.046,7.2219,11.008
-69.134,7.2851,10.925
-69.232,7.3519,10.815
-69.328,7.4207,10.722
-69.425,7.4748,10.604
-69.523,7.5268,10.485
-69.622,7.5651,10.36
-69.718,7.6074,10.247
-69.783,7.6115,10.213
-69.847,7.614,10.171
-69.912,7.6105,10.119
-69.973,7.5858,10.065
-70.036,7.5617,10.004
-70.1,7.5483,9.9588
-70.157,7.5215,9.926
-70.224,7.5151,9.9032
-70.301,7.5226,9.8356
-70.377,7.538,9.7655
-70.472,7.5481,9.684
-70.543,7.5634,9.5977
-70.616,7.5848,9.5119
-70.684,7.586,9.4254
-70.758,7.5929,9.3369
-70.833,7.5981,9.2593
-70.902,7.5934,9.2268
-70.972,7.5954,9.1805
-71.038,7.5931,9.1225
-71.104,7.5856,9.0564
-71.167,7.5775,8.9848
-71.23,7.5794,8.9058
-71.288,7.5764,8.8474
-71.353,7.5867,8.7911
-71.446,7.5868,8.7429
-71.542,7.6023,8.6994
-71.632,7.6088,8.6542
-71.723,7.6148,8.61
-71.816,7.6365,8.5606
-71.9,7.6688,8.5137
-71.981,7.7165,8.4732
-72.045,7.7548,8.4319
-72.072,7.9075,8.2224
-72.097,8.0557,8.0078
-72.114,8.2385,7.7928
-72.137,8.442,7.5495
-72.152,8.6742,7.3135
-72.175,8.9149,7.0752
-72.202,9.1816,6.8348
-72.225,9.4607,6.6082
-72.282,9.8719,6.3919
-72.339,10.293,6.1688
-72.394,10.73,5.9318
-72.449,11.165,5.6779
-72.501,11.616,5.4129
-72.547,12.078,5.1392
-72.587,12.552,4.8514
-72.613,13.046,4.5623
-72.516,13.733,4.4193
-72.423,14.4,4.2692
-72.335,15.078,4.0899
-72.228,15.753,3.8886
-72.118,16.429,3.6586
-72,17.116,3.3994
-71.88,17.796,3.1374
-71.75,18.473,2.8728
